{
  "resourceType": "StructureMap",
  "id": "4",
  "status": "draft",
  "meta": {
    "versionId": "1",
    "lastUpdated": "2022-01-13T11:23:18.359+00:00"
  },
  "text": {
    "status": "generated",
    "div": "<div xmlns=\"http://www.w3.org/1999/xhtml\"><pre>map &quot;http://fhir.nhs.uk/StructureMap/MedicationStatusReason-Extension-3to4&quot; = &quot;R3 to R4 conversion for CareConnect MedicationStatusReason extension&quot;\r\n\r\n\r\nuses &quot;http://hl7.org/fhir/StructureDefinition/MedicationRequest&quot; alias MedicationRequest as source\r\nuses &quot;http://hl7.org/fhir/StructureDefinition/MedicationRequest&quot; alias MedicationRequest as target\r\n\r\ngroup MedicationRequest(source src : MedicationRequest, target tgt : MedicationRequest) {\r\n  src.extension as ext where $this.url = 'https://fhir.nhs.uk/STU3/StructureDefinition/Extension-CareConnect-MedicationStatusReason-1' -&gt; tgt.statusReason as vt then {\r\n    ext.extension as vs where $this.url = 'statusReason' -&gt; tgt.statusReason as vt1 then {\r\n      vs.value : CodeableConcept as vs1 -&gt; tgt.statusReason as vt2 then CodeableConceptStatusReason(vs1, vt2);\r\n    };\r\n  };\r\n}\r\n\r\ngroup CodeableConceptStatusReason(source src : CodeableConcept, target tgt : CodeableConcept) {\r\n  // src.coding -&gt; tgt.coding; the short form is only woking when you have a &lt;&lt;type&gt;&gt;\r\n  src.coding -&gt; tgt.coding;\r\n  src.text as text -&gt; tgt.text = text;\r\n}\r\n\r\ngroup Coding(source src : Coding, target tgt : Coding) &lt;&lt;type+&gt;&gt; {\r\n  src.system as system -&gt; tgt.system = system;\r\n  src.version as version -&gt; tgt.version = version;\r\n  src.code as code -&gt; tgt.code = code;\r\n  src.display as display -&gt; tgt.display = display;\r\n  src.userSelected as userSelected -&gt; tgt.userSelected = userSelected;\r\n}\r\n\r\n</pre></div>"
  },
  "url": "http://fhir.nhs.uk/StructureMap/MedicationStatusReason-Extension-3to4",
  "name": "R3toR4conversionforCareConnectMedicationStatusReasonextension",
  "structure": [ {
    "url": "http://hl7.org/fhir/StructureDefinition/MedicationRequest",
    "mode": "source",
    "alias": "MedicationRequest"
  }, {
    "url": "http://hl7.org/fhir/StructureDefinition/MedicationRequest",
    "mode": "target",
    "alias": "MedicationRequest"
  } ],
  "group": [ {
    "name": "MedicationRequest",
    "typeMode": "none",
    "input": [ {
      "name": "src",
      "type": "MedicationRequest",
      "mode": "source"
    }, {
      "name": "tgt",
      "type": "MedicationRequest",
      "mode": "target"
    } ],
    "rule": [ {
      "name": "extension",
      "source": [ {
        "context": "src",
        "element": "extension",
        "variable": "ext",
        "condition": "$this.url = 'https://fhir.nhs.uk/STU3/StructureDefinition/Extension-CareConnect-MedicationStatusReason-1'"
      } ],
      "target": [ {
        "context": "tgt",
        "contextType": "variable",
        "element": "statusReason",
        "variable": "vt"
      } ],
      "rule": [ {
        "name": "extension",
        "source": [ {
          "context": "ext",
          "element": "extension",
          "variable": "vs",
          "condition": "$this.url = 'statusReason'"
        } ],
        "target": [ {
          "context": "tgt",
          "contextType": "variable",
          "element": "statusReason",
          "variable": "vt1"
        } ],
        "rule": [ {
          "name": "value-CodeableConcept",
          "source": [ {
            "context": "vs",
            "type": "CodeableConcept",
            "element": "value",
            "variable": "vs1"
          } ],
          "target": [ {
            "context": "tgt",
            "contextType": "variable",
            "element": "statusReason",
            "variable": "vt2"
          } ],
          "dependent": [ {
            "name": "CodeableConceptStatusReason",
            "variable": [ "vs1", "vt2" ]
          } ]
        } ]
      } ]
    } ]
  }, {
    "name": "CodeableConceptStatusReason",
    "typeMode": "none",
    "input": [ {
      "name": "src",
      "type": "CodeableConcept",
      "mode": "source"
    }, {
      "name": "tgt",
      "type": "CodeableConcept",
      "mode": "target"
    } ],
    "rule": [ {
      "name": "coding",
      "source": [ {
        "context": "src",
        "element": "coding",
        "variable": "vvv"
      } ],
      "target": [ {
        "context": "tgt",
        "contextType": "variable",
        "element": "coding",
        "variable": "vvv",
        "transform": "create"
      } ],
      "documentation": "src.coding -> tgt.coding; the short form is only woking when you have a <<type>>"
    }, {
      "name": "text",
      "source": [ {
        "context": "src",
        "element": "text",
        "variable": "text"
      } ],
      "target": [ {
        "context": "tgt",
        "contextType": "variable",
        "element": "text",
        "transform": "copy",
        "parameter": [ {
          "valueId": "text"
        } ]
      } ]
    } ]
  }, {
    "name": "Coding",
    "typeMode": "type-and-types",
    "input": [ {
      "name": "src",
      "type": "Coding",
      "mode": "source"
    }, {
      "name": "tgt",
      "type": "Coding",
      "mode": "target"
    } ],
    "rule": [ {
      "name": "system",
      "source": [ {
        "context": "src",
        "element": "system",
        "variable": "system"
      } ],
      "target": [ {
        "context": "tgt",
        "contextType": "variable",
        "element": "system",
        "transform": "copy",
        "parameter": [ {
          "valueId": "system"
        } ]
      } ]
    }, {
      "name": "version",
      "source": [ {
        "context": "src",
        "element": "version",
        "variable": "version"
      } ],
      "target": [ {
        "context": "tgt",
        "contextType": "variable",
        "element": "version",
        "transform": "copy",
        "parameter": [ {
          "valueId": "version"
        } ]
      } ]
    }, {
      "name": "code",
      "source": [ {
        "context": "src",
        "element": "code",
        "variable": "code"
      } ],
      "target": [ {
        "context": "tgt",
        "contextType": "variable",
        "element": "code",
        "transform": "copy",
        "parameter": [ {
          "valueId": "code"
        } ]
      } ]
    }, {
      "name": "display",
      "source": [ {
        "context": "src",
        "element": "display",
        "variable": "display"
      } ],
      "target": [ {
        "context": "tgt",
        "contextType": "variable",
        "element": "display",
        "transform": "copy",
        "parameter": [ {
          "valueId": "display"
        } ]
      } ]
    }, {
      "name": "userSelected",
      "source": [ {
        "context": "src",
        "element": "userSelected",
        "variable": "userSelected"
      } ],
      "target": [ {
        "context": "tgt",
        "contextType": "variable",
        "element": "userSelected",
        "transform": "copy",
        "parameter": [ {
          "valueId": "userSelected"
        } ]
      } ]
    } ]
  } ]
}
