<CodeSystem xmlns="http://hl7.org/fhir">
    <id value="England-ERSSpecialty" />
    <url value="https://fhir.nhs.uk/CodeSystem/England-ERSSpecialty" />
    <version value="1.0.0" />
    <name value="EnglandERSSpecialty" />
    <title value="England ERS Specialty" />
    <status value="draft" />
    <publisher value="NHS England" />
    <date value="2023-06-01" />
    <contact>
        <name value="NHS England" />
        <telecom>
            <system value="email" />
            <value value="interoperabilityteam@nhs.net" />
            <use value="work" />
            <rank value="1" />
        </telecom>
    </contact>
    <description value="Codesystem to desribe ERS Specialty" />
    <copyright value="&quot;Copyright © 2021+ HL7 UK Licensed under the Apache License, Version 2.0 (the \&quot;License\&quot;); you may not use this file except in compliance with the License. You may obtain a copy of the License at  http://www.apache.org/licenses/LICENSE-2.0 Unless required by applicable law or agreed to in writing, software distributed under the License is distributed on an \&quot;AS IS\&quot; BASIS, WITHOUT WARRANTIES OR CONDITIONS OF ANY KIND, either express or implied. See the License for the specific language governing permissions and limitations under the License. HL7® FHIR® standard Copyright © 2011+ HL7 The HL7® FHIR® standard is used under the FHIR license. You may obtain a copy of the FHIR license at  https://www.hl7.org/fhir/license.html.&quot;," />
    <caseSensitive value="true" />
    <content value="example" />
    <concept>
        <code value="SURGERY_NOT_OTHERWISE_SPECIFIED" />
        <display value="Surgery - Not Otherwise Specified" />
    </concept>
    <concept>
        <code value="UROLOGY" />
        <display value="Urology" />
    </concept>
    <concept>
        <code value="TRANSPLANTATION_SURGERY" />
        <display value="Transplantation Surgery" />
    </concept>
    <concept>
        <code value="SURGERY_BREAST" />
        <display value="Surgery - Breast" />
    </concept>
    <concept>
        <code value="SURGERY_COLORECTAL" />
        <display value="Surgery - Colorectal" />
    </concept>
    <concept>
        <code value="HEPATOBILIARY_AND_PANCREATIC_SURGERY" />
        <display value="Hepatobiliary and Pancreatic Surgery" />
    </concept>
    <concept>
        <code value="SURGERY_UPPER_GI" />
        <display value="Surgery - Upper GI" />
    </concept>
    <concept>
        <code value="SURGERY_VASCULAR" />
        <display value="Surgery - Vascular" />
    </concept>
    <concept>
        <code value="ORTHOPAEDICS" />
        <display value="Orthopaedics" />
    </concept>
    <concept>
        <code value="EAR_NOSE_THROAT" />
        <display value="Ear, Nose &amp; Throat" />
    </concept>
    <concept>
        <code value="OPHTHALMOLOGY" />
        <display value="Ophthalmology" />
    </concept>
    <concept>
        <code value="ORAL_SURGERY" />
        <display value="Oral Surgery" />
    </concept>
    <concept>
        <code value="DENTISTRY_AND_ORTHODONTICS" />
        <display value="Dentistry and Orthodontics" />
    </concept>
    <concept>
        <code value="PAEDIATRIC_DENTISTRY" />
        <display value="Paediatric Dentistry" />
    </concept>
    <concept>
        <code value="ORTHODONTICS" />
        <display value="Orthodontics" />
    </concept>
    <concept>
        <code value="ORAL_AND_MAXILLOFACIAL_SURGERY" />
        <display value="Oral and Maxillofacial Surgery" />
    </concept>
    <concept>
        <code value="NEUROSURGERY" />
        <display value="Neurosurgery" />
    </concept>
    <concept>
        <code value="SURGERY_PLASTIC" />
        <display value="Surgery - Plastic" />
    </concept>
    <concept>
        <code value="BURNS_CARE" />
        <display value="Burns Care" />
    </concept>
    <concept>
        <code value="SURGERY_CARDIOTHORACIC" />
        <display value="Surgery - Cardiothoracic" />
    </concept>
    <concept>
        <code value="PAEDIATRIC_SURGERY" />
        <display value="Paediatric Surgery" />
    </concept>
    <concept>
        <code value="SURGERY_CARDIAC" />
        <display value="Surgery - Cardiac" />
    </concept>
    <concept>
        <code value="THORACIC_SURGERY" />
        <display value="Thoracic Surgery" />
    </concept>
    <concept>
        <code value="PAIN_MANAGEMENT" />
        <display value="Pain Management" />
    </concept>
    <concept>
        <code value="GENERAL_MEDICINE" />
        <display value="General Medicine" />
    </concept>
    <concept>
        <code value="GI_AND_LIVER_MEDICINE_AND_SURGERY" />
        <display value="GI and Liver (Medicine and Surgery)" />
    </concept>
    <concept>
        <code value="ENDOCRINOLOGY_AND_METABOLIC_MEDICINE" />
        <display value="Endocrinology and Metabolic Medicine" />
    </concept>
    <concept>
        <code value="HAEMATOLOGY" />
        <display value="Haematology" />
    </concept>
    <concept>
        <code value="CLINICAL_PHYSIOLOGY" />
        <display value="Clinical Physiology" />
    </concept>
    <concept>
        <code value="CLINICAL_PHARMACOLOGY" />
        <display value="Clinical Pharmacology" />
    </concept>
    <concept>
        <code value="HEPATOLOGY" />
        <display value="Hepatology" />
    </concept>
    <concept>
        <code value="DIABETIC_MEDICINE" />
        <display value="Diabetic Medicine" />
    </concept>
    <concept>
        <code value="BONE_AND_MARROW_TRANSPLANTATION" />
        <display value="Bone and Marrow Transplantation" />
    </concept>
    <concept>
        <code value="HAEMOPHILIA" />
        <display value="Haemophilia" />
    </concept>
    <concept>
        <code value="AUDIOLOGICAL_MEDICINE" />
        <display value="Audiological Medicine" />
    </concept>
    <concept>
        <code value="GENETICS" />
        <display value="Genetics" />
    </concept>
    <concept>
        <code value="CLINICAL_IMMUNOLOGY_AND_ALLERGY" />
        <display value="Clinical Immunology and Allergy" />
    </concept>
    <concept>
        <code value="REHABILITATION" />
        <display value="Rehabilitation" />
    </concept>
    <concept>
        <code value="PALLIATIVE_MEDICINE" />
        <display value="Palliative Medicine" />
    </concept>
    <concept>
        <code value="IMMUNOLOGY" />
        <display value="Immunology" />
    </concept>
    <concept>
        <code value="ALLERGY" />
        <display value="Allergy" />
    </concept>
    <concept>
        <code value="CARDIOLOGY" />
        <display value="Cardiology" />
    </concept>
    <concept>
        <code value="PAEDIATRIC_CARDIOLOGY" />
        <display value="Paediatric Cardiology" />
    </concept>
    <concept>
        <code value="CLINICAL_MICROBIOLOGY" />
        <display value="Clinical Microbiology" />
    </concept>
    <concept>
        <code value="SPORTS_AND_EXERCISE_MEDICINE" />
        <display value="Sports and Exercise Medicine" />
    </concept>
    <concept>
        <code value="DERMATOLOGY" />
        <display value="Dermatology" />
    </concept>
    <concept>
        <code value="RESPIRATORY_MEDICINE" />
        <display value="Respiratory Medicine" />
    </concept>
    <concept>
        <code value="SLEEP_MEDICINE" />
        <display value="Sleep Medicine" />
    </concept>
    <concept>
        <code value="INFECTIOUS_DISEASES" />
        <display value="Infectious Diseases" />
    </concept>
    <concept>
        <code value="TROPICAL_MEDICINE" />
        <display value="Tropical Medicine" />
    </concept>
    <concept>
        <code value="GENITO_URINARY_MEDICINE" />
        <display value="Genito-Urinary Medicine" />
    </concept>
    <concept>
        <code value="NEPHROLOGY" />
        <display value="Nephrology" />
    </concept>
    <concept>
        <code value="MEDICAL_ONCOLOGY" />
        <display value="Medical Oncology" />
    </concept>
    <concept>
        <code value="NEUROLOGY" />
        <display value="Neurology" />
    </concept>
    <concept>
        <code value="RHEUMATOLOGY" />
        <display value="Rheumatology" />
    </concept>
    <concept>
        <code value="CHILDRENS_ADOLESCENT_SERVICES" />
        <display value="Childrens &amp; Adolescent Services" />
    </concept>
    <concept>
        <code value="PAEDIATRIC_NEUROLOGY" />
        <display value="Paediatric Neurology" />
    </concept>
    <concept>
        <code value="NEONATOLOGY" />
        <display value="Neonatology" />
    </concept>
    <concept>
        <code value="WELL_BABIES" />
        <display value="Well Babies" />
    </concept>
    <concept>
        <code value="GERIATRIC_MEDICINE" />
        <display value="Geriatric Medicine" />
    </concept>
    <concept>
        <code value="DENTAL_MEDICINE_SPECIALTIES" />
        <display value="Dental Medicine Specialties" />
    </concept>
    <concept>
        <code value="MEDICAL_OPHTHALMOLOGY" />
        <display value="Medical Ophthalmology" />
    </concept>
    <concept>
        <code value="OBSTETRICS" />
        <display value="Obstetrics" />
    </concept>
    <concept>
        <code value="GYNAECOLOGY" />
        <display value="Gynaecology" />
    </concept>
    <concept>
        <code value="GYNAECOLOGICAL_ONCOLOGY" />
        <display value="Gynaecological Oncology" />
    </concept>
    <concept>
        <code value="OCCUPATIONAL_THERAPY" />
        <display value="Occupational Therapy" />
    </concept>
    <concept>
        <code value="SPEECH_AND_LANGUAGE_THERAPY" />
        <display value="Speech and Language Therapy" />
    </concept>
    <concept>
        <code value="LEARNING_DISABILITIES" />
        <display value="Learning Disabilities" />
    </concept>
    <concept>
        <code value="ADULT_MENTAL_ILLNESS" />
        <display value="Adult Mental Illness" />
    </concept>
    <concept>
        <code value="CHILD_AND_ADOLESCENT_PSYCHIATRY" />
        <display value="Child and Adolescent Psychiatry" />
    </concept>
    <concept>
        <code value="FORENSIC_PSYCHIATRY" />
        <display value="Forensic Psychiatry" />
    </concept>
    <concept>
        <code value="PSYCHOTHERAPY" />
        <display value="Psychotherapy" />
    </concept>
    <concept>
        <code value="OLD_AGE_PSYCHIATRY" />
        <display value="Old Age Psychiatry" />
    </concept>
    <concept>
        <code value="CLINICAL_ONCOLOGY" />
        <display value="Clinical Oncology" />
    </concept>
    <concept>
        <code value="RADIOLOGY" />
        <display value="Radiology" />
    </concept>
    <concept>
        <code value="INTERVENTIONAL_RADIOLOGY_2" />
        <display value="Interventional Radiology" />
    </concept>
    <concept>
        <code value="DIAGNOSTIC_IMAGING" />
        <display value="Diagnostic Imaging" />
    </concept>
    <concept>
        <code value="CHEMICAL_PATHOLOGY" />
        <display value="Chemical Pathology" />
    </concept>
    <concept>
        <code value="2WW" />
        <display value="2WW" />
    </concept>
    <concept>
        <code value="MENTAL_HEALTH_ADULTS_OF_ALL_AGES" />
        <display value="Mental Health - Adults of all ages" />
    </concept>
    <concept>
        <code value="MENTAL_HEALTH_CHILD_AND_ADOLESCENT" />
        <display value="Mental Health - Child and Adolescent" />
    </concept>
    <concept>
        <code value="DIAGNOSTIC_PHYSIOLOGICAL_MEASUREMENT" />
        <display value="Diagnostic Physiological Measurement" />
    </concept>
    <concept>
        <code value="DIAGNOSTIC_ENDOSCOPY" />
        <display value="Diagnostic Endoscopy" />
    </concept>
    <concept>
        <code value="PODIATRY" />
        <display value="Podiatry" />
    </concept>
    <concept>
        <code value="DIETETICS" />
        <display value="Dietetics" />
    </concept>
    <concept>
        <code value="HEALTH_PROMOTION" />
        <display value="Health Promotion" />
    </concept>
    <concept>
        <code value="PHYSIOTHERAPY" />
        <display value="Physiotherapy" />
    </concept>
    <concept>
        <code value="DIAGNOSTIC_PATHOLOGY" />
        <display value="Diagnostic Pathology" />
    </concept>
    <concept>
        <code value="ORTHOTICS_AND_PROSTHETICS" />
        <display value="Orthotics and Prosthetics" />
    </concept>
    <concept>
        <code value="COMPLEMENTARY_MEDICINE" />
        <display value="Complementary Medicine" />
    </concept>
    <concept>
        <code value="INTERVENTIONAL_RADIOLOGY_1" />
        <display value="Interventional Radiology" />
    </concept>
</CodeSystem>