<CodeSystem xmlns="http://hl7.org/fhir">
    <id value="England-ERSReferralState" />
    <url value="https://fhir.nhs.uk/CodeSystem/England-ERSReferralState" />
    <name value="EnglandERSReferralState" />
    <title value="England ERS Referral State" />
    <status value="draft" />
    <date value="2023-06-01" />
    <publisher value="NHS England" />
    <contact>
        <name value="NHS England" />
        <telecom>
            <system value="email" />
            <value value="interoperabilityteam@nhs.net" />
            <use value="work" />
            <rank value="1" />
        </telecom>
    </contact>
    <description value="A codesystem that identifies the status of a request in referral service" />
    <copyright value="&quot;Copyright © 2021+ HL7 UK Licensed under the Apache License, Version 2.0 (the \&quot;License\&quot;); you may not use this file except in compliance with the License. You may obtain a copy of the License at  http://www.apache.org/licenses/LICENSE-2.0 Unless required by applicable law or agreed to in writing, software distributed under the License is distributed on an \&quot;AS IS\&quot; BASIS, WITHOUT WARRANTIES OR CONDITIONS OF ANY KIND, either express or implied. See the License for the specific language governing permissions and limitations under the License. HL7® FHIR® standard Copyright © 2011+ HL7 The HL7® FHIR® standard is used under the FHIR license. You may obtain a copy of the FHIR license at  https://www.hl7.org/fhir/license.html.&quot;," />
    <content value="fragment" />
    <concept>
        <code value="BOOKED" />
        <display value="The referral has a current state of booked" />
    </concept>
    <concept>
        <code value="NOT_BOOKED" />
        <display value="The referral is currently not booked, there is currently no planned patient encounter" />
    </concept>
    <concept>
        <code value="APPOINTMENT_CANCELLED_BY_PATIENT" />
        <display value="The referrals most recent appointment was cancelled at the request of, or directly by, a patient" />
    </concept>
    <concept>
        <code value="APPOINTMENT_CANCELLED_BY_PROVIDER" />
        <display value="The referrals most recent appointment was cancelled by the service provider" />
    </concept>
    <concept>
        <code value="CARL" />
        <display value="The referrals most recent appointment was cancelled by the service provider with instructions for their admin team to progress, the referral is awaiting rebooking" />
    </concept>
    <concept>
        <code value="REJECTED" />
        <display value="The referral was rejected by a provider at their service" />
    </concept>
    <concept>
        <code value="TRIAGE_RESPONSE" />
        <display value="A service has passed the referral back to the referrer, with advice" />
    </concept>
    <concept>
        <code value="AWAITING_TRIAGE" />
        <display value="The triage referral is currently pending review with a service provider" />
    </concept>
    <concept>
        <code value="DEFER_TO_PROVIDER" />
        <display value="The service provider will arrange the patient’s appointment" />
    </concept>
    <concept>
        <code value="ARBL" />
        <display value="The service provider has reviewed the referral and has requested their admin team to  either book an appointment or redirect the referral into an appropriate service" />
    </concept>
    <concept>
        <code value="CARBL_OR_ARL" />
        <display value="The service provider has reviewed the referral, cancelled the appointment and requested their admin team to either rebook an appointment or to redirect the referral into an appropriate service" />
    </concept>
    <concept>
        <code value="DID_NOT_ATTEND" />
        <display value="The patient did not attend." />
    </concept>
    <concept>
        <code value="ASSESSMENT_RESULT" />
    </concept>
    <concept>
        <code value="CANCELLED_REFERRAL" />
    </concept>
    <concept>
        <code value="INCOMPLETE" />
    </concept>
</CodeSystem>