<?xml version="1.0" encoding="UTF-8"?>
<CodeSystem xmlns="http://hl7.org/fhir">
    <id value="England-BARSMessageServiceRequestCode"/>
    <url value="https://fhir.nhs.uk/CodeSystem/England-BARSMessageServiceRequestCode"/>
    <identifier>
        <system value="https://fhir.nhs.uk/identifier/CodeSystem"/>
        <value value="England-BARSMessageServiceRequestCode"/>
    </identifier>
    <version value="1.0.0"/>
    <name value="EnglandBARSMessageServiceRequestCode"/>
    <title value="England BARS Message ServiceRequest Code"/>
    <status value="draft"/>
    <date value="2023-06-01"/>
    <publisher value="NHS England"/>
    <contact>
        <name value="NHS England" />
        <telecom>
            <system value="email" />
            <value value="interoperabilityteam@nhs.net" />
            <use value="work" />
            <rank value="1" />
        </telecom>
    </contact>
    <description value="Common messaging categories for BARS ServiceRequests."/>
    <copyright value="Copyright © 2021+ HL7 UK Licensed under the Apache License, Version 2.0 (the \&quot;License\&quot;); you may not use this file except in compliance with the License. You may obtain a copy of the License at  http://www.apache.org/licenses/LICENSE-2.0 Unless required by applicable law or agreed to in writing, software distributed under the License is distributed on an \&quot;AS IS\&quot; BASIS, WITHOUT WARRANTIES OR CONDITIONS OF ANY KIND, either express or implied. See the License for the specific language governing permissions and limitations under the License. HL7® FHIR® standard Copyright © 2011+ HL7 The HL7® FHIR® standard is used under the FHIR license. You may obtain a copy of the FHIR license at  https://www.hl7.org/fhir/license.html." />
    <caseSensitive value="true"/>
    <content value="complete"/>
    <concept>
        <code value="validation" />
        <display value="For Validation" />
        <definition value="A Service Request for Validation"/>
    </concept>
    <concept>
        <code value="referral" />
        <display value="Transfer of Care" />
        <definition value="A Service Request for Transfer of Care"/>
    </concept>
    <concept>
        <code value="request" />
        <display value="Request for service (eg: blood test)" />
        <definition value="A Service Request"/>
    </concept>
</CodeSystem>