<CodeSystem xmlns="http://hl7.org/fhir">
	<id value="England-MedicationDispenseType"/>
	<url value="https://fhir.nhs.uk/CodeSystem/England-MedicationDispenseType"/>
	<identifier>
		<system value="https://fhir.nhs.uk/identifier/CodeSystem"/>
		<value value="medicationdispense-type"/>
	</identifier>
	<version value="1.0.0"/>
	<name value="EnglandMedicationDispenseType"/>
	<title value="England MedicationDispense Type"/>
	<status value="draft"/>
	<experimental value="true"/>
	<date value="2023-06-01"/>
	<publisher value="NHS England"/>
	<contact>
		<name value="NHS England"/>
		<telecom>
			<system value="email"/>
			<value value="interoperabilityteam@nhs.net"/>
			<use value="work"/>
			<rank value="1"/>
		</telecom>
	</contact>
	<description value="MedicationRequest Type. Taken from HL7v3 UK Item Status"/>
	<purpose value="MedicationRequest Type. Taken from HL7v3 UK Item Status"/>
	<copyright value="Copyright © 2021+ HL7 UK Licensed under the Apache License, Version 2.0 (the \&quot;License\&quot;); you may not use this file except in compliance with the License. You may obtain a copy of the License at  http://www.apache.org/licenses/LICENSE-2.0 Unless required by applicable law or agreed to in writing, software distributed under the License is distributed on an \&quot;AS IS\&quot; BASIS, WITHOUT WARRANTIES OR CONDITIONS OF ANY KIND, either express or implied. See the License for the specific language governing permissions and limitations under the License. HL7® FHIR® standard Copyright © 2011+ HL7 The HL7® FHIR® standard is used under the FHIR license. You may obtain a copy of the FHIR license at  https://www.hl7.org/fhir/license.html."/>
	<caseSensitive value="true"/>
	<content value="complete"/>
	<concept>
		<code value="0001"/>
		<display value="Item fully dispensed"/>
	</concept>
	<concept>
		<code value="0002"/>
		<display value="Item not dispensed"/>
	</concept>
	<concept>
		<code value="0003"/>
		<display value="Item dispensed - partial"/>
	</concept>
	<concept>
		<code value="0004"/>
		<display value="Item not dispensed owing"/>
	</concept>
	<concept>
		<code value="0005"/>
		<display value="Item cancelled"/>
	</concept>
	<concept>
		<code value="0006"/>
		<display value="Expired"/>
	</concept>
	<concept>
		<code value="0007"/>
		<display value="Item to be dispensed"/>
	</concept>
	<concept>
		<code value="0008"/>
		<display value="Item with dispenser"/>
	</concept>
</CodeSystem>