<CodeSystem xmlns="http://hl7.org/fhir">
    <id value="England-ERSAppointmentType" />
    <url value="https://fhir.nhs.uk/CodeSystem/England-ERSAppointmentType" />
    <version value="1.0.0" />
    <name value="EnglandERSAppointmentType" />
    <title value="England ERS Appointment Type" />
    <status value="draft" />
    <date value="2023-06-01" />
    <publisher value="NHS England" />
    <contact>
        <name value="NHS England" />
        <telecom>
            <system value="email" />
            <value value="interoperabilityteam@nhs.net" />
            <use value="work" />
			<rank value="1" />
        </telecom>
    </contact>
    <description value="A Code System for eRS Appointment Type" />
	<purpose value="A Code System for eRS Appointment Type" />
    <copyright value="Copyright © 2021+ HL7 UK Licensed under the Apache License, Version 2.0 (the \&quot;License\&quot;); you may not use this file except in compliance with the License. You may obtain a copy of the License at  http://www.apache.org/licenses/LICENSE-2.0 Unless required by applicable law or agreed to in writing, software distributed under the License is distributed on an \&quot;AS IS\&quot; BASIS, WITHOUT WARRANTIES OR CONDITIONS OF ANY KIND, either express or implied. See the License for the specific language governing permissions and limitations under the License. HL7® FHIR® standard Copyright © 2011+ HL7 The HL7® FHIR® standard is used under the FHIR license. You may obtain a copy of the FHIR license at  https://www.hl7.org/fhir/license.html." />
    <caseSensitive value="true" />
    <content value="complete" />
    <concept>
        <code value="DAY_CASE" />
        <display value="Day Case" />
    </concept>
    <concept>
        <code value="FIRST_OUTPATIENT" />
        <display value="First Outpatient" />
    </concept>
    <concept>
        <code value="ASSESSMENT_SERVICE" />
        <display value="Assessment Service" />
    </concept>
    <concept>
        <code value="GPSI" />
        <display value="GPSI" />
    </concept>
    <concept>
        <code value="AHP_CLINIC" />
        <display value="AHP Clinic" />
    </concept>
    <concept>
        <code value="DIAGNOSTIC" />
        <display value="Diagnostic" />
    </concept>
    <concept>
        <code value="NURSE_CLINIC" />
        <display value="Nurse Clinic" />
    </concept>
    <concept>
        <code value="OPHTHALMOLOGIST" />
        <display value="Ophthalmologist" />
    </concept>
    <concept>
        <code value="TELEPHONE_ASSESSMENT" />
        <display value="Telephone/Video" />
    </concept>
</CodeSystem>