<CodeSystem xmlns="http://hl7.org/fhir">
    <id value="England-NHSDataModelAndDictionaryTreatmentFunction" />
    <url value="https://fhir.nhs.uk/CodeSystem/England-NHSDataModelAndDictionaryTreatmentFunction" />
    <version value="1.0.0" />
    <name value="EnglandNHSDataModelAndDictionaryTreatmentFunction" />
    <title value="England NHS Data Model And Dictionary Treatment Function" />
    <status value="draft" />
    <date value="2023-08-16" />
    <publisher value="NHS England" />
    <contact>
        <name value="NHS England" />
        <telecom>
            <system value="email" />
            <value value="interoperabilityteam@nhs.net" />
            <use value="work" />
            <rank value="1" />
        </telecom>
    </contact>
    <description value="A CodeSystem to identify the specialty of the care professional or team. FHIR Version of NHS Data Dictionary Main Specialty Code and HSCIC ITK HL7v2 Table ZU012" />
    <copyright value="Copyright © 2023+ NHS England Licensed under the Apache License, Version 2.0 (the \&quot;License\&quot;); you may not use this file except in compliance with the License. You may obtain a copy of the License at  http://www.apache.org/licenses/LICENSE-2.0 Unless required by applicable law or agreed to in writing, software distributed under the License is distributed on an \&quot;AS IS\&quot; BASIS, WITHOUT WARRANTIES OR CONDITIONS OF ANY KIND, either express or implied. See the License for the specific language governing permissions and limitations under the License. HL7® FHIR® standard Copyright © 2011+ HL7 The HL7® FHIR® standard is used under the FHIR license. You may obtain a copy of the FHIR license at  https://www.hl7.org/fhir/license.html." />
    <caseSensitive value="true" />
    <content value="complete" />
    <concept>
        <code value="100" />
        <display value="GENERAL SURGERY" />
    </concept>
    <concept>
        <code value="101" />
        <display value="UROLOGY" />
    </concept>
    <concept>
        <code value="102" />
        <display value="TRANSPLANTATION SURGERY" />
    </concept>
    <concept>
        <code value="103" />
        <display value="BREAST SURGERY" />
    </concept>
    <concept>
        <code value="104" />
        <display value="COLORECTAL SURGERY" />
    </concept>
    <concept>
        <code value="105" />
        <display value="HEPATOBILIARY AND PANCREATIC SURGERY" />
    </concept>
    <concept>
        <code value="106" />
        <display value="UPPER GASTROINTESTINAL SURGERY" />
    </concept>
    <concept>
        <code value="107" />
        <display value="VASCULAR SURGERY" />
    </concept>
    <concept>
        <code value="108" />
        <display value="SPINAL SURGERY SERVICE" />
    </concept>
    <concept>
        <code value="110" />
        <display value="TRAUMA AND ORTHOPAEDICS" />
    </concept>
    <concept>
        <code value="120" />
        <display value="ENT" />
    </concept>
    <concept>
        <code value="130" />
        <display value="OPHTHALMOLOGY" />
    </concept>
    <concept>
        <code value="140" />
        <display value="ORAL SURGERY" />
    </concept>
    <concept>
        <code value="141" />
        <display value="RESTORATIVE DENTISTRY" />
    </concept>
    <concept>
        <code value="142" />
        <display value="PAEDIATRIC DENTISTRY" />
    </concept>
    <concept>
        <code value="143" />
        <display value="ORTHODONTICS" />
    </concept>
    <concept>
        <code value="144" />
        <display value="MAXILLO-FACIAL SURGERY" />
    </concept>
    <concept>
        <code value="150" />
        <display value="NEUROSURGERY" />
    </concept>
    <concept>
        <code value="160" />
        <display value="PLASTIC SURGERY" />
    </concept>
    <concept>
        <code value="161" />
        <display value="BURNS CARE" />
    </concept>
    <concept>
        <code value="170" />
        <display value="CARDIOTHORACIC SURGERY" />
    </concept>
    <concept>
        <code value="171" />
        <display value="PAEDIATRIC SURGERY" />
    </concept>
    <concept>
        <code value="172" />
        <display value="CARDIAC SURGERY" />
    </concept>
    <concept>
        <code value="173" />
        <display value="THORACIC SURGERY" />
    </concept>
    <concept>
        <code value="174" />
        <display value="CARDIOTHORACIC TRANSPLANTATION" />
    </concept>
    <concept>
        <code value="180" />
        <display value="ACCIDENT AND EMERGENCY" />
    </concept>
    <concept>
        <code value="191" />
        <display value="PAIN MANAGEMENT" />
    </concept>
    <concept>
        <code value="211" />
        <display value="PAEDIATRIC UROLOGY" />
    </concept>
    <concept>
        <code value="212" />
        <display value="PAEDIATRIC TRANSPLANTATION SURGERY" />
    </concept>
    <concept>
        <code value="213" />
        <display value="PAEDIATRIC GASTROINTESTINAL SURGERY" />
    </concept>
    <concept>
        <code value="214" />
        <display value="PAEDIATRIC TRAUMA AND ORTHOPAEDICS" />
    </concept>
    <concept>
        <code value="215" />
        <display value="PAEDIATRIC EAR NOSE AND THROAT" />
    </concept>
    <concept>
        <code value="216" />
        <display value="PAEDIATRIC OPHTHALMOLOGY" />
    </concept>
    <concept>
        <code value="217" />
        <display value="PAEDIATRIC MAXILLO-FACIAL SURGERY" />
    </concept>
    <concept>
        <code value="218" />
        <display value="PAEDIATRIC NEUROSURGERY" />
    </concept>
    <concept>
        <code value="219" />
        <display value="PAEDIATRIC PLASTIC SURGERY" />
    </concept>
    <concept>
        <code value="220" />
        <display value="PAEDIATRIC BURNS CARE" />
    </concept>
    <concept>
        <code value="221" />
        <display value="PAEDIATRIC CARDIAC SURGERY" />
    </concept>
    <concept>
        <code value="222" />
        <display value="PAEDIATRIC THORACIC SURGERY" />
    </concept>
    <concept>
        <code value="223" />
        <display value="PAEDIATRIC EPILEPSY" />
    </concept>
    <concept>
        <code value="241" />
        <display value="PAEDIATRIC PAIN MANAGEMENT" />
    </concept>
    <concept>
        <code value="242" />
        <display value="PAEDIATRIC INTENSIVE CARE" />
    </concept>
    <concept>
        <code value="251" />
        <display value="PAEDIATRIC GASTROENTEROLOGY" />
    </concept>
    <concept>
        <code value="252" />
        <display value="PAEDIATRIC ENDOCRINOLOGY" />
    </concept>
    <concept>
        <code value="253" />
        <display value="PAEDIATRIC CLINICAL HAEMATOLOGY" />
    </concept>
    <concept>
        <code value="254" />
        <display value="PAEDIATRIC AUDIOLOGICAL MEDICINE" />
    </concept>
    <concept>
        <code value="255" />
        <display value="PAEDIATRIC CLINICAL IMMUNOLOGY AND ALLERGY SERVICE" />
    </concept>
    <concept>
        <code value="256" />
        <display value="PAEDIATRIC INFECTIOUS DISEASES" />
    </concept>
    <concept>
        <code value="257" />
        <display value="PAEDIATRIC DERMATOLOGY" />
    </concept>
    <concept>
        <code value="258" />
        <display value="PAEDIATRIC RESPIRATORY MEDICINE" />
    </concept>
    <concept>
        <code value="259" />
        <display value="PAEDIATRIC NEPHROLOGY" />
    </concept>
    <concept>
        <code value="260" />
        <display value="PAEDIATRIC MEDICAL ONCOLOGY" />
    </concept>
    <concept>
        <code value="261" />
        <display value="PAEDIATRIC METABOLIC DISEASE" />
    </concept>
    <concept>
        <code value="262" />
        <display value="PAEDIATRIC RHEUMATOLOGY" />
    </concept>
    <concept>
        <code value="263" />
        <display value="PAEDIATRIC DIABETIC MEDICINE" />
    </concept>
    <concept>
        <code value="264" />
        <display value="PAEDIATRIC CYSTIC FIBROSIS" />
    </concept>
    <concept>
        <code value="280" />
        <display value="PAEDIATRIC INTERVENTIONAL RADIOLOGY" />
    </concept>
    <concept>
        <code value="290" />
        <display value="COMMUNITY PAEDIATRICS" />
    </concept>
    <concept>
        <code value="291" />
        <display value="PAEDIATRIC NEURO-DISABILITY" />
    </concept>
    <concept>
        <code value="190" />
        <display value="ANAESTHETICS" />
    </concept>
    <concept>
        <code value="192" />
        <display value="CRITICAL CARE MEDICINE" />
    </concept>
    <concept>
        <code value="300" />
        <display value="GENERAL MEDICINE" />
    </concept>
    <concept>
        <code value="301" />
        <display value="GASTROENTEROLOGY" />
    </concept>
    <concept>
        <code value="302" />
        <display value="ENDOCRINOLOGY" />
    </concept>
    <concept>
        <code value="303" />
        <display value="CLINICAL HAEMATOLOGY" />
    </concept>
    <concept>
        <code value="304" />
        <display value="CLINICAL PHYSIOLOGY" />
    </concept>
    <concept>
        <code value="305" />
        <display value="CLINICAL PHARMACOLOGY" />
    </concept>
    <concept>
        <code value="306" />
        <display value="HEPATOLOGY" />
    </concept>
    <concept>
        <code value="307" />
        <display value="DIABETIC MEDICINE" />
    </concept>
    <concept>
        <code value="308" />
        <display value="BLOOD AND MARROW TRANSPLANTATION" />
    </concept>
    <concept>
        <code value="309" />
        <display value="HAEMOPHILIA SERVICE" />
    </concept>
    <concept>
        <code value="310" />
        <display value="AUDIOLOGICAL MEDICINE" />
    </concept>
    <concept>
        <code value="311" />
        <display value="CLINICAL GENETICS" />
    </concept>
    <concept>
        <code value="312" />
        <display value="not a Treatment Function" />
    </concept>
    <concept>
        <code value="313" />
        <display value="CLINICAL IMMUNOLOGY and ALLERGY SERVICE" />
    </concept>
    <concept>
        <code value="314" />
        <display value="REHABILITATION SERVICE" />
    </concept>
    <concept>
        <code value="315" />
        <display value="PALLIATIVE MEDICINE" />
    </concept>
    <concept>
        <code value="316" />
        <display value="CLINICAL IMMUNOLOGY" />
    </concept>
    <concept>
        <code value="317" />
        <display value="ALLERGY SERVICE" />
    </concept>
    <concept>
        <code value="318" />
        <display value="INTERMEDIATE CARE" />
    </concept>
    <concept>
        <code value="319" />
        <display value="RESPITE CARE" />
    </concept>
    <concept>
        <code value="320" />
        <display value="CARDIOLOGY" />
    </concept>
    <concept>
        <code value="321" />
        <display value="PAEDIATRIC CARDIOLOGY" />
    </concept>
    <concept>
        <code value="322" />
        <display value="CLINICAL MICROBIOLOGY" />
    </concept>
    <concept>
        <code value="323" />
        <display value="SPINAL INJURIES" />
    </concept>
    <concept>
        <code value="324" />
        <display value="ANTICOAGULANT SERVICE" />
    </concept>
    <concept>
        <code value="325" />
        <display value="SPORT AND EXERCISE MEDICINE" />
    </concept>
    <concept>
        <code value="327" />
        <display value="CARDIAC REHABILITATION" />
    </concept>
    <concept>
        <code value="328" />
        <display value="STROKE MEDICINE" />
    </concept>
    <concept>
        <code value="329" />
        <display value="TRANSIENT ISCHAEMIC ATTACK" />
    </concept>
    <concept>
        <code value="330" />
        <display value="DERMATOLOGY" />
    </concept>
    <concept>
        <code value="331" />
        <display value="CONGENITAL HEART DISEASE SERVICE" />
    </concept>
    <concept>
        <code value="340" />
        <display value="RESPIRATORY MEDICINE" />
    </concept>
    <concept>
        <code value="341" />
        <display value="RESPIRATORY PHYSIOLOGY" />
    </concept>
    <concept>
        <code value="342" />
        <display value="PROGRAMMED PULMONARY REHABILITATION" />
    </concept>
    <concept>
        <code value="343" />
        <display value="ADULT CYSTIC FIBROSIS SERVICE" />
    </concept>
    <concept>
        <code value="344" />
        <display value="COMPLEX SPECIALISED REHABILITATION SERVICE" />
    </concept>
    <concept>
        <code value="345" />
        <display value="SPECIALIST REHABILITATION SERVICE" />
    </concept>
    <concept>
        <code value="346" />
        <display value="LOCAL SPECIALIST REHABILITATION SERVICE" />
    </concept>
    <concept>
        <code value="350" />
        <display value="INFECTIOUS DISEASES" />
    </concept>
    <concept>
        <code value="352" />
        <display value="TROPICAL MEDICINE" />
    </concept>
    <concept>
        <code value="360" />
        <display value="GENITOURINARY MEDICINE" />
    </concept>
    <concept>
        <code value="361" />
        <display value="NEPHROLOGY" />
    </concept>
    <concept>
        <code value="370" />
        <display value="MEDICAL ONCOLOGY" />
    </concept>
    <concept>
        <code value="371" />
        <display value="NUCLEAR MEDICINE" />
    </concept>
    <concept>
        <code value="400" />
        <display value="NEUROLOGY" />
    </concept>
    <concept>
        <code value="401" />
        <display value="CLINICAL NEUROPHYSIOLOGY" />
    </concept>
    <concept>
        <code value="410" />
        <display value="RHEUMATOLOGY" />
    </concept>
    <concept>
        <code value="420" />
        <display value="PAEDIATRICS" />
    </concept>
    <concept>
        <code value="421" />
        <display value="PAEDIATRIC NEUROLOGY" />
    </concept>
    <concept>
        <code value="422" />
        <display value="NEONATOLOGY" />
    </concept>
    <concept>
        <code value="424" />
        <display value="WELL BABIES" />
    </concept>
    <concept>
        <code value="430" />
        <display value="GERIATRIC MEDICINE" />
    </concept>
    <concept>
        <code value="450" />
        <display value="DENTAL MEDICINE SPECIALTIES" />
    </concept>
    <concept>
        <code value="460" />
        <display value="MEDICAL OPHTHALMOLOGY" />
    </concept>
    <concept>
        <code value="500" />
        <display value="not a Treatment Function" />
    </concept>
    <concept>
        <code value="501" />
        <display value="OBSTETRICS" />
    </concept>
    <concept>
        <code value="502" />
        <display value="GYNAECOLOGY" />
    </concept>
    <concept>
        <code value="503" />
        <display value="GYNAECOLOGICAL ONCOLOGY" />
    </concept>
    <concept>
        <code value="510" />
        <display value="Retired" />
    </concept>
    <concept>
        <code value="520" />
        <display value="Retired" />
    </concept>
    <concept>
        <code value="560" />
        <display value="MIDWIFERY SERVICE" />
    </concept>
    <concept>
        <code value="600" />
        <display value="not a Treatment Function" />
    </concept>
    <concept>
        <code value="610" />
        <display value="Retired" />
    </concept>
    <concept>
        <code value="620" />
        <display value="Retired" />
    </concept>
    <concept>
        <code value="650" />
        <display value="PHYSIOTHERAPY" />
    </concept>
    <concept>
        <code value="651" />
        <display value="OCCUPATIONAL THERAPY" />
    </concept>
    <concept>
        <code value="652" />
        <display value="SPEECH AND LANGUAGE THERAPY" />
    </concept>
    <concept>
        <code value="653" />
        <display value="PODIATRY" />
    </concept>
    <concept>
        <code value="654" />
        <display value="DIETETICS" />
    </concept>
    <concept>
        <code value="655" />
        <display value="ORTHOPTICS" />
    </concept>
    <concept>
        <code value="656" />
        <display value="CLINICAL PSYCHOLOGY" />
    </concept>
    <concept>
        <code value="657" />
        <display value="PROSTHETICS" />
    </concept>
    <concept>
        <code value="658" />
        <display value="ORTHOTICS" />
    </concept>
    <concept>
        <code value="659" />
        <display value="DRAMA THERAPY" />
    </concept>
    <concept>
        <code value="660" />
        <display value="ART THERAPY" />
    </concept>
    <concept>
        <code value="661" />
        <display value="MUSIC THERAPY" />
    </concept>
    <concept>
        <code value="662" />
        <display value="OPTOMETRY" />
    </concept>
    <concept>
        <code value="663" />
        <display value="PODIATRIC SURGERY" />
    </concept>
    <concept>
        <code value="700" />
        <display value="LEARNING DISABILITY" />
    </concept>
    <concept>
        <code value="710" />
        <display value="ADULT MENTAL ILLNESS" />
    </concept>
    <concept>
        <code value="711" />
        <display value="CHILD and ADOLESCENT PSYCHIATRY" />
    </concept>
    <concept>
        <code value="712" />
        <display value="FORENSIC PSYCHIATRY" />
    </concept>
    <concept>
        <code value="713" />
        <display value="PSYCHOTHERAPY" />
    </concept>
    <concept>
        <code value="715" />
        <display value="OLD AGE PSYCHIATRY" />
    </concept>
    <concept>
        <code value="720" />
        <display value="EATING DISORDERS" />
    </concept>
    <concept>
        <code value="721" />
        <display value="ADDICTION SERVICES" />
    </concept>
    <concept>
        <code value="722" />
        <display value="LIAISON PSYCHIATRY" />
    </concept>
    <concept>
        <code value="723" />
        <display value="PSYCHIATRIC INTENSIVE CARE" />
    </concept>
    <concept>
        <code value="724" />
        <display value="PERINATAL PSYCHIATRY" />
    </concept>
    <concept>
        <code value="725" />
        <display value="MENTAL HEALTH RECOVERY AND REHABILITATION SERVICE" />
    </concept>
    <concept>
        <code value="726" />
        <display value="MENTAL HEALTH DUAL DIAGNOSIS SERVICE" />
    </concept>
    <concept>
        <code value="727" />
        <display value="DEMENTIA ASSESSMENT SERVICE" />
    </concept>
    <concept>
        <code value="800" />
        <display value="CLINICAL ONCOLOGY (previously RADIOTHERAPY)" />
    </concept>
    <concept>
        <code value="810" />
        <display value="not a Treatment Function" />
    </concept>
    <concept>
        <code value="811" />
        <display value="INTERVENTIONAL RADIOLOGY" />
    </concept>
    <concept>
        <code value="812" />
        <display value="DIAGNOSTIC IMAGING" />
    </concept>
    <concept>
        <code value="820" />
        <display value="not a Treatment Function" />
    </concept>
    <concept>
        <code value="821" />
        <display value="not a Treatment Function" />
    </concept>
    <concept>
        <code value="822" />
        <display value="CHEMICAL PATHOLOGY" />
    </concept>
    <concept>
        <code value="823" />
        <display value="not a Treatment Function" />
    </concept>
    <concept>
        <code value="824" />
        <display value="not a Treatment Function" />
    </concept>
    <concept>
        <code value="830" />
        <display value="not a Treatment Function" />
    </concept>
    <concept>
        <code value="831" />
        <display value="not a Treatment Function" />
    </concept>
    <concept>
        <code value="832" />
        <display value="Retired" />
    </concept>
    <concept>
        <code value="834" />
        <display value="MEDICAL VIROLOGY" />
    </concept>
    <concept>
        <code value="840" />
        <display value="AUDIOLOGY" />
    </concept>
    <concept>
        <code value="900" />
        <display value="not a Treatment Function" />
    </concept>
    <concept>
        <code value="901" />
        <display value="not a Treatment Function" />
    </concept>
    <concept>
        <code value="920" />
        <display value="DIABETIC EDUCATION SERVICE" />
    </concept>
    <concept>
        <code value="950" />
        <display value="not a Treatment Function" />
    </concept>
    <concept>
        <code value="960" />
        <display value="not a Treatment Function" />
    </concept>
    <concept>
        <code value="990" />
        <display value="Retired" />
    </concept>
</CodeSystem>