<?xml version="1.0" encoding="utf-8"?>
<CodeSystem xmlns="http://hl7.org/fhir">
    <id value="England-MedicationRequestEndorsement" />
    <url value="https://fhir.nhs.uk/CodeSystem/England-MedicationRequestEndorsement" />
    <version value="1.0.0" />
    <name value="EnglandMedicationRequestEndorsement" />
    <title value="England MedicationRequest Endorsement" />
    <status value="draft" />
    <date value="2023-08-18" />
    <publisher value="NHS England" />
    <contact>
        <name value="NHS England" />
        <telecom>
            <system value="email" />
            <value value="interoperabilityteam@nhs.net" />
            <use value="work" />
            <rank value="1" />
        </telecom>
    </contact>
    <description value="A CodeSystem use by NHSBSA for the reimbursement and renumeration process" />
    <copyright value="Copyright © 2023+ NHS England Licensed under the Apache License, Version 2.0 (the \&quot;License\&quot;); you may not use this file except in compliance with the License. You may obtain a copy of the License at  http://www.apache.org/licenses/LICENSE-2.0 Unless required by applicable law or agreed to in writing, software distributed under the License is distributed on an \&quot;AS IS\&quot; BASIS, WITHOUT WARRANTIES OR CONDITIONS OF ANY KIND, either express or implied. See the License for the specific language governing permissions and limitations under the License. HL7® FHIR® standard Copyright © 2011+ HL7 The HL7® FHIR® standard is used under the FHIR license. You may obtain a copy of the FHIR license at  https://www.hl7.org/fhir/license.html." />
    <caseSensitive value="true" />
    <content value="complete" />
    <concept>
        <code value="ACBS" />
        <display value="Advisory Committee on Borderline Substances" />
        <definition value="Prescriptions for products recommended by the Advisory Committee on Borderline Substances." />
    </concept>
    <concept>
        <code value="AF" />
        <display value="Food replacement/food supplement products" />
        <definition value="Prescriptions for food replacement/food supplement products available in a variety of flavours" />
    </concept>
    <concept>
        <code value="CC" />
        <display value="Contraceptive" />
        <definition value="A drug used for contraceptive purposes which is not listed in Part XVI Section 10 must be endorsed with the female symbol or equivalent" />
    </concept>
    <concept>
        <code value="FS" />
        <display value="Sexual Health" />
        <definition value="Any item prescribed for the treatment of an STI must be endorsed with FS by the prescriber in order not to attract a prescription charge" />
    </concept>
    <concept>
        <code value="SLS" />
        <display value="Selected List Scheme" />
        <definition value="Drugs and appliances to be prescribed in certain circumstances under the NHS Pharmaceutical Services. The prescriber must endorse the prescription with the reference &#39;SLS&#39;." />
    </concept>
</CodeSystem>