<CodeSystem xmlns="http://hl7.org/fhir">
    <id value="England-DispensingSitePreference"/>
    <url value="https://fhir.nhs.uk/CodeSystem/England-DispensingSitePreference"/>
    <identifier>
        <system value="https://fhir.nhs.uk/identifier/CodeSystem"/>
        <value value="dispensing-site-preference"/>
    </identifier>
    <version value="1.0.0"/>
    <name value="EnglandDispensingSitePreference"/>
    <title value="England Dispensing Site Preference"/>
    <status value="draft"/>
    <experimental value="true"/>
    <date value="2023-08-16"/>
    <publisher value="NHS England"/>
    <contact>
        <name value="NHS England" />
        <telecom>
          <system value="email" />
          <value value="interoperabilityteam@nhs.net" />
          <use value="work" />
          <rank value="1" />
        </telecom>
      </contact>
    <description value="Dispensing Contractors and Nomination. As per current processes, a patient may require prescribed items to be authorised across different prescriptions to allow for dispensing by different dispensing contractors. Question? Should this move to Medication.performerType?"/>
    <purpose value="Dispensing Contractors and Nomination. As per current processes, a patient may require prescribed items to be authorised across different prescriptions to allow for dispensing by different dispensing contractors. Question? Should this move to Medication.performerType?"/>
  <copyright value="Copyright © 2023+ NHS England Licensed under the Apache License, Version 2.0 (the \&quot;License\&quot;); you may not use this file except in compliance with the License. You may obtain a copy of the License at  http://www.apache.org/licenses/LICENSE-2.0 Unless required by applicable law or agreed to in writing, software distributed under the License is distributed on an \&quot;AS IS\&quot; BASIS, WITHOUT WARRANTIES OR CONDITIONS OF ANY KIND, either express or implied. See the License for the specific language governing permissions and limitations under the License. HL7® FHIR® standard Copyright © 2011+ HL7 The HL7® FHIR® standard is used under the FHIR license. You may obtain a copy of the FHIR license at  https://www.hl7.org/fhir/license.html." />
    <caseSensitive value="true"/>
    <content value="complete"/>
    <concept>
        <code value="P1"/>
        <display value="Other (e.g. Community Pharmacy)"/>
    </concept>
    <concept>
        <code value="P2"/>
        <display value="Appliance Contractor"/>
    </concept>
    <concept>
        <code value="P3"/>
        <display value="Dispensing Doctor"/>
    </concept>
    <concept>
        <code value="0004"/>
        <display value="None"/>
    </concept>
</CodeSystem>