<CodeSystem xmlns="http://hl7.org/fhir">
    <id value="England-EPSTaskDispenseReturnStatusReason" />
    <url value="https://fhir.nhs.uk/CodeSystem/England-EPSTaskDispenseReturnStatusReason" />
    <identifier>
        <system value="https://fhir.nhs.uk/identifier/CodeSystem" />
        <value value="EPS-task-dispense-return-status-reason" />
    </identifier>
    <version value="1.0.0" />
    <name value="EnglandEPSTaskDispenseReturnStatusReason" />
    <title value="England EPS Task Dispense Return Status Reason" />
    <status value="draft" />
    <experimental value="false" />
    <date value="2023-06-01" />
    <publisher value="NHS England" />
   <contact>
    <name value="NHS England" />
    <telecom>
      <system value="email" />
      <value value="interoperabilityteam@nhs.net" />
      <use value="work" />
      <rank value="1" />
    </telecom>
  </contact>
    <description value="EPS Dispense Return Reason. Taken from HL7v3 UK Cancellation Reason Response" />
    <purpose value="EPS Dispense Return Reason. Taken from HL7v3 UK Cancellation Reason Response" />
  <copyright value="Copyright © 2021+ HL7 UK Licensed under the Apache License, Version 2.0 (the \&quot;License\&quot;); you may not use this file except in compliance with the License. You may obtain a copy of the License at  http://www.apache.org/licenses/LICENSE-2.0 Unless required by applicable law or agreed to in writing, software distributed under the License is distributed on an \&quot;AS IS\&quot; BASIS, WITHOUT WARRANTIES OR CONDITIONS OF ANY KIND, either express or implied. See the License for the specific language governing permissions and limitations under the License. HL7® FHIR® standard Copyright © 2011+ HL7 The HL7® FHIR® standard is used under the FHIR license. You may obtain a copy of the FHIR license at  https://www.hl7.org/fhir/license.html." />
    <caseSensitive value="true" />
    <content value="complete" />
    <concept>
        <code value="0001"></code>
        <display value="Patient non-attendance" />
    </concept>
    <concept>
        <code value="0002"></code>
        <display value="Unable to dispense medication on prescriptions" />
    </concept>
    <concept>
        <code value="0003"></code>
        <display value="Patient requested release" />
    </concept>
    <concept>
        <code value="0004"></code>
        <display value="Another dispenser requested release on behalf of the patient" />
    </concept>
    <concept>
        <code value="0005"></code>
        <display value="Invalid digital signature" />
    </concept>
    <concept>
        <code value="0006"></code>
        <display value="Rejected due to version problem" />
    </concept>
    <concept>
        <code value="0007"></code>
        <display value="Prescription otherwise invalid or unreadable"></display>
        <definition value="This may be for a clinical or syntax reason" />
    </concept>
    <concept>
        <code value="0008"></code>
        <display value="Prescription expired" />
    </concept>
</CodeSystem>