<CodeSystem xmlns="http://hl7.org/fhir">
    <id value="England-MedicationDispenseEndorsement" />
    <url value="https://fhir.nhs.uk/CodeSystem/England-MedicationDispenseEndorsement" />
    <identifier>
        <system value="https://fhir.nhs.uk/identifier/CodeSystem" />
        <value value="medicationdispense-endorsement" />
    </identifier>
    <version value="1.0.0" />
    <name value="EnglandMedicationDispenseEndorsement" />
    <title value="England Medication Dispense Endorsement" />
    <status value="draft" />
    <experimental value="true" />
    <date value="2023-08-16" />
    <publisher value="NHS England" />
    <contact>
        <name value="NHS England" />
        <telecom>
            <system value="email" />
            <value value="interoperabilityteam@nhs.net" />
            <use value="work" />
            <rank value="1" />
        </telecom>
    </contact>
    <description value="Guidance for Endorsement in the Electronic Prescription Service v6.7 [Sub-Prog / Project ETP NPFIT-ETP-EIM-0015.20 ]" />
    <purpose value="Guidance for Endorsement in the Electronic Prescription Service v6.7 [Sub-Prog / Project ETP NPFIT-ETP-EIM-0015.20 ]" />
  <copyright value="Copyright © 2023+ NHS England Licensed under the Apache License, Version 2.0 (the \&quot;License\&quot;); you may not use this file except in compliance with the License. You may obtain a copy of the License at  http://www.apache.org/licenses/LICENSE-2.0 Unless required by applicable law or agreed to in writing, software distributed under the License is distributed on an \&quot;AS IS\&quot; BASIS, WITHOUT WARRANTIES OR CONDITIONS OF ANY KIND, either express or implied. See the License for the specific language governing permissions and limitations under the License. HL7® FHIR® standard Copyright © 2011+ HL7 The HL7® FHIR® standard is used under the FHIR license. You may obtain a copy of the FHIR license at  https://www.hl7.org/fhir/license.html." />
    <caseSensitive value="true" />
    <content value="complete" />
    <concept>
        <code value="BB" />
        <display value="Broken Bulk" />
        <definition value="No Supporting Information Required" />
    </concept>
    <concept>
        <code value="IP" />
        <display value="Invoice Price for less common products or special items" />
        <definition value="Supporting Information Required" />
    </concept>
    <concept>
        <code value="MF" />
        <display value="Measured and Fitted" />
        <definition value="No Supporting Information Required" />
    </concept>
    <concept>
        <code value="NCSO" />
        <display value="No Cheaper Stock Obtainable" />
        <definition value="Supporting Information Required" />
    </concept>
    <concept>
        <code value="PC" />
        <display value="Prescriber Contacted" />
        <definition value="Supporting Information Required" />
    </concept>
    <concept>
        <code value="PNC" />
        <display value="Prescriber Not Contacted" />
        <definition value="Supporting Information Required" />
    </concept>
    <concept>
        <code value="RC" />
        <display value="Rebate Claimed" />
        <definition value="No Supporting Information Required" />
    </concept>
    <concept>
        <code value="XP" />
        <display value="Out of Pocket Expenses" />
        <definition value="Supporting Information Required" />
    </concept>
    <concept>
        <code value="ZD" />
        <display value="Zero Discount (List B only)" />
        <definition value="No Supporting" />
    </concept>
    <concept>
        <code value="SP" />
        <display value="Special License" />
    </concept>
    <concept>
        <code value="ED" />
        <display value="Extemporaneously dispensed" />
    </concept>
    <concept>
        <code value="NDEC" />
        <display value="No Dispenser Endorsement Code" />
    </concept>
    <concept>
        <code value="SSP" />
        <display value="Serious Shortage Protocol" />
    </concept>
    <concept>
        <code value="PD" />
        <display value="Packaged Doses" />
    </concept>
</CodeSystem>