<CodeSystem xmlns="http://hl7.org/fhir">
    <id value="England-ERSClinicType" />
    <url value="https://fhir.nhs.uk/CodeSystem/England-ERSClinicType" />
    <version value="1.0.0" />
    <name value="EnglandERSClinicType" />
    <title value="England ERS ClinicType" />
    <status value="draft" />
    <date value="2023-08-18" />
    <publisher value="NHS England" />
    <contact>
        <name value="NHS England" />
        <telecom>
            <system value="email" />
            <value value="interoperabilityteam@nhs.net" />
            <use value="work" />
            <rank value="1" />
        </telecom>
    </contact>
    <description value="CodeSystem to identify Clinic type" />
    <copyright value="Copyright © 2023+ NHS England Licensed under the Apache License, Version 2.0 (the \&quot;License\&quot;); you may not use this file except in compliance with the License. You may obtain a copy of the License at  http://www.apache.org/licenses/LICENSE-2.0 Unless required by applicable law or agreed to in writing, software distributed under the License is distributed on an \&quot;AS IS\&quot; BASIS, WITHOUT WARRANTIES OR CONDITIONS OF ANY KIND, either express or implied. See the License for the specific language governing permissions and limitations under the License. HL7&#174; FHIR&#174; standard Copyright &#169; 2011+ HL7 The HL7&#174; FHIR&#174; standard is used under the FHIR license. You may obtain a copy of the FHIR license at  https://www.hl7.org/fhir/license.html." />
    <caseSensitive value="true" />
    <content value="complete" />
    <concept>
        <code value="2WW_BONE" />
        <display value="2WW Bone" />
    </concept>
    <concept>
        <code value="2WW_BRAIN" />
        <display value="2WW Brain" />
    </concept>
    <concept>
        <code value="2WW_BREAST" />
        <display value="2WW Breast" />
    </concept>
    <concept>
        <code value="2WW_CANCER_OF_UNKNOWN_PRIMARY" />
        <display value="2WW Cancer of Unknown Primary" />
    </concept>
    <concept>
        <code value="2WW_CHILDREN_AND_YOUNG_PEOPLE" />
        <display value="2WW Children and Young People" />
    </concept>
    <concept>
        <code value="2WW_GYNAECOLOGY" />
        <display value="2WW Gynaecology" />
    </concept>
    <concept>
        <code value="2WW_HAEMATOLOGY" />
        <display value="2WW Haematology" />
    </concept>
    <concept>
        <code value="2WW_HEAD_AND_NECK" />
        <display value="2WW Head and Neck" />
    </concept>
    <concept>
        <code value="2WW_LOWER_GI" />
        <display value="2WW Lower GI" />
    </concept>
    <concept>
        <code value="2WW_LUNG" />
        <display value="2WW Lung" />
    </concept>
    <concept>
        <code value="2WW_SARCOMA" />
        <display value="2WW Sarcoma" />
    </concept>
    <concept>
        <code value="2WW_SKIN" />
        <display value="2WW Skin" />
    </concept>
    <concept>
        <code value="2WW_UPPER_GI" />
        <display value="2WW Upper GI" />
    </concept>
    <concept>
        <code value="2WW_UROLOGY" />
        <display value="2WW Urology" />
    </concept>
    <concept>
        <code value="2WW_OTHER" />
        <display value="2WW Other" />
    </concept>
    <concept>
        <code value="ALLERGY_1" />
        <display value="Allergy" />
    </concept>
    <concept>
        <code value="FOOD_AND_DRUG_ALLERGY" />
        <display value="Food and Drug Allergy" />
    </concept>
    <concept>
        <code value="ARRHYTHMIA" />
        <display value="Arrhythmia" />
    </concept>
    <concept>
        <code value="CARDIOLOGY_GENETICS" />
        <display value="Cardiology Genetics" />
    </concept>
    <concept>
        <code value="CONGENITAL_HEART_DISEASE" />
        <display value="Congenital Heart Disease" />
    </concept>
    <concept>
        <code value="HEART_FAILURE" />
        <display value="Heart Failure" />
    </concept>
    <concept>
        <code value="HYPERTENSION_1" />
        <display value="Hypertension" />
    </concept>
    <concept>
        <code value="ISCHAEMIC_HEART_DISEASE" />
        <display value="Ischaemic Heart Disease" />
    </concept>
    <concept>
        <code value="LIPID_MANAGEMENT" />
        <display value="Lipid Management" />
    </concept>
    <concept>
        <code value="NOT_OTHERWISE_SPECIFIED_1" />
        <display value="Not Otherwise Specified" />
    </concept>
    <concept>
        <code value="RAPID_ACCESS_CHEST_PAIN_INC_EXERCISE_ECG" />
        <display value="Rapid Access Chest Pain inc Exercise ECG" />
    </concept>
    <concept>
        <code value="VALVE_DISORDERS" />
        <display value="Valve Disorders" />
    </concept>
    <concept>
        <code value="ACUTE_ACCESS_CARDIOLOGY" />
        <display value="Acute Access Cardiology" />
    </concept>
    <concept>
        <code value="GENERAL_ADULT_1" />
        <display value="General Adult" />
    </concept>
    <concept>
        <code value="ALLERGY_2" />
        <display value="Allergy" />
    </concept>
    <concept>
        <code value="AUDIOLOGY_1" />
        <display value="Audiology" />
    </concept>
    <concept>
        <code value="CARDIOLOGY" />
        <display value="Cardiology" />
    </concept>
    <concept>
        <code value="COMMUNITY_PAEDIATRIC" />
        <display value="Community Paediatric" />
    </concept>
    <concept>
        <code value="DENTISTRY_ORTHODONTICS" />
        <display value="Dentistry / Orthodontics" />
    </concept>
    <concept>
        <code value="DERMATOLOGY_1" />
        <display value="Dermatology" />
    </concept>
    <concept>
        <code value="DEVELOPMENTAL_LEARNING_DISABILITIES" />
        <display value="Developmental / Learning Disabilities" />
    </concept>
    <concept>
        <code value="DIABETES_1" />
        <display value="Diabetes" />
    </concept>
    <concept>
        <code value="ENDOCRINOLOGY" />
        <display value="Endocrinology" />
    </concept>
    <concept>
        <code value="ENT" />
        <display value="ENT" />
    </concept>
    <concept>
        <code value="GASTROENTEROLOGY_1" />
        <display value="Gastroenterology" />
    </concept>
    <concept>
        <code value="GYNAECOLOGY" />
        <display value="Gynaecology" />
    </concept>
    <concept>
        <code value="GYNAECOLOGY_PREGNANCY_ADVICE" />
        <display value="Gynaecology - Pregnancy Advice" />
    </concept>
    <concept>
        <code value="HAEMATOLOGY" />
        <display value="Haematology" />
    </concept>
    <concept>
        <code value="IMMUNOLOGY" />
        <display value="Immunology" />
    </concept>
    <concept>
        <code value="METABOLIC_DISORDERS_1" />
        <display value="Metabolic Disorders" />
    </concept>
    <concept>
        <code value="NEPHROLOGY_1" />
        <display value="Nephrology" />
    </concept>
    <concept>
        <code value="NEUROLOGY" />
        <display value="Neurology" />
    </concept>
    <concept>
        <code value="ONCOLOGY_ESTABLISHED_DIAGNOSIS_1" />
        <display value="Oncology (Established Diagnosis)" />
    </concept>
    <concept>
        <code value="OPHTHAL_NOT_OTHERWISE_SPECIFIED" />
        <display value="Ophthal - Not Otherwise Specified" />
    </concept>
    <concept>
        <code value="OPHTHAL_ORTHOPTICS" />
        <display value="Ophthal - Orthoptics" />
    </concept>
    <concept>
        <code value="OPHTHAL_STRABISMUS_OCULAR_MOTILITY" />
        <display value="Ophthal - Strabismus / Ocular Motility" />
    </concept>
    <concept>
        <code value="ORAL_AND_MAXILLOFACIAL_SURGERY" />
        <display value="Oral and Maxillofacial Surgery" />
    </concept>
    <concept>
        <code value="ORTHOPAEDICS" />
        <display value="Orthopaedics" />
    </concept>
    <concept>
        <code value="OTHER_MEDICAL" />
        <display value="Other Medical" />
    </concept>
    <concept>
        <code value="PLASTIC_SURGERY" />
        <display value="Plastic Surgery" />
    </concept>
    <concept>
        <code value="RESPIRATORY_1" />
        <display value="Respiratory" />
    </concept>
    <concept>
        <code value="RHEUMATOLOGY" />
        <display value="Rheumatology" />
    </concept>
    <concept>
        <code value="SURGERY_NOT_OTHERWISE_SPECIFIED" />
        <display value="Surgery - Not otherwise specified" />
    </concept>
    <concept>
        <code value="UROLOGY_1" />
        <display value="Urology" />
    </concept>
    <concept>
        <code value="ACUTE_ACCESS" />
        <display value="Acute Access" />
    </concept>
    <concept>
        <code value="ADOLESCENT_MEDICINE" />
        <display value="Adolescent Medicine" />
    </concept>
    <concept>
        <code value="AUDIOLOGY_2" />
        <display value="Audiology" />
    </concept>
    <concept>
        <code value="BEHAVIOURAL_PROBLEMS_1" />
        <display value="Behavioural Problems" />
    </concept>
    <concept>
        <code value="CONTINENCE_INCONTINENCE" />
        <display value="Continence/Incontinence" />
    </concept>
    <concept>
        <code value="DIETETIC" />
        <display value="Dietetic" />
    </concept>
    <concept>
        <code value="GENERAL_BABY_CLINIC" />
        <display value="General Baby Clinic" />
    </concept>
    <concept>
        <code value="GENERAL_INFANT" />
        <display value="General Infant" />
    </concept>
    <concept>
        <code value="GENETICS_1" />
        <display value="Genetics" />
    </concept>
    <concept>
        <code value="IMMUNISATION" />
        <display value="Immunisation" />
    </concept>
    <concept>
        <code value="INFECTIOUS_DISEASES_1" />
        <display value="Infectious Diseases" />
    </concept>
    <concept>
        <code value="NEONATAL" />
        <display value="Neonatal" />
    </concept>
    <concept>
        <code value="PAEDIATRIC_HAEMOPHILIA_1" />
        <display value="Paediatric Haemophilia" />
    </concept>
    <concept>
        <code value="PAEDIATRICS_DIABETES" />
        <display value="Paediatrics Diabetes" />
    </concept>
    <concept>
        <code value="PHLEBOTOMY" />
        <display value="Phlebotomy" />
    </concept>
    <concept>
        <code value="RENAL" />
        <display value="Renal" />
    </concept>
    <concept>
        <code value="DIETETICS_PHASING_OUT" />
        <display value="Dietetics (phasing out)" />
    </concept>
    <concept>
        <code value="ALLERGY_3" />
        <display value="Allergy" />
    </concept>
    <concept>
        <code value="DERMATOLOGY_2" />
        <display value="Dermatology" />
    </concept>
    <concept>
        <code value="DIETETICS" />
        <display value="Dietetics" />
    </concept>
    <concept>
        <code value="GENERAL_MEDICINE_1" />
        <display value="General Medicine" />
    </concept>
    <concept>
        <code value="MUSCULOSKELETAL_RHEUMATOLOGY" />
        <display value="Musculoskeletal / Rheumatology" />
    </concept>
    <concept>
        <code value="ONCOLOGY_ESTABLISHED_DIAGNOSIS" />
        <display value="Oncology (established diagnosis)" />
    </concept>
    <concept>
        <code value="PODIATRY" />
        <display value="Podiatry" />
    </concept>
    <concept>
        <code value="PSYCHOLOGICAL_MEDICINE" />
        <display value="Psychological Medicine" />
    </concept>
    <concept>
        <code value="WOMENNULLS_HEALTH" />
        <display value="Women&#39;s Health" />
    </concept>
    <concept>
        <code value="ENDODONTICS" />
        <display value="Endodontics" />
    </concept>
    <concept>
        <code value="NOT_OTHERWISE_SPECIFIED_2" />
        <display value="Not Otherwise Specified" />
    </concept>
    <concept>
        <code value="ORTHODONTICS" />
        <display value="Orthodontics" />
    </concept>
    <concept>
        <code value="PERIODONTICS" />
        <display value="Periodontics" />
    </concept>
    <concept>
        <code value="PROSTHODONTICS" />
        <display value="Prosthodontics" />
    </concept>
    <concept>
        <code value="SURGICAL_DENTISTRY" />
        <display value="Surgical Dentistry" />
    </concept>
    <concept>
        <code value="GENERAL_RESTORATIVE_DENTISTRY" />
        <display value="General Restorative Dentistry" />
    </concept>
    <concept>
        <code value="XXX_DO_NOT_USE_XXX" />
        <display value="XXX DO NOT USE XXX" />
    </concept>
    <concept>
        <code value="ACNE" />
        <display value="Acne" />
    </concept>
    <concept>
        <code value="BASAL_CELL_CARCINOMA_1" />
        <display value="Basal Cell Carcinoma" />
    </concept>
    <concept>
        <code value="CONNECTIVE_TISSUE_DISEASE" />
        <display value="Connective Tissue Disease" />
    </concept>
    <concept>
        <code value="COSMETIC_CAMOUFLAGE" />
        <display value="Cosmetic Camouflage" />
    </concept>
    <concept>
        <code value="ECZEMA_AND_DERMATITIS" />
        <display value="Eczema and Dermatitis" />
    </concept>
    <concept>
        <code value="HAIR" />
        <display value="Hair" />
    </concept>
    <concept>
        <code value="LASER_CLINICS" />
        <display value="Laser Clinics" />
    </concept>
    <concept>
        <code value="LEG_ULCER_1" />
        <display value="Leg Ulcer" />
    </concept>
    <concept>
        <code value="MALE_GENITAL_SKIN_DISORDERS" />
        <display value="Male Genital Skin Disorders" />
    </concept>
    <concept>
        <code value="NAILS" />
        <display value="Nails" />
    </concept>
    <concept>
        <code value="NOT_OTHERWISE_SPECIFIED_3" />
        <display value="Not Otherwise Specified" />
    </concept>
    <concept>
        <code value="ONCOLOGY_ESTABLISHED_DIAGNOSIS_3" />
        <display value="Oncology (Established Diagnosis)" />
    </concept>
    <concept>
        <code value="PATCH_TESTING_FOR_CONTACT_DERMATITIS" />
        <display value="Patch Testing for Contact Dermatitis" />
    </concept>
    <concept>
        <code value="PSORIASIS" />
        <display value="Psoriasis" />
    </concept>
    <concept>
        <code value="SKIN_SURGERY_FOR_BENIGN_SKIN_LESIONS" />
        <display value="Skin Surgery for Benign Skin Lesions" />
    </concept>
    <concept>
        <code value="VULVAL_SKIN_DISORDERS" />
        <display value="Vulval Skin Disorders" />
    </concept>
    <concept>
        <code value="CHANGING_LESIONS" />
        <display value="Changing Lesions" />
    </concept>
    <concept>
        <code value="GENITAL_DERMATOLOGY" />
        <display value="Genital Dermatology" />
    </concept>
    <concept>
        <code value="KERATOPATHIES" />
        <display value="Keratopathies" />
    </concept>
    <concept>
        <code value="ORAL_DERMATOLOGY" />
        <display value="Oral Dermatology" />
    </concept>
    <concept>
        <code value="RAPID_ACCESS_1" />
        <display value="Rapid Access" />
    </concept>
    <concept>
        <code value="VASCULAR" />
        <display value="Vascular" />
    </concept>
    <concept>
        <code value="PAEDIATRIC_DERMATOLOGY" />
        <display value="Paediatric Dermatology" />
    </concept>
    <concept>
        <code value="GENERAL_ADULT_2" />
        <display value="General Adult" />
    </concept>
    <concept>
        <code value="HAIR_AND_NAILS" />
        <display value="Hair and Nails" />
    </concept>
    <concept>
        <code value="SKIN_LYMPHOMA" />
        <display value="Skin Lymphoma" />
    </concept>
    <concept>
        <code value="SKIN_PHOTOSENSITIVITY" />
        <display value="Skin photosensitivity" />
    </concept>
    <concept>
        <code value="ERECTILE_DYSFUNCTION_1" />
        <display value="Erectile Dysfunction" />
    </concept>
    <concept>
        <code value="GENERAL_DIABETIC_MANAGEMENT" />
        <display value="General Diabetic Management" />
    </concept>
    <concept>
        <code value="PODIATRY_AND_FOOT" />
        <display value="Podiatry and Foot" />
    </concept>
    <concept>
        <code value="PREGNANCY_AND_MATERNAL" />
        <display value="Pregnancy and Maternal" />
    </concept>
    <concept>
        <code value="RENAL_DIABETES_1" />
        <display value="Renal Diabetes" />
    </concept>
    <concept>
        <code value="PAEDIATRIC_1" />
        <display value="Paediatric" />
    </concept>
    <concept>
        <code value="PAEDIATRIC_TRANSITIONAL" />
        <display value="Paediatric Transitional" />
    </concept>
    <concept>
        <code value="YOUNG_ADULT" />
        <display value="Young Adult" />
    </concept>
    <concept>
        <code value="GENERAL_DIABETIC_MEDICINE" />
        <display value="General Diabetic Medicine" />
    </concept>
    <concept>
        <code value="COLONIC_IMAGING_ASSESSMENT_ADVICE" />
        <display value="Colonic Imaging Assessment / Advice" />
    </concept>
    <concept>
        <code value="FLEXIBLE_SIGMOIDOSCOPY" />
        <display value="Flexible Sigmoidoscopy" />
    </concept>
    <concept>
        <code value="GASTROSCOPY" />
        <display value="Gastroscopy" />
    </concept>
    <concept>
        <code value="BONE_DENSITY_SCAN_DEXA" />
        <display value="Bone Density Scan (DEXA)" />
    </concept>
    <concept>
        <code value="CT" />
        <display value="CT" />
    </concept>
    <concept>
        <code value="FLUOROSCOPY_AND_BARIUM_STUDIES" />
        <display value="Fluoroscopy and Barium Studies" />
    </concept>
    <concept>
        <code value="INTRAVENOUS_UROGRAM_IVU" />
        <display value="Intravenous Urogram (IVU)" />
    </concept>
    <concept>
        <code value="MRI" />
        <display value="MRI" />
    </concept>
    <concept>
        <code value="NUCLEAR_MEDICINE" />
        <display value="Nuclear Medicine" />
    </concept>
    <concept>
        <code value="ULTRASOUND_1" />
        <display value="Ultrasound" />
    </concept>
    <concept>
        <code value="X_RAY_PLAIN_FILM" />
        <display value="X Ray Plain Film" />
    </concept>
    <concept>
        <code value="PET_CT" />
        <display value="PET CT" />
    </concept>
    <concept>
        <code value="BLOOD_TEST" />
        <display value="Blood Test" />
    </concept>
    <concept>
        <code value="AUDIOLOGY_HEARING_AID_ASSESS_AND_FIT" />
        <display value="Audiology - Hearing Aid Assess and Fit" />
    </concept>
    <concept>
        <code value="AUDIOLOGY_HEARING_AID_REVIEW" />
        <display value="Audiology - Hearing Aid Review" />
    </concept>
    <concept>
        <code value="AUDIOLOGY_HEARING_ASSESS_REASSESS" />
        <display value="Audiology - Hearing Assess / Reassess" />
    </concept>
    <concept>
        <code value="CARDIAC_PHYSIOLOGY_BP_MONITORING" />
        <display value="Cardiac Physiology - BP Monitoring" />
    </concept>
    <concept>
        <code value="CARDIAC_PHYSIOLOGY_ECG" />
        <display value="Cardiac Physiology - ECG" />
    </concept>
    <concept>
        <code value="CARDIAC_PHYSIOLOGY_ECHOCARDIOGRAM" />
        <display value="Cardiac Physiology - Echocardiogram" />
    </concept>
    <concept>
        <code value="GI_PHYSIOLOGY_UREA_BREATH_TEST" />
        <display value="GI Physiology - Urea Breath Test" />
    </concept>
    <concept>
        <code value="NEUROPHYSIOLOGY_EEG_ROUTINE" />
        <display value="Neurophysiology - EEG (Routine)" />
    </concept>
    <concept>
        <code value="NEUROPHYSIOLOGY_NERVE_CONDUCTION_STUDIES" />
        <display value="Neurophysiology-Nerve Conduction Studies" />
    </concept>
    <concept>
        <code value="NEUROPHYS_NERVE_CONDUCTION_FOR_CTS" />
        <display value="Neurophys - Nerve Conduction for CTS" />
    </concept>
    <concept>
        <code value="PRE_AND_POST_EXERCISE_ABPI" />
        <display value="Pre and Post Exercise ABPI" />
    </concept>
    <concept>
        <code value="RESPIRATORY_BLOOD_GAS_ANALYSIS" />
        <display value="Respiratory - Blood Gas Analysis" />
    </concept>
    <concept>
        <code value="RESPIRATORY_CPAP_ASSESSMENT" />
        <display value="Respiratory - CPAP Assessment" />
    </concept>
    <concept>
        <code value="RESPIRATORY_FULL_LUNG_FUNCTION" />
        <display value="Respiratory - Full Lung Function" />
    </concept>
    <concept>
        <code value="RESPIRATORY_OXYGEN_ASSESSMENT" />
        <display value="Respiratory - Oxygen Assessment" />
    </concept>
    <concept>
        <code value="RESPIRATORY_SLEEP_APNOEA_SCREENING" />
        <display value="Respiratory - Sleep Apnoea Screening" />
    </concept>
    <concept>
        <code value="RESPIRATORY_SPIROMETRY_BRONCHODILATOR" />
        <display value="Respiratory - Spirometry Bronchodilator" />
    </concept>
    <concept>
        <code value="URODYNAMICS_FREE_FLOW_RESIDUAL_URINE" />
        <display value="Urodynamics - Free Flow / Residual Urine" />
    </concept>
    <concept>
        <code value="URODYNAMICS_PAD_TESTS" />
        <display value="Urodynamics - Pad Tests" />
    </concept>
    <concept>
        <code value="VASCULAR_ABPI_MEASUREMENT" />
        <display value="Vascular - ABPI Measurement" />
    </concept>
    <concept>
        <code value="VASCULAR_AORTIC_ANEURYSM_ASSESSMENT" />
        <display value="Vascular - Aortic Aneurysm Assessment" />
    </concept>
    <concept>
        <code value="OPHTHALMOLOGY_CATARACT_ASSESSMENT" />
        <display value="Ophthalmology - Cataract Assessment" />
    </concept>
    <concept>
        <code value="OPHTHALMOLOGY_GLAUCOMA_ASSESSMENT" />
        <display value="Ophthalmology - Glaucoma Assessment" />
    </concept>
    <concept>
        <code value="AUDIOLOGY_BALANCE_DIZZINESS" />
        <display value="Audiology - Balance / Dizziness" />
    </concept>
    <concept>
        <code value="AUDIOLOGY_TINNITUS" />
        <display value="Audiology - Tinnitus" />
    </concept>
    <concept>
        <code value="CARDIAC_PHYSIOLOGY_EXERCISE_STRESS_TEST" />
        <display value="Cardiac Physiology-Exercise Stress Test" />
    </concept>
    <concept>
        <code value="RESPIRATORY_BRONCHODILATOR_ASSESSMENT" />
        <display value="Respiratory - Bronchodilator Assessment" />
    </concept>
    <concept>
        <code value="URODYNAMICS_RESIDUAL_URINE" />
        <display value="Urodynamics - Residual Urine" />
    </concept>
    <concept>
        <code value="CARDIOVASCULAR_DISEASE_RISK_MANAGEMENT" />
        <display value="Cardiovascular Disease Risk Management" />
    </concept>
    <concept>
        <code value="DIABETES_2" />
        <display value="Diabetes" />
    </concept>
    <concept>
        <code value="EATING_DISORDERS_SEE_MENTAL_HEALTH" />
        <display value="Eating Disorders - see Mental Health" />
    </concept>
    <concept>
        <code value="FOOD_ALLERGY_AND_INTOLERANCE" />
        <display value="Food Allergy and Intolerance" />
    </concept>
    <concept>
        <code value="GASTROENTEROLOGY_2" />
        <display value="Gastroenterology" />
    </concept>
    <concept>
        <code value="NOT_OTHERWISE_SPECIFIED_4" />
        <display value="Not Otherwise Specified" />
    </concept>
    <concept>
        <code value="UNDERNUTRITION" />
        <display value="Undernutrition" />
    </concept>
    <concept>
        <code value="WEIGHT_MANAGEMENT_1" />
        <display value="Weight Management" />
    </concept>
    <concept>
        <code value="ENDOCRINE_INCL_DIABETES_PHASING_OUT" />
        <display value="Endocrine (incl Diabetes) (phasing out)" />
    </concept>
    <concept>
        <code value="NUTRITIONAL_ADV_SUPPORT_PHASING_OUT" />
        <display value="Nutritional Adv / Support (phasing out)" />
    </concept>
    <concept>
        <code value="BALANCE_DIZZINESS" />
        <display value="Balance / Dizziness" />
    </concept>
    <concept>
        <code value="EAR" />
        <display value="Ear" />
    </concept>
    <concept>
        <code value="FACIAL_PLASTIC_AND_SKIN_LESIONS" />
        <display value="Facial Plastic and Skin Lesions" />
    </concept>
    <concept>
        <code value="HEARING_TESTS_AIDS_SEE_DIAG_PHYS_MEAS" />
        <display value="Hearing Tests/Aids - see Diag Phys Meas" />
    </concept>
    <concept>
        <code value="NECK_LUMP_THYROID" />
        <display value="Neck Lump / Thyroid" />
    </concept>
    <concept>
        <code value="NOSE_SINUS" />
        <display value="Nose / Sinus" />
    </concept>
    <concept>
        <code value="NOT_OTHERWISE_SPECIFIED_5" />
        <display value="Not Otherwise Specified" />
    </concept>
    <concept>
        <code value="ONCOLOGY_ESTABLISHED_DIAGNOSIS_4" />
        <display value="Oncology (Established Diagnosis)" />
    </concept>
    <concept>
        <code value="SALIVARY_GLAND" />
        <display value="Salivary Gland" />
    </concept>
    <concept>
        <code value="SLEEP_APNOEA_SEE_SLEEP_MEDICINE" />
        <display value="Sleep Apnoea - see Sleep Medicine" />
    </concept>
    <concept>
        <code value="SNORING_NOT_SLEEP_APNOEA" />
        <display value="Snoring (not Sleep Apnoea)" />
    </concept>
    <concept>
        <code value="THROAT_INCL_VOICE_SWALLOWING" />
        <display value="Throat (incl Voice / Swallowing)" />
    </concept>
    <concept>
        <code value="TINNITUS" />
        <display value="Tinnitus" />
    </concept>
    <concept>
        <code value="ACUTE_ACCESS_ENT" />
        <display value="Acute Access ENT" />
    </concept>
    <concept>
        <code value="AUDIOLOGY_PAEDIATRIC" />
        <display value="Audiology Paediatric" />
    </concept>
    <concept>
        <code value="GENERAL_ADULT_3" />
        <display value="General Adult" />
    </concept>
    <concept>
        <code value="GENERAL_PAEDIATRICS" />
        <display value="General Paediatrics" />
    </concept>
    <concept>
        <code value="AUDIOLOGY_3" />
        <display value="Audiology" />
    </concept>
    <concept>
        <code value="CRANIOFACIAL_1" />
        <display value="Craniofacial" />
    </concept>
    <concept>
        <code value="OTOLOGY" />
        <display value="Otology" />
    </concept>
    <concept>
        <code value="SWALLOWING_1" />
        <display value="Swallowing" />
    </concept>
    <concept>
        <code value="THYROID_PARATHYROID_1" />
        <display value="Thyroid / Parathyroid" />
    </concept>
    <concept>
        <code value="VOICE_DISORDER" />
        <display value="Voice Disorder" />
    </concept>
    <concept>
        <code value="GENERAL_ENT" />
        <display value="General ENT" />
    </concept>
    <concept>
        <code value="ADRENAL_DISORDERS" />
        <display value="Adrenal Disorders" />
    </concept>
    <concept>
        <code value="ENDOCRINE_PREGNANCY_1" />
        <display value="Endocrine Pregnancy" />
    </concept>
    <concept>
        <code value="GYNAECOLOGICAL_ENDOCRINOLOGY" />
        <display value="Gynaecological Endocrinology" />
    </concept>
    <concept>
        <code value="LIPID_DISORDERS_1" />
        <display value="Lipid Disorders" />
    </concept>
    <concept>
        <code value="METABOLIC_BONE_DISORDERS" />
        <display value="Metabolic Bone Disorders" />
    </concept>
    <concept>
        <code value="NOT_OTHERWISE_SPECIFIED_6" />
        <display value="Not Otherwise Specified" />
    </concept>
    <concept>
        <code value="ONCOLOGY_ESTABLISHED_DIAGNOSIS_5" />
        <display value="Oncology (Established Diagnosis)" />
    </concept>
    <concept>
        <code value="PITUITARY_HYPOTHALAMIC" />
        <display value="Pituitary &amp; Hypothalamic" />
    </concept>
    <concept>
        <code value="THYROID_PARATHYROID_2" />
        <display value="Thyroid / Parathyroid" />
    </concept>
    <concept>
        <code value="RAPID_ACCESS_2" />
        <display value="Rapid Access" />
    </concept>
    <concept>
        <code value="DIABETIC_MEDICINE" />
        <display value="Diabetic Medicine" />
    </concept>
    <concept>
        <code value="GENERAL_ENDOCRINOLOGY" />
        <display value="General Endocrinology" />
    </concept>
    <concept>
        <code value="METABOLIC_DISORDERS_2" />
        <display value="Metabolic Disorders" />
    </concept>
    <concept>
        <code value="GENERAL_MEDICINE_2" />
        <display value="General Medicine" />
    </concept>
    <concept>
        <code value="TRANSIENT_ISCHEMIC_ATTACK" />
        <display value="Transient Ischemic Attack" />
    </concept>
    <concept>
        <code value="HYPERTENSION_2" />
        <display value="Hypertension" />
    </concept>
    <concept>
        <code value="LIPID_DISORDERS_2" />
        <display value="Lipid Disorders" />
    </concept>
    <concept>
        <code value="METABOLIC_MEDICINE" />
        <display value="Metabolic Medicine" />
    </concept>
    <concept>
        <code value="OSTEOPOROSIS" />
        <display value="Osteoporosis" />
    </concept>
    <concept>
        <code value="UPPER_GI_1" />
        <display value="Upper GI" />
    </concept>
    <concept>
        <code value="RAPID_ACCESS_3" />
        <display value="Rapid Access" />
    </concept>
    <concept>
        <code value="GENETICS_2" />
        <display value="Genetics" />
    </concept>
    <concept>
        <code value="GENITO_URINARY_MEDICINE" />
        <display value="Genito-Urinary Medicine" />
    </concept>
    <concept>
        <code value="COGNITIVE_DISORDERS_1" />
        <display value="Cognitive Disorders" />
    </concept>
    <concept>
        <code value="FALLS" />
        <display value="Falls" />
    </concept>
    <concept>
        <code value="METABOLIC_BONE_DISEASES" />
        <display value="Metabolic Bone Diseases" />
    </concept>
    <concept>
        <code value="MOVEMENT_DISORDERS_1" />
        <display value="Movement Disorders" />
    </concept>
    <concept>
        <code value="NOT_OTHERWISE_SPECIFIED_7" />
        <display value="Not Otherwise Specified" />
    </concept>
    <concept>
        <code value="STROKE_NOT_TIA_1" />
        <display value="Stroke (not TIA)" />
    </concept>
    <concept>
        <code value="STROKE_TIA" />
        <display value="Stroke/TIA" />
    </concept>
    <concept>
        <code value="GENERAL_GERIATRIC_MEDICINE" />
        <display value="General Geriatric Medicine" />
    </concept>
    <concept>
        <code value="COLORECTAL_SURGERY" />
        <display value="Colorectal Surgery" />
    </concept>
    <concept>
        <code value="ENDOSCOPY_SEE_DIAGNOSTIC_ENDOSCOPY" />
        <display value="Endoscopy - see Diagnostic Endoscopy" />
    </concept>
    <concept>
        <code value="GALLSTONES" />
        <display value="Gallstones" />
    </concept>
    <concept>
        <code value="HEPATOLOGY" />
        <display value="Hepatology" />
    </concept>
    <concept>
        <code value="INFLAMMATORY_BOWEL_DISEASE_IBD" />
        <display value="Inflammatory Bowel Disease (IBD)" />
    </concept>
    <concept>
        <code value="LOWER_GI_MEDICAL_EXCL_IBD" />
        <display value="Lower GI (medical) excl IBD" />
    </concept>
    <concept>
        <code value="ONCOLOGY_ESTABLISHED_DIAGNOSIS_6" />
        <display value="Oncology (Established Diagnosis)" />
    </concept>
    <concept>
        <code value="UPPER_GI_INCL_DYSPEPSIA" />
        <display value="Upper GI incl Dyspepsia" />
    </concept>
    <concept>
        <code value="RAPID_ACCESS_4" />
        <display value="Rapid Access" />
    </concept>
    <concept>
        <code value="DIRECT_ACCESS_GASTROSCOPY_OTHER" />
        <display value="Direct Access Gastroscopy (Other)" />
    </concept>
    <concept>
        <code value="ENDOSCOPY_LOWER_GI" />
        <display value="Endoscopy (Lower GI)" />
    </concept>
    <concept>
        <code value="ENDOSCOPY_UPPER_GI" />
        <display value="Endoscopy (Upper GI)" />
    </concept>
    <concept>
        <code value="FUNCTIONAL_BOWEL_DISORDERS" />
        <display value="Functional Bowel Disorders" />
    </concept>
    <concept>
        <code value="GENERAL_GASTROENTEROLOGY" />
        <display value="General Gastroenterology" />
    </concept>
    <concept>
        <code value="INFLAMMATORY_BOWEL_DISEASE" />
        <display value="Inflammatory Bowel Disease" />
    </concept>
    <concept>
        <code value="DO_NOT_USE_AFTER_30_01_09_DYSPEPSIA" />
        <display value="DO NOT USE AFTER 30/01/09 - Dyspepsia" />
    </concept>
    <concept>
        <code value="DO_NOT_USE_AFTER_30_01_09_LOWER_GI" />
        <display value="DO NOT USE AFTER 30/01/09 - Lower GI" />
    </concept>
    <concept>
        <code value="DO_NOT_USE_HEPATOLOGY_SPECIALIST" />
        <display value="DO NOT USE - Hepatology - Specialist" />
    </concept>
    <concept>
        <code value="COLPOSCOPY" />
        <display value="Colposcopy" />
    </concept>
    <concept>
        <code value="EARLY_PREGNANCY_ASSESSMENT" />
        <display value="Early Pregnancy Assessment" />
    </concept>
    <concept>
        <code value="FAMILY_PLANNING" />
        <display value="Family Planning" />
    </concept>
    <concept>
        <code value="INFERTILITY" />
        <display value="Infertility" />
    </concept>
    <concept>
        <code value="MENOPAUSE" />
        <display value="Menopause" />
    </concept>
    <concept>
        <code value="MENSTRUAL_DISORDERS" />
        <display value="Menstrual Disorders" />
    </concept>
    <concept>
        <code value="NOT_OTHERWISE_SPECIFIED_8" />
        <display value="Not Otherwise Specified" />
    </concept>
    <concept>
        <code value="ONCOLOGY_ESTABLISHED_DIAGNOSIS_7" />
        <display value="Oncology (Established Diagnosis)" />
    </concept>
    <concept>
        <code value="PELVIC_PAIN" />
        <display value="Pelvic Pain" />
    </concept>
    <concept>
        <code value="PERINEAL_REPAIR" />
        <display value="Perineal Repair" />
    </concept>
    <concept>
        <code value="POST_MENOPAUSAL_BLEEDING" />
        <display value="Post Menopausal Bleeding" />
    </concept>
    <concept>
        <code value="PREGNANCY_ADVISORY_SERVICE" />
        <display value="Pregnancy Advisory Service" />
    </concept>
    <concept>
        <code value="PSYCHOSEXUAL" />
        <display value="Psychosexual" />
    </concept>
    <concept>
        <code value="RECURRENT_MISCARRIAGE" />
        <display value="Recurrent Miscarriage" />
    </concept>
    <concept>
        <code value="UROGYNAECOLOGY_PROLAPSE" />
        <display value="Urogynaecology / Prolapse" />
    </concept>
    <concept>
        <code value="VULVAL_AND_PERINEAL_LESIONS" />
        <display value="Vulval and Perineal Lesions" />
    </concept>
    <concept>
        <code value="MENORRHAGIA" />
        <display value="Menorrhagia" />
    </concept>
    <concept>
        <code value="RAPID_ACCESS_GYNAECOLOGY" />
        <display value="Rapid Access Gynaecology" />
    </concept>
    <concept>
        <code value="REPRODUCTIVE_ENDOCRINE" />
        <display value="Reproductive Endocrine" />
    </concept>
    <concept>
        <code value="REPRODUCTIVE_MEDICINE" />
        <display value="Reproductive Medicine" />
    </concept>
    <concept>
        <code value="URODYNAMICS_1" />
        <display value="Urodynamics" />
    </concept>
    <concept>
        <code value="USS_GYNAECOLOGY" />
        <display value="USS Gynaecology" />
    </concept>
    <concept>
        <code value="ADOLESCENT_GYNAECOLOGY" />
        <display value="Adolescent Gynaecology" />
    </concept>
    <concept>
        <code value="GENERAL_ADULT_4" />
        <display value="General Adult" />
    </concept>
    <concept>
        <code value="PELVIC_FLOOR" />
        <display value="Pelvic Floor" />
    </concept>
    <concept>
        <code value="WELL_WOMAN" />
        <display value="Well Woman" />
    </concept>
    <concept>
        <code value="ANTI_COAGULANT" />
        <display value="Anti Coagulant" />
    </concept>
    <concept>
        <code value="CLOTTING_DISORDERS" />
        <display value="Clotting Disorders" />
    </concept>
    <concept>
        <code value="HAEMOGLOBINOPATHIES_1" />
        <display value="Haemoglobinopathies" />
    </concept>
    <concept>
        <code value="NOT_OTHERWISE_SPECIFIED_9" />
        <display value="Not Otherwise Specified" />
    </concept>
    <concept>
        <code value="ONCOLOGY_ESTABLISHED_DIAGNOSIS_8" />
        <display value="Oncology (Established Diagnosis)" />
    </concept>
    <concept>
        <code value="RAPID_ACCESS_5" />
        <display value="Rapid Access" />
    </concept>
    <concept>
        <code value="GENERAL_HAEMATOLOGY" />
        <display value="General Haematology" />
    </concept>
    <concept>
        <code value="EXERCISE" />
        <display value="Exercise" />
    </concept>
    <concept>
        <code value="SMOKING_CESSATION" />
        <display value="Smoking Cessation" />
    </concept>
    <concept>
        <code value="WEIGHT_MANAGEMENT_2" />
        <display value="Weight Management" />
    </concept>
    <concept>
        <code value="AUTOIMMUNE_DISEASE" />
        <display value="Autoimmune Disease" />
    </concept>
    <concept>
        <code value="IMMUNODEFICIENCY" />
        <display value="Immunodeficiency" />
    </concept>
    <concept>
        <code value="NOT_OTHERWISE_SPECIFIED_10" />
        <display value="Not Otherwise Specified" />
    </concept>
    <concept>
        <code value="GENERAL_CLINICAL_IMMUNOLOGY" />
        <display value="General Clinical Immunology" />
    </concept>
    <concept>
        <code value="BONE_AND_JOINT_INFECTION" />
        <display value="Bone and Joint Infection" />
    </concept>
    <concept>
        <code value="CHRONIC_FATIGUE_SYNDROME" />
        <display value="Chronic Fatigue Syndrome" />
    </concept>
    <concept>
        <code value="FEVER" />
        <display value="Fever" />
    </concept>
    <concept>
        <code value="HIV" />
        <display value="HIV" />
    </concept>
    <concept>
        <code value="NOT_OTHERWISE_SPECIFIED_11" />
        <display value="Not Otherwise Specified" />
    </concept>
    <concept>
        <code value="TRAVEL_ADVICE" />
        <display value="Travel Advice" />
    </concept>
    <concept>
        <code value="TROPICAL_INFECTIONS" />
        <display value="Tropical Infections" />
    </concept>
    <concept>
        <code value="TUBERCULOSIS_1" />
        <display value="Tuberculosis" />
    </concept>
    <concept>
        <code value="VIRAL_HEPATITIS_NOT_HEP_A" />
        <display value="Viral Hepatitis (not Hep A)" />
    </concept>
    <concept>
        <code value="GENERAL_INFECTIOUS_DISEASES" />
        <display value="General Infectious Diseases" />
    </concept>
    <concept>
        <code value="LEARNING_DISABILITIES" />
        <display value="Learning Disabilities" />
    </concept>
    <concept>
        <code value="ANXIETY_DEPRESSION_STRESS_MILD_MODERATE_1" />
        <display value="Anxiety/Depression/Stress: Mild/Moderate" />
    </concept>
    <concept>
        <code value="ANXIETY_DEPRESSION_STRESS_SEVERE_2" />
        <display value="Anxiety/Depression/Stress: Severe" />
    </concept>
    <concept>
        <code value="DRUG_ALCOHOL_PROBLEMS_1" />
        <display value="Drug/Alcohol Problems" />
    </concept>
    <concept>
        <code value="EATING_DISORDERS_1" />
        <display value="Eating Disorders" />
    </concept>
    <concept>
        <code value="MEMORY_PROBLEMS" />
        <display value="Memory Problems" />
    </concept>
    <concept>
        <code value="NOT_OTHERWISE_SPECIFIED_12" />
        <display value="Not Otherwise Specified" />
    </concept>
    <concept>
        <code value="PERI_AND_POST_NATAL_ISSUES" />
        <display value="Peri and Post-Natal Issues" />
    </concept>
    <concept>
        <code value="PSYCHOLOGICAL_DISORDERS_DIFFICULTIES" />
        <display value="Psychological Disorders/Difficulties" />
    </concept>
    <concept>
        <code value="PSYCHOTIC_DISORDERS_1" />
        <display value="Psychotic Disorders" />
    </concept>
    <concept>
        <code value="SELF_HARM_1" />
        <display value="Self Harm" />
    </concept>
    <concept>
        <code value="SEXUAL_ISSUES" />
        <display value="Sexual Issues" />
    </concept>
    <concept>
        <code value="ANXIETY_DEPRESSION_STRESS_MILD_MODERATE" />
        <display value="Anxiety/Depression/Stress: Mild/Moderate" />
    </concept>
    <concept>
        <code value="ANXIETY_DEPRESSION_STRESS_SEVERE" />
        <display value="Anxiety/Depression/Stress: Severe" />
    </concept>
    <concept>
        <code value="BEHAVIOURAL_PROBLEMS_2" />
        <display value="Behavioural Problems" />
    </concept>
    <concept>
        <code value="DRUG_ALCOHOL_PROBLEMS_2" />
        <display value="Drug/Alcohol Problems" />
    </concept>
    <concept>
        <code value="EATING_DISORDERS_2" />
        <display value="Eating Disorders" />
    </concept>
    <concept>
        <code value="EMOTIONAL_PROBLEMS" />
        <display value="Emotional Problems" />
    </concept>
    <concept>
        <code value="NOT_OTHERWISE_SPECIFIED_13" />
        <display value="Not Otherwise Specified" />
    </concept>
    <concept>
        <code value="PSYCHOTIC_DISORDERS_2" />
        <display value="Psychotic Disorders" />
    </concept>
    <concept>
        <code value="SCHOOL_REFUSAL" />
        <display value="School Refusal" />
    </concept>
    <concept>
        <code value="SELF_HARM_2" />
        <display value="Self Harm" />
    </concept>
    <concept>
        <code value="SLEEP_PROBLEMS" />
        <display value="Sleep Problems" />
    </concept>
    <concept>
        <code value="HYPERTENSION_3" />
        <display value="Hypertension" />
    </concept>
    <concept>
        <code value="NEPHROLOGY_2" />
        <display value="Nephrology" />
    </concept>
    <concept>
        <code value="RENAL_DIABETES_2" />
        <display value="Renal Diabetes" />
    </concept>
    <concept>
        <code value="METABOLIC_DISORDERS_3" />
        <display value="Metabolic Disorders" />
    </concept>
    <concept>
        <code value="VASCULITIS" />
        <display value="Vasculitis" />
    </concept>
    <concept>
        <code value="COGNITIVE_DISORDERS_2" />
        <display value="Cognitive Disorders" />
    </concept>
    <concept>
        <code value="EPILEPSY" />
        <display value="Epilepsy" />
    </concept>
    <concept>
        <code value="HEADACHE" />
        <display value="Headache" />
    </concept>
    <concept>
        <code value="NEUROMUSCULAR" />
        <display value="Neuromuscular" />
    </concept>
    <concept>
        <code value="NOT_OTHERWISE_SPECIFIED_14" />
        <display value="Not Otherwise Specified" />
    </concept>
    <concept>
        <code value="ONCOLOGY_ESTABLISHED_DIAGNOSIS_9" />
        <display value="Oncology (Established Diagnosis)" />
    </concept>
    <concept>
        <code value="PARKINSONS_MOVEMENT_DISORDERS" />
        <display value="Parkinsons / Movement Disorders" />
    </concept>
    <concept>
        <code value="SLEEP_SEE_SLEEP_MEDICINE_1" />
        <display value="Sleep - see Sleep Medicine" />
    </concept>
    <concept>
        <code value="STROKE_NOT_TIA_2" />
        <display value="Stroke (not TIA)" />
    </concept>
    <concept>
        <code value="TRANSIENT_ISCHAEMIC_ATTACK" />
        <display value="Transient Ischaemic Attack" />
    </concept>
    <concept>
        <code value="ACUTE_BRAIN_INJURY" />
        <display value="Acute Brain Injury" />
    </concept>
    <concept>
        <code value="BOTULINUM_TOXIN" />
        <display value="Botulinum Toxin" />
    </concept>
    <concept>
        <code value="CEREBROVASCULAR" />
        <display value="Cerebrovascular" />
    </concept>
    <concept>
        <code value="TRANSIENT_ISCHAEMIC_ATTACK_STROKE" />
        <display value="Transient Ischaemic Attack/Stroke" />
    </concept>
    <concept>
        <code value="GENERAL_ADULT_5" />
        <display value="General Adult" />
    </concept>
    <concept>
        <code value="HEAD_INJURY" />
        <display value="Head Injury" />
    </concept>
    <concept>
        <code value="MOTOR_NEURONE_DISEASE" />
        <display value="Motor Neurone Disease" />
    </concept>
    <concept>
        <code value="MULTIPLE_SCLEROSIS" />
        <display value="Multiple Sclerosis" />
    </concept>
    <concept>
        <code value="SLEEP_FATIGUE" />
        <display value="Sleep/Fatigue" />
    </concept>
    <concept>
        <code value="MOVEMENT_DISORDERS_2" />
        <display value="Movement Disorders" />
    </concept>
    <concept>
        <code value="NOT_OTHERWISE_SPECIFIED_15" />
        <display value="Not Otherwise Specified" />
    </concept>
    <concept>
        <code value="SPINAL_1" />
        <display value="Spinal" />
    </concept>
    <concept>
        <code value="GENERAL_NEUROSURGERY" />
        <display value="General Neurosurgery" />
    </concept>
    <concept>
        <code value="ANTENATAL" />
        <display value="Antenatal" />
    </concept>
    <concept>
        <code value="DIABETES_3" />
        <display value="Diabetes" />
    </concept>
    <concept>
        <code value="ENDOCRINE_PREGNANCY_2" />
        <display value="Endocrine Pregnancy" />
    </concept>
    <concept>
        <code value="GENETICS_3" />
        <display value="Genetics" />
    </concept>
    <concept>
        <code value="HAEMOGLOBINOPATHIES_2" />
        <display value="Haemoglobinopathies" />
    </concept>
    <concept>
        <code value="MATERNAL_FOETAL_RISK" />
        <display value="Maternal/Foetal Risk" />
    </concept>
    <concept>
        <code value="MATERNAL_MEDICINE" />
        <display value="Maternal Medicine" />
    </concept>
    <concept>
        <code value="MULTIPLE_PREGNANCY" />
        <display value="Multiple Pregnancy" />
    </concept>
    <concept>
        <code value="NOT_OTHERWISE_SPECIFIED_16" />
        <display value="Not Otherwise Specified" />
    </concept>
    <concept>
        <code value="USS_OBSTETRICS" />
        <display value="USS Obstetrics" />
    </concept>
    <concept>
        <code value="GENERAL_OBSTETRICS" />
        <display value="General Obstetrics" />
    </concept>
    <concept>
        <code value="FALLS_SEE_GERIATRIC_MEDICINE_1" />
        <display value="Falls - See Geriatric Medicine" />
    </concept>
    <concept>
        <code value="NOT_OTHERWISE_SPECIFIED_17" />
        <display value="Not Otherwise Specified" />
    </concept>
    <concept>
        <code value="UPPER_LIMB_SPLINTING" />
        <display value="Upper Limb / Splinting" />
    </concept>
    <concept>
        <code value="WHEELCHAIR_SEATING" />
        <display value="Wheelchair / Seating" />
    </concept>
    <concept>
        <code value="CATARACT" />
        <display value="Cataract" />
    </concept>
    <concept>
        <code value="CORNEA" />
        <display value="Cornea" />
    </concept>
    <concept>
        <code value="DIABETIC_MEDICAL_RETINA" />
        <display value="Diabetic Medical Retina" />
    </concept>
    <concept>
        <code value="EXTERNAL_EYE_DISEASE" />
        <display value="External Eye Disease" />
    </concept>
    <concept>
        <code value="GLAUCOMA" />
        <display value="Glaucoma" />
    </concept>
    <concept>
        <code value="LASER_YAG_CAPSULOTOMY" />
        <display value="Laser (YAG capsulotomy)" />
    </concept>
    <concept>
        <code value="LOW_VISION" />
        <display value="Low Vision" />
    </concept>
    <concept>
        <code value="NEURO_OPHTHALMOLOGY" />
        <display value="Neuro-Ophthalmology" />
    </concept>
    <concept>
        <code value="NOT_OTHERWISE_SPECIFIED_18" />
        <display value="Not Otherwise Specified" />
    </concept>
    <concept>
        <code value="OCULOPLASTICS_ORBITS_LACRIMAL" />
        <display value="Oculoplastics/Orbits/Lacrimal" />
    </concept>
    <concept>
        <code value="ONCOLOGY_ESTABLISHED_DIAGNOSIS_10" />
        <display value="Oncology (Established Diagnosis)" />
    </concept>
    <concept>
        <code value="ORTHOPTICS" />
        <display value="Orthoptics" />
    </concept>
    <concept>
        <code value="OTHER_MEDICAL_RETINA" />
        <display value="Other Medical Retina" />
    </concept>
    <concept>
        <code value="SQUINT_OCULAR_MOTILITY" />
        <display value="Squint / Ocular Motility" />
    </concept>
    <concept>
        <code value="VITREORETINAL" />
        <display value="Vitreoretinal" />
    </concept>
    <concept>
        <code value="EYELID_ADNEXAL_DISORDER" />
        <display value="Eyelid (Adnexal) Disorder" />
    </concept>
    <concept>
        <code value="LACRIMAL" />
        <display value="Lacrimal" />
    </concept>
    <concept>
        <code value="MEDICAL_RETINA" />
        <display value="Medical Retina" />
    </concept>
    <concept>
        <code value="METABOLIC_EYE_DISEASES_1" />
        <display value="Metabolic Eye Diseases" />
    </concept>
    <concept>
        <code value="GENERAL_ADULT_6" />
        <display value="General Adult" />
    </concept>
    <concept>
        <code value="GENERAL_PAEDIATRIC_1" />
        <display value="General Paediatric" />
    </concept>
    <concept>
        <code value="STRABISMUS_OCULAR_MOTILITY_PAEDIATRICS" />
        <display value="Strabismus/Ocular Motility (Paediatrics)" />
    </concept>
    <concept>
        <code value="OPHTHALMIC_URGENT" />
        <display value="Ophthalmic Urgent" />
    </concept>
    <concept>
        <code value="FACIAL_DEFORMITY" />
        <display value="Facial Deformity" />
    </concept>
    <concept>
        <code value="FACIAL_PLASTICS" />
        <display value="Facial Plastics" />
    </concept>
    <concept>
        <code value="HEAD_AND_NECK_LUMPS_NOT_2WW" />
        <display value="Head and Neck Lumps (not 2WW)" />
    </concept>
    <concept>
        <code value="NOT_OTHERWISE_SPECIFIED_19" />
        <display value="Not Otherwise Specified" />
    </concept>
    <concept>
        <code value="ONCOLOGY_ESTABLISHED_DIAGNOSIS_11" />
        <display value="Oncology (Established Diagnosis)" />
    </concept>
    <concept>
        <code value="ORAL_SURGERY" />
        <display value="Oral Surgery" />
    </concept>
    <concept>
        <code value="SALIVARY_GLAND_DISEASE" />
        <display value="Salivary Gland Disease" />
    </concept>
    <concept>
        <code value="PAEDIATRIC_FACIAL_DEFORMITY" />
        <display value="Paediatric Facial Deformity" />
    </concept>
    <concept>
        <code value="PAEDIATRIC_NOT_OTHERWISE_SPECIFIED" />
        <display value="Paediatric Not Otherwise Specified" />
    </concept>
    <concept>
        <code value="PAEDIATRIC_ORAL_SURGERY" />
        <display value="Paediatric Oral Surgery" />
    </concept>
    <concept>
        <code value="RAPID_ACCESS_FACIAL_SKIN" />
        <display value="Rapid Access Facial Skin" />
    </concept>
    <concept>
        <code value="RAPID_ACCESS_NECK_LUMPS" />
        <display value="Rapid Access Neck Lumps" />
    </concept>
    <concept>
        <code value="FOOT_AND_ANKLE" />
        <display value="Foot and Ankle" />
    </concept>
    <concept>
        <code value="FRACTURE_NON_EMERGENCY" />
        <display value="Fracture - Non Emergency" />
    </concept>
    <concept>
        <code value="HAND_AND_WRIST" />
        <display value="Hand and Wrist" />
    </concept>
    <concept>
        <code value="HIP" />
        <display value="Hip" />
    </concept>
    <concept>
        <code value="KNEE" />
        <display value="Knee" />
    </concept>
    <concept>
        <code value="LIMB_DEFORMITY_RECONSTRUCTION" />
        <display value="Limb Deformity/Reconstruction" />
    </concept>
    <concept>
        <code value="ONCOLOGY_ESTABLISHED_DIAGNOSIS_12" />
        <display value="Oncology (Established Diagnosis)" />
    </concept>
    <concept>
        <code value="PODIATRIC_SURGERY" />
        <display value="Podiatric Surgery" />
    </concept>
    <concept>
        <code value="SHOULDER_AND_ELBOW" />
        <display value="Shoulder and Elbow" />
    </concept>
    <concept>
        <code value="SPINE_BACK_PAIN_NOT_SCOLIOSIS_DEFORM" />
        <display value="Spine - Back Pain (not Scoliosis/Deform)" />
    </concept>
    <concept>
        <code value="SPINE_NECK_PAIN" />
        <display value="Spine - Neck Pain" />
    </concept>
    <concept>
        <code value="SPINE_SCOLIOSIS_AND_DEFORMITY" />
        <display value="Spine - Scoliosis and Deformity" />
    </concept>
    <concept>
        <code value="SPORTS_TRAUMA" />
        <display value="Sports Trauma" />
    </concept>
    <concept>
        <code value="LOWER_LIMB_1" />
        <display value="Lower Limb" />
    </concept>
    <concept>
        <code value="PAIN_MANAGEMENT_1" />
        <display value="Pain Management" />
    </concept>
    <concept>
        <code value="SPINAL_2" />
        <display value="Spinal" />
    </concept>
    <concept>
        <code value="UPPER_LIMB_1" />
        <display value="Upper Limb" />
    </concept>
    <concept>
        <code value="GENERAL_PAEDIATRIC_TRAUMA_ORTHOPAEDICS" />
        <display value="General Paediatric Trauma &amp; Orthopaedics" />
    </concept>
    <concept>
        <code value="RAPID_ACCESS_TRAUMA_ORTHOPAEDICS" />
        <display value="Rapid Access Trauma &amp; Orthopaedics" />
    </concept>
    <concept>
        <code value="GENERAL_ADULT_TRAUMA_ORTHOPAEDICS" />
        <display value="General Adult Trauma &amp; Orthopaedics" />
    </concept>
    <concept>
        <code value="GENERAL_SPINE" />
        <display value="General Spine" />
    </concept>
    <concept>
        <code value="HIP_AND_KNEE" />
        <display value="Hip and Knee" />
    </concept>
    <concept>
        <code value="ORTHOPAEDIC_RHEUMATOID" />
        <display value="Orthopaedic Rheumatoid" />
    </concept>
    <concept>
        <code value="ORTHOTICS" />
        <display value="Orthotics" />
    </concept>
    <concept>
        <code value="PROSTHETICS" />
        <display value="Prosthetics" />
    </concept>
    <concept>
        <code value="PAIN_MANAGEMENT_2" />
        <display value="Pain Management" />
    </concept>
    <concept>
        <code value="PALLIATIVE_MEDICINE" />
        <display value="Palliative Medicine" />
    </concept>
    <concept>
        <code value="CARDIOVASCULAR" />
        <display value="Cardiovascular" />
    </concept>
    <concept>
        <code value="FALLS_SEE_GERIATRIC_MEDICINE" />
        <display value="Falls - see Geriatric Medicine" />
    </concept>
    <concept>
        <code value="GYNAECOLOGICAL_PHYSIOTHERAPY" />
        <display value="Gynaecological Physiotherapy" />
    </concept>
    <concept>
        <code value="MUSCULOSKELETAL_1" />
        <display value="Musculoskeletal" />
    </concept>
    <concept>
        <code value="NEUROLOGICAL" />
        <display value="Neurological" />
    </concept>
    <concept>
        <code value="NOT_OTHERWISE_SPECIFIED_20" />
        <display value="Not Otherwise Specified" />
    </concept>
    <concept>
        <code value="OBSTETRIC_PHYSIOTHERAPY" />
        <display value="Obstetric Physiotherapy" />
    </concept>
    <concept>
        <code value="ONCOLOGY_ESTABLISHED_DIAGNOSIS_13" />
        <display value="Oncology (established diagnosis)" />
    </concept>
    <concept>
        <code value="RESPIRATORY_2" />
        <display value="Respiratory" />
    </concept>
    <concept>
        <code value="UROLOGICAL_PHYSIOTHERAPY" />
        <display value="Urological Physiotherapy" />
    </concept>
    <concept>
        <code value="CARDIAC_RESPIRATORY_PHASING_OUT" />
        <display value="Cardiac / Respiratory (phasing out)" />
    </concept>
    <concept>
        <code value="AT_RISK_FOOT" />
        <display value="At Risk Foot" />
    </concept>
    <concept>
        <code value="BIOMECHANICAL" />
        <display value="Biomechanical" />
    </concept>
    <concept>
        <code value="DIABETES_NOT_ULCER" />
        <display value="Diabetes (not Ulcer)" />
    </concept>
    <concept>
        <code value="NAIL_SURGERY" />
        <display value="Nail Surgery" />
    </concept>
    <concept>
        <code value="NOT_OTHERWISE_SPECIFIED_21" />
        <display value="Not Otherwise Specified" />
    </concept>
    <concept>
        <code value="PODIATRIC_DERMATOLOGY" />
        <display value="Podiatric Dermatology" />
    </concept>
    <concept>
        <code value="PODIATRIC_HEALTH_EDUCATION" />
        <display value="Podiatric Health Education" />
    </concept>
    <concept>
        <code value="PODIATRIC_MSK_INCL_RHEUMATOLOGY" />
        <display value="Podiatric MSK - incl rheumatology" />
    </concept>
    <concept>
        <code value="PODIATRIC_SURGERY_EXCL_NAIL_SURGERY" />
        <display value="Podiatric Surgery - excl nail surgery" />
    </concept>
    <concept>
        <code value="MINOR_SURGERY_PHASING_OUT" />
        <display value="Minor Surgery (phasing out)" />
    </concept>
    <concept>
        <code value="RHEUMATIC_DISEASES_PHASING_OUT" />
        <display value="Rheumatic Diseases (phasing out)" />
    </concept>
    <concept>
        <code value="NEURO_REHABILITATION" />
        <display value="Neuro-rehabilitation" />
    </concept>
    <concept>
        <code value="NOT_OTHERWISE_SPECIFIED_22" />
        <display value="Not Otherwise Specified" />
    </concept>
    <concept>
        <code value="GENERAL_REHABILITATION" />
        <display value="General Rehabilitation" />
    </concept>
    <concept>
        <code value="ALLERGY_4" />
        <display value="Allergy" />
    </concept>
    <concept>
        <code value="ASTHMA" />
        <display value="Asthma" />
    </concept>
    <concept>
        <code value="COPD" />
        <display value="COPD" />
    </concept>
    <concept>
        <code value="CYSTIC_FIBROSIS" />
        <display value="Cystic Fibrosis" />
    </concept>
    <concept>
        <code value="INTERSTITIAL_LUNG_DISEASE" />
        <display value="Interstitial Lung Disease" />
    </concept>
    <concept>
        <code value="NOT_OTHERWISE_SPECIFIED_23" />
        <display value="Not Otherwise Specified" />
    </concept>
    <concept>
        <code value="OCCUPATIONAL_LUNG_DISEASE" />
        <display value="Occupational Lung Disease" />
    </concept>
    <concept>
        <code value="ONCOLOGY_ESTABLISHED_DIAGNOSIS_14" />
        <display value="Oncology (Established Diagnosis)" />
    </concept>
    <concept>
        <code value="SLEEP_SEE_SLEEP_MEDICINE_2" />
        <display value="Sleep - see Sleep Medicine" />
    </concept>
    <concept>
        <code value="TUBERCULOSIS_2" />
        <display value="Tuberculosis" />
    </concept>
    <concept>
        <code value="RAPID_ACCESS_6" />
        <display value="Rapid Access" />
    </concept>
    <concept>
        <code value="GENERAL_THORACIC_MEDICINE" />
        <display value="General Thoracic Medicine" />
    </concept>
    <concept>
        <code value="IMMUNOTHERAPY" />
        <display value="Immunotherapy" />
    </concept>
    <concept>
        <code value="BONE_OSTEOPOROSIS" />
        <display value="Bone / Osteoporosis" />
    </concept>
    <concept>
        <code value="INFLAMMATORY_ARTHRITIS" />
        <display value="Inflammatory Arthritis" />
    </concept>
    <concept>
        <code value="MUSCULOSKELETAL_2" />
        <display value="Musculoskeletal" />
    </concept>
    <concept>
        <code value="OTHER_AUTOIMMUNE_RHEUMATIC_DISEASE" />
        <display value="Other Autoimmune Rheumatic Disease" />
    </concept>
    <concept>
        <code value="SPINAL_DISORDERS" />
        <display value="Spinal Disorders" />
    </concept>
    <concept>
        <code value="PAIN_MANAGEMENT_3" />
        <display value="Pain Management" />
    </concept>
    <concept>
        <code value="PHYSIOTHERAPY" />
        <display value="Physiotherapy" />
    </concept>
    <concept>
        <code value="RAPID_ACCESS_RHEUMATOLOGY" />
        <display value="Rapid Access Rheumatology" />
    </concept>
    <concept>
        <code value="SOFT_TISSUE_CLINIC" />
        <display value="Soft Tissue Clinic" />
    </concept>
    <concept>
        <code value="GENERAL_PAEDIATRIC_2" />
        <display value="General Paediatric" />
    </concept>
    <concept>
        <code value="GENERAL_ADULT_7" />
        <display value="General Adult" />
    </concept>
    <concept>
        <code value="ACUTE_RESPONSE_PHASING_OUT" />
        <display value="Acute Response (phasing out)" />
    </concept>
    <concept>
        <code value="AUTOIMMUNE_RHEUM_DISORDERS_PHASING_OUT" />
        <display value="Autoimmune Rheum Disorders (phasing out)" />
    </concept>
    <concept>
        <code value="CHRONIC_MSK_PAIN_PHASING_OUT" />
        <display value="Chronic MSK Pain (phasing out)" />
    </concept>
    <concept>
        <code value="EXCESSIVE_INTRUSIVE_SLEEPINESS" />
        <display value="Excessive / Intrusive Sleepiness" />
    </concept>
    <concept>
        <code value="INSOMNIA" />
        <display value="Insomnia" />
    </concept>
    <concept>
        <code value="PARASOMNIA_AND_OTHER_SLEEP_DISORDERS" />
        <display value="Parasomnia and Other Sleep Disorders" />
    </concept>
    <concept>
        <code value="SLEEP_APNOEA_SLEEP_DISORDERED_BREATHING" />
        <display value="Sleep Apnoea/Sleep Disordered Breathing" />
    </concept>
    <concept>
        <code value="GENERAL_SLEEP_STUDIES" />
        <display value="General Sleep Studies" />
    </concept>
    <concept>
        <code value="COMMUNICATION" />
        <display value="Communication" />
    </concept>
    <concept>
        <code value="SWALLOWING_2" />
        <display value="Swallowing" />
    </concept>
    <concept>
        <code value="EXERCISE_MEDICINE" />
        <display value="Exercise Medicine" />
    </concept>
    <concept>
        <code value="NON_SURGICAL_MUSCULOSKELETAL" />
        <display value="Non-Surgical Musculoskeletal" />
    </concept>
    <concept>
        <code value="SOFT_TISSUE_INJURY" />
        <display value="Soft Tissue Injury" />
    </concept>
    <concept>
        <code value="SPORTS_INJURY" />
        <display value="Sports Injury" />
    </concept>
    <concept>
        <code value="SPORTS_MEDICINE" />
        <display value="Sports Medicine" />
    </concept>
    <concept>
        <code value="FH_OF_BREAST_CANCER_NON_2WW" />
        <display value="FH of Breast Cancer (non 2WW)" />
    </concept>
    <concept>
        <code value="MAMMOPLASTY_NON_2WW" />
        <display value="Mammoplasty (non 2WW)" />
    </concept>
    <concept>
        <code value="ONCOLOGY_ESTABLISHED_DIAGNOSIS_NON_2WW" />
        <display value="Oncology Established Diagnosis (non 2WW)" />
    </concept>
    <concept>
        <code value="OTHER_SYMPTOMATIC_BREAST_2WW" />
        <display value="Other symptomatic Breast (2WW)" />
    </concept>
    <concept>
        <code value="RAPID_ACCESS_7" />
        <display value="Rapid Access" />
    </concept>
    <concept>
        <code value="BREAST_ONE_STOP_UNIT" />
        <display value="Breast One Stop Unit" />
    </concept>
    <concept>
        <code value="GENERAL_BREAST_SURGERY" />
        <display value="General Breast Surgery" />
    </concept>
    <concept>
        <code value="CARDIAC_SURGERY_1" />
        <display value="Cardiac Surgery" />
    </concept>
    <concept>
        <code value="THORACIC_SURGERY" />
        <display value="Thoracic Surgery" />
    </concept>
    <concept>
        <code value="GENERAL_CARDIOTHORACIC_SURGERY" />
        <display value="General Cardiothoracic Surgery" />
    </concept>
    <concept>
        <code value="ENDOCRINE_SURGERY" />
        <display value="Endocrine Surgery" />
    </concept>
    <concept>
        <code value="HERNIAS" />
        <display value="Hernias" />
    </concept>
    <concept>
        <code value="LUMPS_AND_BUMPS" />
        <display value="Lumps and Bumps" />
    </concept>
    <concept>
        <code value="GENERAL_SURGERY" />
        <display value="General Surgery" />
    </concept>
    <concept>
        <code value="MALE_STERILISATION_REVERSAL" />
        <display value="Male Sterilisation/Reversal" />
    </concept>
    <concept>
        <code value="MINOR_SURGERY" />
        <display value="Minor Surgery" />
    </concept>
    <concept>
        <code value="RAPID_ACCESS_GENERAL_SURGERY" />
        <display value="Rapid Access General Surgery" />
    </concept>
    <concept>
        <code value="ENDOSCOPY_1" />
        <display value="Endoscopy" />
    </concept>
    <concept>
        <code value="UPPER_GI_2" />
        <display value="Upper GI" />
    </concept>
    <concept>
        <code value="BASAL_CELL_CARCINOMA_2" />
        <display value="Basal Cell Carcinoma" />
    </concept>
    <concept>
        <code value="BURNS" />
        <display value="Burns" />
    </concept>
    <concept>
        <code value="CRANIOFACIAL_2" />
        <display value="Craniofacial" />
    </concept>
    <concept>
        <code value="GYNAECOLOGY_AND_PERINEAL_RECONSTRUCTION" />
        <display value="Gynaecology and Perineal Reconstruction" />
    </concept>
    <concept>
        <code value="LASER" />
        <display value="Laser" />
    </concept>
    <concept>
        <code value="LOWER_LIMB_2" />
        <display value="Lower Limb" />
    </concept>
    <concept>
        <code value="MAMMOPLASTY" />
        <display value="Mammoplasty" />
    </concept>
    <concept>
        <code value="MINOR_PLASTIC_SURGERY" />
        <display value="Minor Plastic Surgery" />
    </concept>
    <concept>
        <code value="NOT_OTHERWISE_SPECIFIED_24" />
        <display value="Not Otherwise Specified" />
    </concept>
    <concept>
        <code value="ONCOLOGY_ESTABLISHED_DIAGNOSIS_15" />
        <display value="Oncology (Established Diagnosis)" />
    </concept>
    <concept>
        <code value="UPPER_LIMB_2" />
        <display value="Upper Limb" />
    </concept>
    <concept>
        <code value="VASCULAR_MALFORMATION" />
        <display value="Vascular Malformation" />
    </concept>
    <concept>
        <code value="RAPID_ACCESS_8" />
        <display value="Rapid Access" />
    </concept>
    <concept>
        <code value="PAEDIATRIC_PLASTIC_SURGERY" />
        <display value="Paediatric Plastic Surgery" />
    </concept>
    <concept>
        <code value="GENERAL_PLASTIC_SURGERY" />
        <display value="General Plastic Surgery" />
    </concept>
    <concept>
        <code value="ARTERIAL" />
        <display value="Arterial" />
    </concept>
    <concept>
        <code value="LEG_ULCER_2" />
        <display value="Leg Ulcer" />
    </concept>
    <concept>
        <code value="LYMPHOEDEMA" />
        <display value="Lymphoedema" />
    </concept>
    <concept>
        <code value="NOT_OTHERWISE_SPECIFIED_25" />
        <display value="Not Otherwise Specified" />
    </concept>
    <concept>
        <code value="VARICOSE_VEINS" />
        <display value="Varicose Veins" />
    </concept>
    <concept>
        <code value="DOPPLER_TEST" />
        <display value="Doppler Test" />
    </concept>
    <concept>
        <code value="ANEURYSM" />
        <display value="Aneurysm" />
    </concept>
    <concept>
        <code value="GENERAL_VASCULAR_SURGERY" />
        <display value="General Vascular Surgery" />
    </concept>
    <concept>
        <code value="IN_CONTINENCE" />
        <display value="(In) Continence" />
    </concept>
    <concept>
        <code value="ERECTILE_DYSFUNCTION_ANDROLOGY" />
        <display value="Erectile Dysfunction/Andrology" />
    </concept>
    <concept>
        <code value="HAEMATURIA_NOT_2WW" />
        <display value="Haematuria (not 2WW)" />
    </concept>
    <concept>
        <code value="MALE_INFERTILITY" />
        <display value="Male Infertility" />
    </concept>
    <concept>
        <code value="NOT_OTHERWISE_SPECIFIED_26" />
        <display value="Not Otherwise Specified" />
    </concept>
    <concept>
        <code value="ONCOLOGY_ESTABLISHED_DIAGNOSIS_16" />
        <display value="Oncology (Established Diagnosis)" />
    </concept>
    <concept>
        <code value="PROSTATE" />
        <display value="Prostate" />
    </concept>
    <concept>
        <code value="URINARY_CALCULUS" />
        <display value="Urinary Calculus" />
    </concept>
    <concept>
        <code value="VASECTOMY" />
        <display value="Vasectomy" />
    </concept>
    <concept>
        <code value="FEMALE_AND_RECONSTRUCTION" />
        <display value="Female and Reconstruction" />
    </concept>
    <concept>
        <code value="GENDER_REASSIGNMENT" />
        <display value="Gender Reassignment" />
    </concept>
    <concept>
        <code value="GENERAL_UROLOGY" />
        <display value="General Urology" />
    </concept>
    <concept>
        <code value="MALE_RECONSTRUCTION" />
        <display value="Male Reconstruction" />
    </concept>
    <concept>
        <code value="PAEDIATRIC_2" />
        <display value="Paediatric" />
    </concept>
    <concept>
        <code value="RAPID_ACCESS_UROLOGY" />
        <display value="Rapid Access Urology" />
    </concept>
    <concept>
        <code value="URODYNAMICS_2" />
        <display value="Urodynamics" />
    </concept>
    <concept>
        <code value="UROGYNAECOLOGY" />
        <display value="Urogynaecology" />
    </concept>
    <concept>
        <code value="ANDROLOGY" />
        <display value="Andrology" />
    </concept>
    <concept>
        <code value="ERECTILE_DYSFUNCTION_2" />
        <display value="Erectile Dysfunction" />
    </concept>
    <concept>
        <code value="GENERAL_RADIOLOGY" />
        <display value="General Radiology" />
    </concept>
    <concept>
        <code value="ULTRASOUND_2" />
        <display value="Ultrasound" />
    </concept>
    <concept>
        <code value="GENERAL_NEONATOLOGY" />
        <display value="General Neonatology" />
    </concept>
    <concept>
        <code value="FOETAL_CARDIOLOGY" />
        <display value="Foetal Cardiology" />
    </concept>
    <concept>
        <code value="GENERAL_PAEDIATRIC_CARDIOLOGY" />
        <display value="General Paediatric Cardiology" />
    </concept>
    <concept>
        <code value="PULMONARY_HYPERTENSION" />
        <display value="Pulmonary Hypertension" />
    </concept>
    <concept>
        <code value="GENERAL_PAEDIATRIC_DENTISTRY" />
        <display value="General Paediatric Dentistry" />
    </concept>
    <concept>
        <code value="GENERAL_PAEDIATRIC_NEUROLOGY" />
        <display value="General Paediatric Neurology" />
    </concept>
    <concept>
        <code value="CARDIAC_SURGERY_2" />
        <display value="Cardiac Surgery" />
    </concept>
    <concept>
        <code value="GENERAL_PAEDIATRIC_SURGERY" />
        <display value="General Paediatric Surgery" />
    </concept>
    <concept>
        <code value="NEUROSURGERY" />
        <display value="Neurosurgery" />
    </concept>
    <concept>
        <code value="UPPER_LIMB_3" />
        <display value="Upper Limb" />
    </concept>
    <concept>
        <code value="UROLOGY_2" />
        <display value="Urology" />
    </concept>
    <concept>
        <code value="GENERAL_WELL_BABIES" />
        <display value="General Well Babies" />
    </concept>
    <concept>
        <code value="CONTACT_LENS" />
        <display value="Contact Lens" />
    </concept>
    <concept>
        <code value="EYE_SCREENING" />
        <display value="Eye Screening" />
    </concept>
    <concept>
        <code value="GENETIC_EYE_DISORDER" />
        <display value="Genetic Eye Disorder" />
    </concept>
    <concept>
        <code value="LOW_VISUAL_AID" />
        <display value="Low Visual Aid" />
    </concept>
    <concept>
        <code value="MEDICAL_RETINAL" />
        <display value="Medical Retinal" />
    </concept>
    <concept>
        <code value="METABOLIC_EYE_DISEASES_2" />
        <display value="Metabolic Eye Diseases" />
    </concept>
    <concept>
        <code value="GENERAL_MEDICAL_OPHTHALMOLOGY" />
        <display value="General Medical Ophthalmology" />
    </concept>
    <concept>
        <code value="GENERAL_PAEDIATRIC_ORAL_SURGERY" />
        <display value="General Paediatric Oral Surgery" />
    </concept>
    <concept>
        <code value="GENERAL_ADULT_ORAL_SURGERY" />
        <display value="General Adult Oral Surgery" />
    </concept>
    <concept>
        <code value="AUTOIMMUNE_DISEASES" />
        <display value="Autoimmune Diseases" />
    </concept>
    <concept>
        <code value="GEN_ADULT_CLINICAL_IMMUNOLOGY_ALLERGY" />
        <display value="Gen Adult Clinical Immunology &amp; Allergy" />
    </concept>
    <concept>
        <code value="GENERAL_CLINICAL_IMMUNOLOGY_AND_ALLERGY" />
        <display value="General Clinical Immunology and Allergy" />
    </concept>
    <concept>
        <code value="IMMUNE_DEFICIENCY" />
        <display value="Immune Deficiency" />
    </concept>
    <concept>
        <code value="PAEDIATRIC_CARDIAC_SURGERY" />
        <display value="Paediatric Cardiac Surgery" />
    </concept>
    <concept>
        <code value="GENERAL_CARDIAC_SURGERY" />
        <display value="General Cardiac Surgery" />
    </concept>
    <concept>
        <code value="GENERAL_THORACIC_SURGERY" />
        <display value="General Thoracic Surgery" />
    </concept>
    <concept>
        <code value="GEN_HEPATOBILARY_PANCREATIC_SURGERY" />
        <display value="Gen. Hepatobilary &amp; Pancreatic Surgery" />
    </concept>
    <concept>
        <code value="GENERAL_HEPATOLOGY" />
        <display value="General Hepatology" />
    </concept>
    <concept>
        <code value="INFECTIOUS_DISEASES_2" />
        <display value="Infectious Diseases" />
    </concept>
    <concept>
        <code value="METABOLIC_LIVER_DISEASES" />
        <display value="Metabolic Liver Diseases" />
    </concept>
    <concept>
        <code value="RAPID_ACCESS_9" />
        <display value="Rapid Access" />
    </concept>
    <concept>
        <code value="COLONOSCOPY" />
        <display value="Colonoscopy" />
    </concept>
    <concept>
        <code value="FLEXI_SIGMOIDOSCOPY" />
        <display value="Flexi Sigmoidoscopy" />
    </concept>
    <concept>
        <code value="GENERAL_COLORECTAL_SURGERY" />
        <display value="General Colorectal Surgery" />
    </concept>
    <concept>
        <code value="GENERAL_RECTAL" />
        <display value="General Rectal" />
    </concept>
    <concept>
        <code value="ENDOSCOPY_2" />
        <display value="Endoscopy" />
    </concept>
    <concept>
        <code value="RAPID_ACCESS_10" />
        <display value="Rapid Access" />
    </concept>
    <concept>
        <code value="GENERAL_UPPER_GASTROINTESTINAL_SURGERY" />
        <display value="General Upper Gastrointestinal Surgery" />
    </concept>
    <concept>
        <code value="PAEDIATRIC_3" />
        <display value="Paediatric" />
    </concept>
    <concept>
        <code value="DERMATOLOGY_3" />
        <display value="Dermatology" />
    </concept>
    <concept>
        <code value="GENERAL_TROPICAL_MEDICINE" />
        <display value="General Tropical Medicine" />
    </concept>
    <concept>
        <code value="LEPROSY_LEISHMONIASIS" />
        <display value="Leprosy/Leishmoniasis" />
    </concept>
    <concept>
        <code value="OPHTHALMOLOGY" />
        <display value="Ophthalmology" />
    </concept>
    <concept>
        <code value="GENERAL_ADULT_MENTAL_ILLNESS" />
        <display value="General Adult Mental Illness" />
    </concept>
    <concept>
        <code value="GENERAL_PAEDIATRIC_AUDIOLOGICAL_MEDICINE" />
        <display value="General Paediatric Audiological Medicine" />
    </concept>
    <concept>
        <code value="GENERAL_ADULT_AUDIOLOGICAL_MEDICINE" />
        <display value="General Adult Audiological Medicine" />
    </concept>
    <concept>
        <code value="GENERAL_AUDIOLOGICAL_MEDICINE" />
        <display value="General Audiological Medicine" />
    </concept>
    <concept>
        <code value="GENERAL_BONE_AND_MARROW_TRANSPLANTATION" />
        <display value="General Bone and Marrow Transplantation" />
    </concept>
    <concept>
        <code value="ACUTE_ACCESS_BURNS_CARE" />
        <display value="Acute Access Burns Care" />
    </concept>
    <concept>
        <code value="BURNS_CARE_REHABILITATION" />
        <display value="Burns Care Rehabilitation" />
    </concept>
    <concept>
        <code value="GENERAL_BURNS_CARE" />
        <display value="General Burns Care" />
    </concept>
    <concept>
        <code value="GENERAL_CHEMICAL_PATHOLOGY" />
        <display value="General Chemical Pathology" />
    </concept>
    <concept>
        <code value="GENETIC_DISORDERS" />
        <display value="Genetic Disorders" />
    </concept>
    <concept>
        <code value="LIPID_DISORDERS_3" />
        <display value="Lipid Disorders" />
    </concept>
    <concept>
        <code value="METABOLIC_DISORDERS_4" />
        <display value="Metabolic Disorders" />
    </concept>
    <concept>
        <code value="GENERAL_CHILD_AND_ADOLESCENT_PSYCHIATRY" />
        <display value="General Child and Adolescent Psychiatry" />
    </concept>
    <concept>
        <code value="GENERAL_CLINICAL_MICROBIOLOGY" />
        <display value="General Clinical Microbiology" />
    </concept>
    <concept>
        <code value="PAEDIATRIC_ONCOLOGY_1" />
        <display value="Paediatric Oncology" />
    </concept>
    <concept>
        <code value="BREAST_ONCOLOGY_1" />
        <display value="Breast Oncology" />
    </concept>
    <concept>
        <code value="DERMATOLOGICAL_ONCOLOGY_1" />
        <display value="Dermatological Oncology" />
    </concept>
    <concept>
        <code value="GASTROINTESTINAL_ONCOLOGY_1" />
        <display value="Gastrointestinal Oncology" />
    </concept>
    <concept>
        <code value="GENERAL_CLINICAL_ONCOLOGY" />
        <display value="General Clinical Oncology" />
    </concept>
    <concept>
        <code value="GYNAECOLOGICAL_ONCOLOGY_1" />
        <display value="Gynaecological Oncology" />
    </concept>
    <concept>
        <code value="HAEMATOLOGICAL_ONCOLOGY_1" />
        <display value="Haematological Oncology" />
    </concept>
    <concept>
        <code value="HEAD_AND_NECK_ONCOLOGY_1" />
        <display value="Head and Neck Oncology" />
    </concept>
    <concept>
        <code value="NEURO_ONCOLOGY_1" />
        <display value="Neuro-oncology" />
    </concept>
    <concept>
        <code value="ORTHOPAEDIC_ONCOLOGY_1" />
        <display value="Orthopaedic Oncology" />
    </concept>
    <concept>
        <code value="THORACIC_ONCOLOGY_1" />
        <display value="Thoracic Oncology" />
    </concept>
    <concept>
        <code value="UROLOGICAL_ONCOLOGY_1" />
        <display value="Urological Oncology" />
    </concept>
    <concept>
        <code value="GENERAL_CLINICAL_PHARMACOLOGY" />
        <display value="General Clinical Pharmacology" />
    </concept>
    <concept>
        <code value="GENERAL_CLINICAL_PHYSIOLOGY" />
        <display value="General Clinical Physiology" />
    </concept>
    <concept>
        <code value="GENERAL_DENTAL_MEDICINE" />
        <display value="General Dental Medicine" />
    </concept>
    <concept>
        <code value="GENERAL_FORENSIC_PSYCHIATRY" />
        <display value="General Forensic Psychiatry" />
    </concept>
    <concept>
        <code value="GENERAL_GYNAECOLOGICAL_ONCOLOGY" />
        <display value="General Gynaecological Oncology" />
    </concept>
    <concept>
        <code value="PAEDIATRIC_HAEMOPHILIA_2" />
        <display value="Paediatric Haemophilia" />
    </concept>
    <concept>
        <code value="GENERAL_HAEMOPHILIA" />
        <display value="General Haemophilia" />
    </concept>
    <concept>
        <code value="GENERAL_INTERVENTIONAL_RADIOLOGY" />
        <display value="General Interventional Radiology" />
    </concept>
    <concept>
        <code value="PAEDIATRIC_ONCOLOGY_2" />
        <display value="Paediatric Oncology" />
    </concept>
    <concept>
        <code value="XXXDO_NOT_USE_XXX" />
        <display value="XXXDO NOT USE XXX" />
    </concept>
    <concept>
        <code value="BREAST_ONCOLOGY_2" />
        <display value="Breast Oncology" />
    </concept>
    <concept>
        <code value="DERMATOLOGICAL_ONCOLOGY_2" />
        <display value="Dermatological Oncology" />
    </concept>
    <concept>
        <code value="GASTROINTESTINAL_ONCOLOGY_2" />
        <display value="Gastrointestinal Oncology" />
    </concept>
    <concept>
        <code value="GENERAL_MEDICAL_ONCOLOGY" />
        <display value="General Medical Oncology" />
    </concept>
    <concept>
        <code value="GYNAECOLOGICAL_ONCOLOGY_2" />
        <display value="Gynaecological Oncology" />
    </concept>
    <concept>
        <code value="HAEMATOLOGICAL_ONCOLOGY_2" />
        <display value="Haematological Oncology" />
    </concept>
    <concept>
        <code value="HEAD_AND_NECK_ONCOLOGY_2" />
        <display value="Head and Neck Oncology" />
    </concept>
    <concept>
        <code value="NEURO_ONCOLOGY_2" />
        <display value="Neuro-oncology" />
    </concept>
    <concept>
        <code value="ORTHOPAEDIC_ONCOLOGY_2" />
        <display value="Orthopaedic Oncology" />
    </concept>
    <concept>
        <code value="THORACIC_ONCOLOGY_2" />
        <display value="Thoracic Oncology" />
    </concept>
    <concept>
        <code value="UROLOGICAL_ONCOLOGY_2" />
        <display value="Urological Oncology" />
    </concept>
    <concept>
        <code value="GENERAL_OLD_AGE_PSYCHIATRY" />
        <display value="General Old Age Psychiatry" />
    </concept>
    <concept>
        <code value="PAEDIATRIC_ORTHODONTICS" />
        <display value="Paediatric Orthodontics" />
    </concept>
    <concept>
        <code value="GENERAL_ORTHODONTICS" />
        <display value="General Orthodontics" />
    </concept>
    <concept>
        <code value="GENERAL_PSYCHOTHERAPY" />
        <display value="General Psychotherapy" />
    </concept>
    <concept>
        <code value="GENERAL_TRANSPLANTATION_SURGERY" />
        <display value="General Transplantation Surgery" />
    </concept>
    <concept>
        <code value="INJECTION_AND_DRAINAGE" />
        <display value="Injection and Drainage" />
    </concept>
    <concept>
        <code value="TUMOUR_ABLATION" />
        <display value="Tumour Ablation" />
    </concept>
    <concept>
        <code value="VASCULAR_AND_STENT" />
        <display value="Vascular and Stent" />
    </concept>
</CodeSystem>