<CodeSystem xmlns="http://hl7.org/fhir">
    <id value="England-MessageReasonEncounter"/> 
    <url value="https://fhir.nhs.uk/CodeSystem/England-MessageReasonEncounter"/> 
    <identifier>
        <system value="https://fhir.nhs.uk/identifier/England-MessageReasonCode"/>
        <value value="EnglandMessageReasonEncounter"/>
    </identifier>
    <version value="1.0.0"/> 
    <name value="EnglandMessageReasonEncounter"/> 
    <title value="England Message Reason Encounter"/> 
    <status value="draft"/> 
    <date value="2023-08-18"/>
    <publisher value="NHS England"/>
    <contact>
        <name value="NHS England" />
        <telecom>
            <system value="email" />
            <value value="interoperabilityteam@nhs.net" />
            <use value="work" />
            <rank value="1" />
        </telecom>
    </contact>
    <description value="Message reason Prescription codes."/>
    <copyright value="Copyright © 2023+ NHS England Licensed under the Apache License, Version 2.0 (the \&quot;License\&quot;); you may not use this file except in compliance with the License. You may obtain a copy of the License at  http://www.apache.org/licenses/LICENSE-2.0 Unless required by applicable law or agreed to in writing, software distributed under the License is distributed on an \&quot;AS IS\&quot; BASIS, WITHOUT WARRANTIES OR CONDITIONS OF ANY KIND, either express or implied. See the License for the specific language governing permissions and limitations under the License. HL7® FHIR® standard Copyright © 2011+ HL7 The HL7® FHIR® standard is used under the FHIR license. You may obtain a copy of the FHIR license at  https://www.hl7.org/fhir/license.html." />
    <content value="complete"/> 
    <concept> 
      <code value="admit"/> 
      <display value="Admit"/> 
      <definition value="The patient has been admitted."/> 
    </concept> 
    <concept> 
      <code value="discharge"/> 
      <display value="Discharge"/> 
      <definition value="The patient has been discharged."/> 
    </concept> 
    <concept> 
      <code value="absent"/> 
      <display value="Absent"/> 
      <definition value="The patient has temporarily left the institution."/> 
    </concept> 
    <concept> 
      <code value="return"/> 
      <display value="Returned"/> 
      <definition value="The patient has returned from a temporary absence."/> 
    </concept> 
    <concept> 
      <code value="moved"/> 
      <display value="Moved"/> 
      <definition value="The patient has been moved to a new location."/> 
    </concept> 
    <concept> 
      <code value="edit"/> 
      <display value="Edit"/> 
      <definition value="Encounter details have been updated (e.g. to correct a coding error)."/> 
    </concept> 
  </CodeSystem> 