<CodeSystem xmlns="http://hl7.org/fhir">
    <id value="England-MessageEventBARS" />
    <url value="https://fhir.nhs.uk/CodeSystem/England-MessageEventBARS" />
    <identifier>
        <system value="https://fhir.nhs.uk/identifier/England-MessageEvents" />
        <value value="England-MessageEventBARS" />
    </identifier>
    <version value="1.0.0" />
    <name value="EnglandMessageEventBARS" />
    <title value="England MessageEvent BARS" />
    <status value="draft" />
    <date value="2023-06-01" />
    <publisher value="NHS England" />
    <contact>
        <name value="NHS England" />
        <telecom>
            <system value="email" />
            <value value="interoperabilityteam@nhs.net" />
            <use value="work" />
            <rank value="1" />
        </telecom>
    </contact>
    <description value="Common messaging events for BARS Service Requests." />
    <copyright value="&quot;Copyright © 2021+ HL7 UK Licensed under the Apache License, Version 2.0 (the \&quot;License\&quot;); you may not use this file except in compliance with the License. You may obtain a copy of the License at  http://www.apache.org/licenses/LICENSE-2.0 Unless required by applicable law or agreed to in writing, software distributed under the License is distributed on an \&quot;AS IS\&quot; BASIS, WITHOUT WARRANTIES OR CONDITIONS OF ANY KIND, either express or implied. See the License for the specific language governing permissions and limitations under the License. HL7® FHIR® standard Copyright © 2011+ HL7 The HL7® FHIR® standard is used under the FHIR license. You may obtain a copy of the FHIR license at  https://www.hl7.org/fhir/license.html.&quot;," />
    <caseSensitive value="true" />
    <content value="complete" />
    <concept>
        <code value="servicerequest-request" />
        <display value="Service Request - Request" />
        <definition value="A Service Request - request for service" />
    </concept>
    <concept>
        <code value="servicerequest-response" />
        <display value="Service Request - Response" />
        <definition value="A Service Request - response to the service" />
    </concept>
    <concept>
        <code value="booking-request" />
        <display value="Booking Request - Request" />
        <definition value="A Booking Request - request for service" />
    </concept>
    <concept>
        <code value="booking-response" />
        <display value="Booking Request - Response" />
        <definition value="A Booking Request - response to the service" />
    </concept>
</CodeSystem>