<CodeSystem xmlns="http://hl7.org/fhir">
    <id value="England-MedicationRequestStatusReason" />
    <url value="https://fhir.nhs.uk/CodeSystem/England-MedicationRequestStatusReason" />
    <identifier>
        <system value="https://fhir.nhs.uk/identifier/CodeSystem" />
        <value value="medicationrequest-status-reason" />
    </identifier>
    <version value="1.0.0" />
    <name value="EnglandMedicationRequestStatusReason" />
    <title value="England MedicationRequest Status Reason" />
    <status value="draft" />
    <experimental value="true" />
    <date value="2023-08-18" />
    <publisher value="NHS England" />
    <contact>
        <name value="NHS England" />
        <telecom>
          <system value="email" />
          <value value="interoperabilityteam@nhs.net" />
          <use value="work" />
          <rank value="1" />
        </telecom>
      </contact>
    <description value="MedicationRequest Status Reason. Taken from HL7v3 UK Cancellation Reason" />
    <purpose value="MedicationRequest Status Reason. Taken from HL7v3 UK Cancellation Reason" />
    <copyright value="Copyright © 2023+ NHS England Licensed under the Apache License, Version 2.0 (the \&quot;License\&quot;); you may not use this file except in compliance with the License. You may obtain a copy of the License at  http://www.apache.org/licenses/LICENSE-2.0 Unless required by applicable law or agreed to in writing, software distributed under the License is distributed on an \&quot;AS IS\&quot; BASIS, WITHOUT WARRANTIES OR CONDITIONS OF ANY KIND, either express or implied. See the License for the specific language governing permissions and limitations under the License. HL7® FHIR® standard Copyright © 2011+ HL7 The HL7® FHIR® standard is used under the FHIR license. You may obtain a copy of the FHIR license at  https://www.hl7.org/fhir/license.html." />
    <caseSensitive value="true" />
    <content value="complete" />
    <concept>
        <code value="0001"></code>
        <display value="Prescribing Error" />
    </concept>
    <concept>
        <code value="0002"></code>
        <display value="Clinical contra-indication" />
    </concept>
    <concept>
        <code value="0003"></code>
        <display value="Change to medication treatment regime" />
    </concept>
    <concept>
        <code value="0004"></code>
        <display value="Clinical grounds" />
    </concept>
    <concept>
        <code value="0005"></code>
        <display value="At the Patients request" />
    </concept>
    <concept>
        <code value="0006"></code>
        <display value="At the Pharmacists request" />
    </concept>
    <concept>
        <code value="0007"></code>
        <display value="Notification of Death" />
    </concept>
    <concept>
        <code value="0008"></code>
        <display value="Patient deducted - other reason" />
    </concept>
    <concept>
        <code value="0009"></code>
        <display value="Patient deducted - registered with new practice" />
    </concept>
</CodeSystem>