<CodeSystem xmlns="http://hl7.org/fhir">
    <id value="England-EPSTaskBusinessStatus" />
    <url value="https://fhir.nhs.uk/CodeSystem/England-EPSTaskBusinessStatus" />
    <identifier>
        <system value="https://fhir.nhs.uk/identifier/CodeSystem" />
        <value value="EPS-task-business-status" />
    </identifier>
    <version value="1.0.0" />
    <name value="EnglandEPSTaskBusinessStatus" />
    <title value="England EPS Task Business Status" />
    <status value="draft" />
    <experimental value="true" />
    <date value="2023-08-18" />
    <publisher value="NHS England" />
   <contact>
		<name value="NHS England"/>
		<telecom>
			<system value="email"/>
			<value value="interoperabilityteam@nhs.net"/>
			<use value="work"/>
			<rank value="1"/>
		</telecom>
	</contact>
    <description value="Describes the status of a prescription or of an item on a prescription." />
	<purpose value="Describes the status of a prescription or of an item on a prescription." />
  <copyright value="Copyright © 2023+ NHS England Licensed under the Apache License, Version 2.0 (the \&quot;License\&quot;); you may not use this file except in compliance with the License. You may obtain a copy of the License at  http://www.apache.org/licenses/LICENSE-2.0 Unless required by applicable law or agreed to in writing, software distributed under the License is distributed on an \&quot;AS IS\&quot; BASIS, WITHOUT WARRANTIES OR CONDITIONS OF ANY KIND, either express or implied. See the License for the specific language governing permissions and limitations under the License. HL7® FHIR® standard Copyright © 2011+ HL7 The HL7® FHIR® standard is used under the FHIR license. You may obtain a copy of the FHIR license at  https://www.hl7.org/fhir/license.html." />
    <caseSensitive value="true" />
    <content value="complete" />
    <concept>
        <code value="0001"></code>
        <display value="To be Dispensed" />
    </concept>
    <concept>
        <code value="0002"></code>
        <display value="With Dispenser" />
    </concept>
    <concept>
        <code value="0003"></code>
        <display value="With Dispenser - Active" />
    </concept>
    <concept>
        <code value="0004"></code>
        <display value="Expired" />
    </concept>
    <concept>
        <code value="0005"></code>
        <display value="Cancelled" />
    </concept>
    <concept>
        <code value="0006"></code>
        <display value="Dispensed" />
    </concept>
    <concept>
        <code value="0007"></code>
        <display value="Not Dispensed" />
    </concept> 
</CodeSystem>