<CodeSystem xmlns="http://hl7.org/fhir">
    <id value="England-CovidTestPillar" />
    <url value="https://fhir.nhs.uk/CodeSystem/England-CovidTestPillar" />
    <version value="1.0.0" />
    <name value="EnglandCovidTestPillar" />
    <title value="England Covid Test Pillar"/>
    <status value="draft" />
    <date value="2023-06-01" />
    <publisher value="NHS England" />
    <contact>
        <name value="NHS England" />
        <telecom>
        <system value="email" />
            <value value="interoperabilityteam@nhs.net" />
            <use value="work" />
            <rank value="1" />
        </telecom>
    </contact>
    <description value="COVID-19 Test Pillar" />
    <purpose value="COVID-19 Test Pillar" />
    <copyright value="Copyright © 2021+ HL7 UK Licensed under the Apache License, Version 2.0 (the License); you may not use this file except in compliance with the License. You may obtain a copy of the License at  http://www.apache.org/licenses/LICENSE-2.0 Unless required by applicable law or agreed to in writing, software distributed under the License is distributed on an AS IS BASIS, WITHOUT WARRANTIES OR CONDITIONS OF ANY KIND, either express or implied. See the License for the specific language governing permissions and limitations under the License. HL7® FHIR® standard Copyright © 2011+ HL7 The HL7® FHIR® standard is used under the FHIR license. You may obtain a copy of the FHIR license at  https://www.hl7.org/fhir/license.html." />
    <caseSensitive value="true" />
    <content value="complete" />
    <concept>
        <code value="pillar-1" />
        <display value="pillar 1" />
        <definition value="swab testing in Public Health England (PHE) labs and NHS hospitals for those with a clinical need, and health and care workers" />
    </concept>
    <concept>
        <code value="pillar-2" />
        <display value="pillar 2" />
        <definition value="swab testing for the wider population, as set out in government guidance" />
    </concept>
    <concept>
        <code value="pillar-3" />
        <display value="pillar 3" />
        <definition value="serology testing to show if people have antibodies from having had COVID-19" />
    </concept>
    <concept>
        <code value="pillar-4" />
        <display value="pillar 4" />
        <definition value="blood and swab testing for national surveillance supported by PHE, the Office for National Statistics (ONS), and research, academic, and scientific partners to learn more about the prevalence and spread of the virus and for other testing research purposes, such as the accuracy and ease of use of home testing" />
    </concept>
</CodeSystem>
