<?xml version="1.0" encoding="utf-8"?>
<NamingSystem xmlns="http://hl7.org/fhir">
    <id value="England-PrescriptionOrderNumber"/>
    <name value="EnglandPrescriptionOrderNumber"/>
    <status value="draft"/>
    <kind value="identifier"/>
    <date value="2023-08-18"/>
    <publisher value="NHS England"/>
    <contact>
        <name value="NHS England" />
        <telecom>
            <system value="email" />
            <value value="interoperabilityteam@nhs.net" />
            <use value="work" />
            <rank value="1" />
        </telecom>
    </contact>
    <responsible value="NHS England"/>
    <description value="The short form UID of the prescription."/>
    <usage value="EPS"/>
    <uniqueId>
        <type value="uri"/>
        <value value="https://fhir.nhs.uk/Id/prescription-order-number"/>
        <preferred value="true"/>
    </uniqueId>
    <uniqueId>
        <type value="oid"/>
        <value value="2.16.840.1.113883.2.1.3.2.4.18.8"/>
        <preferred value="false"/>
    </uniqueId>
</NamingSystem>