<?xml version="1.0" encoding="utf-8"?>
<NamingSystem xmlns="http://hl7.org/fhir">
    <id value="England-PrescriptionOrderItemNumber"/>
    <name value="EnglandPrescriptionOrderItemNumber"/>
    <status value="draft"/>
    <kind value="identifier"/>
    <date value="2023-08-18"/>
    <publisher value="NHS England"/>
    <contact>
        <name value="NHS England" />
        <telecom>
            <system value="email" />
            <value value="interoperabilityteam@nhs.net" />
            <use value="work" />
            <rank value="1" />
        </telecom>
    </contact>
    <responsible value="NHS England"/>
    <description value="This is the id of the prescription order item and is the same as the id found in pertinentInformation2[0].pertinentLineItem.id"/>
    <usage value="EPS"/>
    <uniqueId>
        <type value="uri"/>
        <value value="https://fhir.nhs.uk/Id/prescription-order-item-number"/>
        <preferred value="true"/>
    </uniqueId>
</NamingSystem>