<Task xmlns="http://hl7.org/fhir">
    <id value="England-Task-CheckPrescription-Example" />
    <contained>
        <PractitionerRole>
            <id value="requester" />
            <practitioner>
                <identifier>
                    <system value="https://fhir.nhs.uk/Id/sds-user-id" />
                    <value value="0987654321" />
                </identifier>
            </practitioner>
            <organization>
                <identifier>
                    <system value="https://fhir.nhs.uk/Id/ods-organization-code" />
                    <value value="X2601" />
                </identifier>
                <display value="NHS England" />
            </organization>
        </PractitionerRole>
    </contained>
    <identifier>
        <system value="https://tools.ietf.org/html/rfc4122" />
        <value value="61673d7e-fc49-4ad0-a427-19089094621d" />
    </identifier>
    <status value="accepted" />
    <intent value="order" />
    <code>
        <coding>
            <system value="http://snomed.info/sct" />
            <code value="184047000" />
            <display value="Patient registration" />
        </coding>
    </code>
    <focus>
        <reference value="https://api.england.nhs.uk/personnel-demographics/FHIR/R4/9000000009" />
    </focus>
    <for>
        <identifier>
            <system value="https://fhir.nhs.uk/Id/nhs-number" />
            <value value="9000000009" />
        </identifier>
    </for>
    <authoredOn value="2021-10-09T12:00:00+00:00" />
    <requester>
        <reference value="#requester" />
    </requester>
    <owner>
        <identifier>
            <system value="https://fhir.nhs.uk/Id/ods-organization-code" />
            <value value="Z54321" />
        </identifier>
    </owner>
    <reasonCode>
		<coding>
			<system value="http://snomed.info/sct"/>
			<code value="306185001"/>
			<display value="Referral to cardiac surgery service"/>
		</coding>
	</reasonCode>
	<note>
		<text value="Some additional comments"/>
	</note>
	<restriction>
		<repetitions value="1"/>
		<period>
			<end value="2021-10-13T18:30:00+07:00"/>
		</period>
	</restriction>
	<input>
		<type>
			<coding>
				<system value="http://hl7.org/fhir/resource-types"/>
				<code value="QuestionnaireResponse"/>
			</coding>
			<text value="Link to completed Health review"/>
		</type>
		<valueReference>
			<reference value="https://3cdzg7kbj4.execute-api.eu-west-2.amazonaws.com/poc/clinicaldatasharing/FHIR/R4/QuestionnaireResponse/9a3ea8c7-d1a4-4383-969b-5b3617245553"/>
			<identifier>
				<system value="https://tools.ietf.org/html/rfc4122"/>
				<value value="9a3ea8c7-d1a4-4383-969b-5b3617245553"/>
			</identifier>
		</valueReference>
	</input>
</Task>