<Task xmlns="http://hl7.org/fhir" >
	<id value="England-Task-FormComplete-Example"/>
	<identifier>
		<system value="https://tools.ietf.org/html/rfc4122"/>
		<value value="06570d9e-1dd7-49b6-8276-c903eef74b73"/>
	</identifier>
	<status value="requested"/>
	<intent value="order"/>
	<code>
		<coding>
			<system value="http://hl7.org/fhir/CodeSystem/task-code"/>
			<code value="fulfill"/>
			<display value="Fulfill the focal request"/>
		</coding>
	</code>
	<focus>
		<reference value="https://example.fhir.nhs.uk/Questionnaire/Simple-Blood-Pressure"/>
	</focus>
	<for>
		<identifier>
			<system value="https://fhir.nhs.uk/Id/nhs-number"/>
			<value value="9876543210"/>
		</identifier>
	</for>
	<authoredOn value="2023-02-22T12:00:00+00:00"/>
	<requester>
		<identifier>
			<system value="https://fhir.nhs.uk/Id/ods-organization-code"/>
			<value value="RR8"/>
		</identifier>
		<display value="LEEDS TEACHING HOSPITALS NHS TRUST"/>
	</requester>
	<owner>
		<identifier>
			<system value="https://fhir.nhs.uk/Id/ods-organization-code"/>
			<value value="FE048"/>
		</identifier>
	</owner>
	<reasonCode>
		<coding>
			<system value="http://snomed.info/sct"/>
			<code value="275944005"/>
			<display value="Hypertension monitoring"/>
		</coding>
		<text value="Code is for demonstration purposes and is probably not correct"/>
	</reasonCode>
	<note>
		<text value="Please perform this health check on this patient."/>
	</note>
	<restriction>
		<repetitions value="1"/>
		<period>
			<end value="2021-10-13T18:30:00+07:00"/>
		</period>
	</restriction>
	<input>
		<type>
			<coding>
				<system value="http://hl7.org/fhir/resource-types"/>
				<code value="QuestionnaireResponse"/>
			</coding>
			<text value="Link to completed Health review"/>
		</type>
		<valueReference>
			<reference value="https://3cdzg7kbj4.execute-api.eu-west-2.amazonaws.com/poc/clinicaldatasharing/FHIR/R4/QuestionnaireResponse/9a3ea8c7-d1a4-4383-969b-5b3617245553"/>
			<identifier>
				<system value="https://tools.ietf.org/html/rfc4122"/>
				<value value="9a3ea8c7-d1a4-4383-969b-5b3617245553"/>
			</identifier>
		</valueReference>
	</input>
</Task>
