<ServiceRequest xmlns="http://hl7.org/fhir">
    <id value="England-ServiceRequest-ERSWayFinder-Example" />
    <meta>
        <versionId value="3834a43e-8696-4e77-aea4-b4fa0b6ef29e" />
        <lastUpdated value="2022-04-07T11:59:29.238+00:00" />
    </meta>
    <contained>
        <PractitionerRole>
            <id value="PractitionerRole-R69-000000000101" />
            <practitioner>
                <identifier>
                    <system value="https://fhir.nhs.uk/Id/sds-user-id" />
                    <value value="000000000101" />
                </identifier>
            </practitioner>
            <organization>
                <identifier>
                    <system value="https://fhir.nhs.uk/Id/ods-organization-code" />
                    <value value="R69" />
                </identifier>
            </organization>
        </PractitionerRole>
    </contained>
    <extension url="https://fhir.nhs.uk/StructureDefinition/Extension-England-PortalLink">
        <valueUrl value="https://refer.nhs.uk/nhslogin?ubrn=111111111111" />
    </extension>
    <extension url="https://fhir.nhs.uk/StructureDefinition/Extension-England-ERSServiceRequestState">
        <extension url="state">
            <valueCoding>
                <system value="https://fhir.nhs.uk/CodeSystem/England-ERSReferralState" />
                <code value="BOOKED" />
            </valueCoding>
        </extension>
    </extension>
    <extension url="https://fhir.nhs.uk/StructureDefinition/Extension-England-ServiceRequestPriority">
        <valueCoding>
            <system value="https://fhir.nhs.uk/CodeSystem/England-ERSPriorityCodes" />
            <code value="TWO_WEEK_WAIT" />
            <display value="2 Week Wait" />
        </valueCoding>
    </extension>
    <identifier>
        <system value="https://fhir.nhs.uk/Id/UBRN" />
        <value value="111111111111" />
    </identifier>
    <status value="active" />
    <intent value="order" />
    <category>
        <coding>
            <system value="http://snomed.info/sct" />
            <code value="3457005" />
        </coding>
    </category>
    <priority value="asap" />
    <subject>
        <identifier>
            <system value="https://fhir.nhs.uk/Id/nhs-number" />
            <value value="9912003888" />
        </identifier>
    </subject>
    <authoredOn value="2022-01-11T16:40:00+00:00" />
    <requester>
        <reference value="#PractitionerRole-R69-000000000101" />
    </requester>
    <performerType>
        <coding>
            <system value="https://fhir.nhs.uk/CodeSystem/England-ERSSpecialty" />
            <code value="DERMATOLOGY" />
            <display value="Dermatology" />
        </coding>
    </performerType>
</ServiceRequest>