<MedicationRequest xmlns="http://hl7.org/fhir">
    <id value="England-MedicationRequest-DMPrescriptionType-Example" />
    <meta>
        <versionId value="11" />
        <lastUpdated value="2022-10-16T09:17:00.834Z" />
    </meta>
    <extension url="https://fhir.nhs.uk/StructureDefinition/Extension-England-DMPrescriptionType">
        <valueCoding>
            <system value="https://fhir.nhs.uk/CodeSystem/England-PrescriptionType" />
            <code value="0101" />
            <display value="Primary Care Prescriber – Medical Prescriber" />
        </valueCoding>
    </extension>
    <identifier>
        <system value="https://fhir.nhs.uk/Id/prescription-order-item-number" />
        <value value="5cb17f5a-11ac-4e18-825f-6470467238b3" />
    </identifier>
    <status value="active" />
    <intent value="order" />
    <category>
        <coding>
            <system value="http://terminology.hl7.org/CodeSystem/medicationrequest-category" />
            <code value="community" />
            <display value="Community" />
        </coding>
    </category>
    <medicationCodeableConcept>
        <coding>
            <system value="http://snomed.info/sct" />
            <code value="35936511000001108" />
            <display value="Salbutamol 100micrograms/dose inhaler" />
        </coding>
    </medicationCodeableConcept>
    <subject>
        <reference value="Patient/073eef49-81ee-4c2e-893b-bc2e4efd2630" />
        <identifier>
            <system value="https://fhir.nhs.uk/Id/nhs-number" />
            <value value="9876543210" />
        </identifier>
    </subject>
    <authoredOn value="2020-12-21T18:15:29+00:00" />
    <requester>
        <reference value="PractitionerRole/070c652c-7506-40c7-a4f8-1fddb85a7a3a" />
        <identifier>
            <system value="https://fhir.nhs.uk/Id/sds-role-profile-id" />
            <value value="200102238987" />
        </identifier>
    </requester>
    <groupIdentifier>
        <extension url="https://fhir.nhs.uk/StructureDefinition/Extension-England-DMPrescriptionId">
            <valueIdentifier>
                <system value="https://fhir.nhs.uk/Id/prescription" />
                <value value="b2fc79f0-2793-4736-9b2d-0976c21e73a5" />
            </valueIdentifier>
        </extension>
        <system value="https://fhir.nhs.uk/Id/prescription-order-number" />
        <value value="82D996-C81010-11DB12" />
    </groupIdentifier>
    <courseOfTherapyType>
        <coding>
            <system value="http://terminology.hl7.org/CodeSystem/medicationrequest-course-of-therapy" />
            <code value="acute" />
            <display value="Short course (acute) therapy" />
        </coding>
    </courseOfTherapyType>
    <dosageInstruction>
        <text value="One dose to be taken five times a day" />
        <timing>
            <repeat>
                <frequency value="5" />
                <period value="1" />
                <periodUnit value="d" />
            </repeat>
        </timing>
        <route>
            <coding>
                <system value="http://snomed.info/sct" />
                <code value="18679011000001101" />
                <display value="Inhalation" />
            </coding>
        </route>
    </dosageInstruction>
    <dispenseRequest>
        <extension url="https://fhir.nhs.uk/StructureDefinition/Extension-England-DMPerformerSiteType">
            <valueCoding>
                <system value="https://fhir.nhs.uk/CodeSystem/England-DispensingSitePreference" />
                <code value="P1" />
            </valueCoding>
        </extension>
        <validityPeriod>
            <start value="2020-06-10" />
            <end value="2020-12-07" />
        </validityPeriod>
        <quantity>
            <value value="200" />
            <unit value="dose" />
            <system value="http://snomed.info/sct" />
            <code value="3317411000001100" />
        </quantity>
        <expectedSupplyDuration>
            <value value="40" />
            <unit value="day" />
            <system value="http://unitsofmeasure.org" />
            <code value="d" />
        </expectedSupplyDuration>
        <performer>
            <identifier>
                <system value="https://fhir.nhs.uk/Id/ods-organization-code" />
                <value value="VNE51" />
            </identifier>
        </performer>
    </dispenseRequest>
    <substitution>
        <allowedBoolean value="false" />
    </substitution>
</MedicationRequest>