<Bundle xmlns="http://hl7.org/fhir">
    <id value="England-Bundle-MedicationPrescriptionType-Example" />
    <meta>
        <lastUpdated value="2022-11-01T11:06:18.371+00:00" />
    </meta>
    <type value="searchset" />
    <total value="3" />
    <link>
        <relation value="self" />
        <url value="http://lb-fhir-facade-926707562.eu-west-2.elb.amazonaws.com/FHIR/R4/MedicationRequest" />
    </link>
    <entry>
        <fullUrl value="https://cnuc9zdola.execute-api.eu-west-2.amazonaws.com/dev/MedicationRequest/5d7d51e3-f784-4a18-8296-fb879b8cd1a6" />
        <resource>
            <MedicationRequest>
                <id value="5d7d51e3-f784-4a18-8296-fb879b8cd1a6" />
                <meta>
                    <versionId value="23" />
                    <lastUpdated value="2022-10-15T13:01:20.279Z" />
                </meta>
                <extension url="https://fhir.nhs.uk/StructureDefinition/Extension-MedicationRequest-BundleDMPrescriptionType-Example">
                    <valueCoding>
                        <system value="https://fhir.nhs.uk/CodeSystem/prescription-type" />
                        <code value="1001" />
                        <display value="Outpatient Community Prescriber - Medical Prescriber" />
                    </valueCoding>
                </extension>
                <extension url="https://fhir.hl7.org.uk/StructureDefinition/Extension-UKCore-MedicationRepeatInformation">
                    <extension url="authorisationExpiryDate">
                        <valueDateTime value="2020-12-07" />
                    </extension>
                </extension>
                <identifier>
                    <system value="https://fhir.nhs.uk/Id/prescription-order-item-number" />
                    <value value="a54219b8-f741-4c47-b662-e4f8dfa49ab6" />
                </identifier>
                <status value="active" />
                <intent value="original-order" />
                <category>
                    <coding>
                        <system value="http://terminology.hl7.org/CodeSystem/medicationrequest-category" />
                        <code value="community" />
                        <display value="Community" />
                    </coding>
                </category>
                <medicationCodeableConcept>
                    <coding>
                        <system value="http://snomed.info/sct" />
                        <code value="15517911000001104" />
                        <display value="Methotrexate 10mg/0.2ml solution for injection pre-filled syringes" />
                    </coding>
                </medicationCodeableConcept>
                <subject>
                    <reference value="Patient/6ecd072c-8813-4c81-9443-d96167711ca1" />
                </subject>
                <authoredOn value="2020-12-21T18:15:29+00:00" />
                <requester>
                    <reference value="PractitionerRole/42558ad0-c5af-42c3-a77c-d56f353ef29f" />
                </requester>
                <groupIdentifier>
                    <extension url="https://fhir.nhs.uk/StructureDefinition/Extension-England-DMPrescriptionId">
                        <valueIdentifier>
                            <system value="https://fhir.nhs.uk/Id/prescription" />
                            <value value="d61df424-604d-49be-b9ad-9e2064785e18" />
                        </valueIdentifier>
                    </extension>
                    <system value="https://fhir.nhs.uk/Id/prescription-order-number" />
                    <value value="82D996-Z9243B-11EBA8" />
                </groupIdentifier>
                <courseOfTherapyType>
                    <coding>
                        <system value="https://fhir.nhs.uk/CodeSystem/England-MedicationRequestCourseOfTherapy" />
                        <code value="continuous-repeat-dispensing" />
                        <display value="Continuous long term (repeat dispensing)" />
                    </coding>
                </courseOfTherapyType>
                <dosageInstruction>
                    <text value="Inject 10 milligram - once a week - Subcutaneous route" />
                    <timing>
                        <repeat>
                            <frequency value="1" />
                            <period value="1" />
                            <periodUnit value="wk" />
                        </repeat>
                    </timing>
                    <route>
                        <coding>
                            <system value="http://snomed.info/sct" />
                            <code value="34206005" />
                            <display value="Subcutaneous route" />
                        </coding>
                    </route>
                    <method>
                        <coding>
                            <system value="http://snomed.info/sct" />
                            <code value="422145002" />
                            <display value="Inject" />
                        </coding>
                    </method>
                    <doseAndRate>
                        <doseQuantity>
                            <value value="10" />
                            <unit value="milligram" />
                            <system value="http://unitsofmeasure.org" />
                            <code value="mg" />
                        </doseQuantity>
                    </doseAndRate>
                </dosageInstruction>
                <dispenseRequest>
                    <extension url="https://fhir.nhs.uk/StructureDefinition/Extension-England-DMPerformerSiteType">
                        <valueCoding>
                            <system value="https://fhir.nhs.uk/CodeSystem/England-DispensingSitePreference" />
                            <code value="0004" />
                        </valueCoding>
                    </extension>
                    <validityPeriod>
                        <start value="2020-06-10" />
                        <end value="2020-12-07" />
                    </validityPeriod>
                    <numberOfRepeatsAllowed value="6" />
                    <quantity>
                        <value value="4" />
                        <unit value="Injection" />
                        <system value="http://snomed.info/sct" />
                        <code value="3092611000001103" />
                    </quantity>
                    <expectedSupplyDuration>
                        <value value="28" />
                        <unit value="days" />
                        <system value="http://unitsofmeasure.org" />
                        <code value="d" />
                    </expectedSupplyDuration>
                </dispenseRequest>
                <substitution>
                    <allowedBoolean value="false" />
                </substitution>
            </MedicationRequest>
        </resource>
    </entry>
    <entry>
        <fullUrl value="https://cnuc9zdola.execute-api.eu-west-2.amazonaws.com/dev/MedicationRequest/3186ef31-f829-4aa9-81c2-05ac7d3cf4ec" />
        <resource>
            <MedicationRequest>
                <id value="3186ef31-f829-4aa9-81c2-05ac7d3cf4ec" />
                <meta>
                    <versionId value="11" />
                    <lastUpdated value="2022-10-16T09:17:00.415Z" />
                </meta>
                <extension url="https://fhir.nhs.uk/StructureDefinition/Extension-MedicationRequest-BundleDMPrescriptionType-Example">
                    <valueCoding>
                        <system value="https://fhir.nhs.uk/CodeSystem/prescription-type" />
                        <code value="0101" />
                        <display value="Primary Care Prescriber – Medical Prescriber" />
                    </valueCoding>
                </extension>
                <identifier>
                    <system value="https://fhir.nhs.uk/Id/prescription-order-item-number" />
                    <value value="299c610b-f4f1-4eac-a7d7-4fb6b0556e11" />
                </identifier>
                <status value="active" />
                <intent value="order" />
                <category>
                    <coding>
                        <system value="http://terminology.hl7.org/CodeSystem/medicationrequest-category" />
                        <code value="community" />
                        <display value="Community" />
                    </coding>
                </category>
                <medicationCodeableConcept>
                    <coding>
                        <system value="http://snomed.info/sct" />
                        <code value="39720311000001101" />
                        <display value="Paracetamol 500mg soluble tablets" />
                    </coding>
                </medicationCodeableConcept>
                <subject>
                    <reference value="Patient/073eef49-81ee-4c2e-893b-bc2e4efd2630" />
                    <identifier>
                        <system value="https://fhir.nhs.uk/Id/nhs-number" />
                        <value value="9876543210" />
                    </identifier>
                </subject>
                <authoredOn value="2020-12-21T18:15:29+00:00" />
                <requester>
                    <reference value="PractitionerRole/070c652c-7506-40c7-a4f8-1fddb85a7a3a" />
                    <identifier>
                        <system value="https://fhir.nhs.uk/Id/sds-role-profile-id" />
                        <value value="200102238987" />
                    </identifier>
                </requester>
                <groupIdentifier>
                    <extension url="https://fhir.nhs.uk/StructureDefinition/Extension-England-DMPrescriptionId">
                        <valueIdentifier>
                            <system value="https://fhir.nhs.uk/Id/prescription" />
                            <value value="b2fc79f0-2793-4736-9b2d-0976c21e73a5" />
                        </valueIdentifier>
                    </extension>
                    <system value="https://fhir.nhs.uk/Id/prescription-order-number" />
                    <value value="82D996-C81010-11DB12" />
                </groupIdentifier>
                <courseOfTherapyType>
                    <coding>
                        <system value="http://terminology.hl7.org/CodeSystem/medicationrequest-course-of-therapy" />
                        <code value="acute" />
                        <display value="Short course (acute) therapy" />
                    </coding>
                </courseOfTherapyType>
                <dosageInstruction>
                    <text value="one tablet - four times a day - oral" />
                    <timing>
                        <repeat>
                            <frequency value="4" />
                            <period value="1" />
                            <periodUnit value="d" />
                        </repeat>
                    </timing>
                    <route>
                        <coding>
                            <system value="http://snomed.info/sct" />
                            <code value="26643006" />
                            <display value="Oral" />
                        </coding>
                    </route>
                    <doseAndRate>
                        <doseQuantity>
                            <value value="1" />
                            <unit value="tablet" />
                        </doseQuantity>
                    </doseAndRate>
                </dosageInstruction>
                <dispenseRequest>
                    <extension url="https://fhir.nhs.uk/StructureDefinition/Extension-England-DMPerformerSiteType">
                        <valueCoding>
                            <system value="https://fhir.nhs.uk/CodeSystem/England-DispensingSitePreference" />
                            <code value="P1" />
                        </valueCoding>
                    </extension>
                    <validityPeriod>
                        <start value="2020-06-10" />
                        <end value="2020-12-07" />
                    </validityPeriod>
                    <quantity>
                        <value value="100" />
                        <unit value="tablet" />
                        <system value="http://snomed.info/sct" />
                        <code value="732936001" />
                    </quantity>
                    <expectedSupplyDuration>
                        <value value="40" />
                        <unit value="day" />
                        <system value="http://unitsofmeasure.org" />
                        <code value="d" />
                    </expectedSupplyDuration>
                    <performer>
                        <identifier>
                            <system value="https://fhir.nhs.uk/Id/ods-organization-code" />
                            <value value="VNE51" />
                        </identifier>
                    </performer>
                </dispenseRequest>
                <substitution>
                    <allowedBoolean value="false" />
                </substitution>
            </MedicationRequest>
        </resource>
    </entry>
    <entry>
        <fullUrl value="https://cnuc9zdola.execute-api.eu-west-2.amazonaws.com/dev/MedicationRequest/182e3a8c-b684-462e-92b2-acb3c09ecf1e" />
        <resource>
            <MedicationRequest>
                <id value="182e3a8c-b684-462e-92b2-acb3c09ecf1e" />
                <meta>
                    <versionId value="11" />
                    <lastUpdated value="2022-10-16T09:17:00.834Z" />
                </meta>
                <extension url="https://fhir.nhs.uk/StructureDefinition/Extension-MedicationRequest-BundleDMPrescriptionType-Example">
                    <valueCoding>
                        <system value="https://fhir.nhs.uk/CodeSystem/England-PrescriptionType" />
                        <code value="0101" />
                        <display value="Primary Care Prescriber – Medical Prescriber" />
                    </valueCoding>
                </extension>
                <identifier>
                    <system value="https://fhir.nhs.uk/Id/prescription-order-item-number" />
                    <value value="5cb17f5a-11ac-4e18-825f-6470467238b3" />
                </identifier>
                <status value="active" />
                <intent value="order" />
                <category>
                    <coding>
                        <system value="http://terminology.hl7.org/CodeSystem/medicationrequest-category" />
                        <code value="community" />
                        <display value="Community" />
                    </coding>
                </category>
                <medicationCodeableConcept>
                    <coding>
                        <system value="http://snomed.info/sct" />
                        <code value="35936511000001108" />
                        <display value="Salbutamol 100micrograms/dose inhaler" />
                    </coding>
                </medicationCodeableConcept>
                <subject>
                    <reference value="Patient/073eef49-81ee-4c2e-893b-bc2e4efd2630" />
                    <identifier>
                        <system value="https://fhir.nhs.uk/Id/nhs-number" />
                        <value value="9876543210" />
                    </identifier>
                </subject>
                <authoredOn value="2020-12-21T18:15:29+00:00" />
                <requester>
                    <reference value="PractitionerRole/070c652c-7506-40c7-a4f8-1fddb85a7a3a" />
                    <identifier>
                        <system value="https://fhir.nhs.uk/Id/sds-role-profile-id" />
                        <value value="200102238987" />
                    </identifier>
                </requester>
                <groupIdentifier>
                    <extension url="https://fhir.nhs.uk/StructureDefinition/Extension-England-DMPrescriptionId">
                        <valueIdentifier>
                            <system value="https://fhir.nhs.uk/Id/prescription" />
                            <value value="b2fc79f0-2793-4736-9b2d-0976c21e73a5" />
                        </valueIdentifier>
                    </extension>
                    <system value="https://fhir.nhs.uk/Id/prescription-order-number" />
                    <value value="82D996-C81010-11DB12" />
                </groupIdentifier>
                <courseOfTherapyType>
                    <coding>
                        <system value="http://terminology.hl7.org/CodeSystem/medicationrequest-course-of-therapy" />
                        <code value="acute" />
                        <display value="Short course (acute) therapy" />
                    </coding>
                </courseOfTherapyType>
                <dosageInstruction>
                    <text value="One dose to be taken five times a day" />
                    <timing>
                        <repeat>
                            <frequency value="5" />
                            <period value="1" />
                            <periodUnit value="d" />
                        </repeat>
                    </timing>
                    <route>
                        <coding>
                            <system value="http://snomed.info/sct" />
                            <code value="18679011000001101" />
                            <display value="Inhalation" />
                        </coding>
                    </route>
                </dosageInstruction>
                <dispenseRequest>
                    <extension url="https://fhir.nhs.uk/StructureDefinition/Extension-England-DMPerformerSiteType">
                        <valueCoding>
                            <system value="https://fhir.nhs.uk/CodeSystem/England-DispensingSitePreference" />
                            <code value="P1" />
                        </valueCoding>
                    </extension>
                    <validityPeriod>
                        <start value="2020-06-10" />
                        <end value="2020-12-07" />
                    </validityPeriod>
                    <quantity>
                        <value value="200" />
                        <unit value="dose" />
                        <system value="http://snomed.info/sct" />
                        <code value="3317411000001100" />
                    </quantity>
                    <expectedSupplyDuration>
                        <value value="40" />
                        <unit value="day" />
                        <system value="http://unitsofmeasure.org" />
                        <code value="d" />
                    </expectedSupplyDuration>
                    <performer>
                        <identifier>
                            <system value="https://fhir.nhs.uk/Id/ods-organization-code" />
                            <value value="VNE51" />
                        </identifier>
                    </performer>
                </dispenseRequest>
                <substitution>
                    <allowedBoolean value="false" />
                </substitution>
            </MedicationRequest>
        </resource>
    </entry>
</Bundle>