<Task xmlns="http://hl7.org/fhir">
    <id value="England-Task-ActiveERSAdviceAndGuidance-Example" />
    <identifier>
        <system value="https://tools.ietf.org/html/rfc4122" />
        <value value="b269d1d7-1acf-47bb-8b3c-e38b583d9a07" />
    </identifier>
    <status value="in-progress" />
    <intent value="order" />
    <priority value="routine" />
    <code>
        <coding>
            <system value="http://hl7.org/fhir/CodeSystem/task-code" />
            <code value="fulfill" />
            <display value="Fulfill the focal request" />
        </coding>
    </code>
    <focus>
        <reference value="https://example.fhir.nhs.uk/Questionnaire/ActiveERSAdviceAndGuidance-Example" />
        <display value="Choose and book advice and guidance request" />
    </focus>
    <for>
        <reference value="England-Patient-RichardSmith-Example" />
        <identifier>
            <system value="https://fhir.nhs.uk/Id/nhs-number" />
            <value value="9333333333" />
        </identifier>
        <display value="RichardSmith" />
    </for>
    <authoredOn value="2021-10-13T16:20:27+07:00" />
    <lastModified value="2021-10-13T16:20:27+07:00" />
    <requester>
        <identifier>
            <system value="https://fhir.nhs.uk/Id/ods-organization-code" />
            <value value="RR8" />
        </identifier>
        <display value="LEEDS TEACHING HOSPITALS NHS TRUST" />
    </requester>
    <performerType>
        <coding>
            <system value="http://snomed.info/sct" />
            <code value="71838004" />
            <display value="Gastroenterologist" />
        </coding>
        <text value="Performer" />
    </performerType>
    <owner>
        <reference value="England-Practitioner-Consultant-Example" />
        <display value="DR Thomas Edwards" />
    </owner>
    <reasonCode>
        <coding>
            <system value="http://snomed.info/sct" />
            <code value="306185001" />
            <display value="Referral to cardiac surgery service" />
        </coding>
    </reasonCode>
    <restriction>
        <repetitions value="1" />
        <period>
            <end value="2021-10-13T18:30:00+07:00" />
        </period>
    </restriction>
    <input>
        <type>
            <coding>
                <system value="http://hl7.org/fhir/resource-types" />
                <code value="QuestionnaireResponse" />
            </coding>
            <text value="Link to completed Health review" />
        </type>
        <valueReference>
            <reference value="https://3cdzg7kbj4.execute-api.eu-west-2.amazonaws.com/poc/clinicaldatasharing/FHIR/R4/QuestionnaireResponse/9a3ea8c7-d1a4-4383-969b-5b3617245553" />
            <identifier>
                <system value="https://tools.ietf.org/html/rfc4122" />
                <value value="QuestionnaireResponse/d9d4cf80-3f9d-4435-9f3b-e6efb09ad654" />
            </identifier>
        </valueReference>
    </input>
    <output>
        <type>
            <text value="ADVICE AND GUIDANCE" />
        </type>
        <valueReference>
            <reference value="https://3cdzg7kbj4.execute-api.eu-west-2.amazonaws.com/poc/clinicaldatasharing/FHIR/R4/QuestionnaireResponse/9a3ea8c7-d1a4-4383-969b-5b3617245553" />
        </valueReference>
    </output>
</Task>