<ServiceRequest xmlns="http://hl7.org/fhir">
    <id value="England-ServiceRequest-DraftPatientReferral-Example" />
    <contained>
        <PractitionerRole>
            <id value="requester" />
            <practitioner>
                <identifier>
                    <system value="https://fhir.nhs.uk/Id/sds-user-id" />
                    <value value="0987654321" />
                </identifier>
            </practitioner>
            <organization>
                <identifier>
                    <system value="https://fhir.nhs.uk/Id/ods-organization-code" />
                    <value value="RR8" />
                </identifier>
                <display value="LEEDS TEACHING HOSPITALS NHS TRUST" />
            </organization>
        </PractitionerRole>
    </contained>
    <extension url="https://fhir.nhs.uk/StructureDefinition/Extension-England-ERSReferral">
        <extension url="sourceSystem">
            <valueCode value="ers" />
        </extension>
        <extension url="status">
            <valueCode value="unbooked" />
        </extension>
    </extension>
    <extension url="https://fhir.nhs.uk/StructureDefinition/Extension-England-ERSServiceRequestState" />
    <identifier>
        <value value="be735573-9f24-42e1-ae98-af89d632e4bf" />
    </identifier>
    <status value="draft" />
    <intent value="order" />
    <category>
        <coding>
            <system value="http://snomed.info/sct" />
            <code value="3457005" />
            <display value="Patient referral" />
        </coding>
    </category>
    <priority value="routine" />
    <subject>
        <identifier>
            <system value="https://fhir.nhs.uk/Id/nhs-number" />
            <value value="9999998887" />
        </identifier>
    </subject>
    <authoredOn value="2022-01-26T14:37:00+00:00" />
    <requester>
        <reference value="#requester" />
    </requester>
    <performerType>
        <coding>
            <system value="https://fhir.nhs.uk/CodeSystem/England-ERSSpecialty" />
            <code value="GENERAL_MEDICINE" />
        </coding>
    </performerType>
    <supportingInfo>
        <reference value="DocumentReference/5da894e0-a57e-43e9-a1a1-e283a484003c" />
        <type value="DocumentReference" />
    </supportingInfo>
    <supportingInfo>
        <reference value="QuestionnaireResponse/d9d4cf80-3f9d-4435-9f3b-e6efb09ad654" />
        <type value="QuestionnaireResponse" />
    </supportingInfo>
</ServiceRequest>