<PractitionerRole xmlns="http://hl7.org/fhir">
    <id value="England-PractitionerRole-Consultant-Example" />
    <identifier>
        <system value="https://fhir.nhs.uk/Id/sds-role-profile-id" />
        <value value="454567759542" />
    </identifier>
    <practitioner>
        <identifier>
            <system value="https://fhir.nhs.uk/Id/sds-user-id" />
            <value value="008570091549" />
        </identifier>
    </practitioner>
    <organization>
        <identifier>
            <system value="https://fhir.nhs.uk/Id/ods-organization-code" />
            <value value="RP5" />
        </identifier>
    </organization>
    <code>
        <coding>
            <system value="https://fhir.nhs.uk/CodeSystem/England-SDSJobRoleCode" />
            <code value="R0050" />
        </coding>
    </code>
</PractitionerRole>