<ServiceRequest xmlns="http://hl7.org/fhir">
    <id value="England-ServiceRequest-ActivePatientReferral-Example" />
    <identifier>
        <system value="https://fhir.nhs.uk/Id/UBRN" />
        <value value="b4a16b72-0403-4c2b-80e4-c57c7679b552" />
    </identifier>
    <status value="active" />
    <intent value="plan" />
    <category>
        <coding>
            <system value="http://snomed.info/sct" />
            <code value="3457005" />
            <display value="Patient referral" />
        </coding>
    </category>
    <code>
        <coding>
            <system value="http://snomed.info/sct" />
            <code value="386455001" />
            <display value="Surveillance: community" />
        </coding>
    </code>
    <subject>
        <identifier>
            <system value="https://fhir.nhs.uk/Id/nhs-number" />
            <value value="9876543210" />
        </identifier>
        <display value="Rachel Kanfeld" />
    </subject>
    <occurrencePeriod>
        <start value="2023-03-03T16:20:27+07:00" />
    </occurrencePeriod>
    <authoredOn value="2023-03-03T16:30:00+07:00" />
    <requester>
        <identifier>
            <system value="https://fhir.nhs.uk/Id/ods-organization-code" />
            <value value="RR8" />
        </identifier>
    </requester>
    <performer>
        <identifier>
            <system value="https://fhir.nhs.uk/Id/ods-organization-code" />
            <value value="RY6" />
        </identifier>
        <display value="Leeds Community Healthcare Nhs Trust" />
    </performer>
    <reasonReference>
        <extension url="https://fhir.nhs.uk/StructureDefinition/Extension-England-CodeableReferenceBackport">
            <valueCodeableConcept>
                <coding>
                    <system value="http://snomed.info/sct" />
                    <code value="44054006" />
                    <display value="Type 2 diabetes mellitus" />
                </coding>
            </valueCodeableConcept>
        </extension>
        <type value="Condition" />
        <identifier>
            <system value="https://tools.ietf.org/html/rfc4122" />
            <value value="81ee47ad-717d-413f-8ec9-62c19060da88" />
        </identifier>
        <display value="Person reported complaints or issues (Symptoms)" />
    </reasonReference>
    <supportingInfo>
        <reference value="QuestionnaireResponse/24c6c839-95a5-47e8-ad54-23c68bd4e6f2" />
        <display value="Sample Referral Form" />
    </supportingInfo>
</ServiceRequest>