<MessageHeader xmlns="http://hl7.org/fhir">
    <id value="England-MessageHeader-PrescriptionOrder-Example" />
    <eventCoding>
        <system value="https://fhir.nhs.uk/CodeSystem/England-MessageEventEPS" />
        <code value="prescription-order" />
        <display value="Prescription Order" />
    </eventCoding>
    <destination>
        <endpoint value="https://sandbox.api.service.nhs.uk/electronic-prescriptions/$post-message" />
        <receiver>
            <identifier>
                <system value="https://fhir.nhs.uk/Id/ods-organization-code" />
                <value value="VNE51" />
            </identifier>
            <display value="The Simple Pharmacy" />
        </receiver>
    </destination>
    <sender>
        <identifier>
            <system value="https://fhir.nhs.uk/Id/ods-organization-code" />
            <value value="RBA" />
        </identifier>
        <display value="TAUNTON AND SOMERSET NHS FOUNDATION TRUST" />
    </sender>
    <source>
        <endpoint value="https://directory.spineservices.nhs.uk/STU3/Organization/RBA" />
    </source>
    <focus>
        <reference value="urn:uuid:78d3c2eb-009e-4ec8-a358-b042954aa9b2" />
    </focus>
    <focus>
        <reference value="urn:uuid:a54219b8-f741-4c47-b662-e4f8dfa49ab6" />
    </focus>
</MessageHeader>