<Location xmlns="http://hl7.org/fhir">
    <id value="England-Location-NightingaleHospital-Example" />
    <identifier>
        <system value="https://fhir.nhs.uk/Id/ods-site-code" />
        <value value="RR805" />
    </identifier>
    <status value="active" />
    <name value="NHS NIGHTINGALE HOSPITAL YORKSHIRE AND THE HUMBER" />
    <type>
        <extension url="https://fhir.nhs.uk/StructureDefinition/Extension-England-ODSOrganisationRole">
            <extension url="primaryRole">
                <valueBoolean value="true" />
            </extension>
            <extension url="status">
                <valueString value="Active" />
            </extension>
        </extension>
        <extension url="https://fhir.nhs.uk/StructureDefinition/Extension-England-ODSOrganisationRoleActivePeriod">
            <extension url="activePeriod">
                <valuePeriod>
                    <start value="2020-04-01" />
                </valuePeriod>
            </extension>
            <extension url="dateType">
                <valueString value="Operational" />
            </extension>
        </extension>
		<coding>
            <system value="https://fhir.nhs.uk/CodeSystem/England-OrganisationRole" />
            <code value="198" />
            <display value="NHS TRUST SITE" />
		</coding>
    </type>
    <address>
        <line value="KINGS ROAD" />
        <city value="HARROGATE" />
        <postalCode value="HG1 5LA" />
        <country value="ENGLAND" />
    </address>
    <managingOrganization>
        <reference value="https://directory.spineservices.nhs.uk/R4/Organization/RR8" />
        <identifier>
            <system value="https://fhir.nhs.uk/Id/ods-organization-code" />
            <value value="RR8" />
        </identifier>
        <display value="Leeds Teaching NHS Trusts" />
    </managingOrganization>
</Location>