<MedicationDispense xmlns="http://hl7.org/fhir">
    <id value="England-MedicationDispense-PractitionerRole-Example" />
    <contained>
        <PractitionerRole>
            <id value="performer" />
            <identifier>
                <system value="https://fhir.nhs.uk/Id/sds-role-profile-id" />
                <value value="741555508105" />
            </identifier>
            <practitioner>
                <identifier>
                    <system value="https://fhir.nhs.uk/Id/sds-user-id" />
                    <value value="7654321" />
                </identifier>
                <display value="Mr Peter Potion" />
            </practitioner>
            <code>
                <coding>
                    <system value="https://fhir.nhs.uk/CodeSystem/England-SDSJobRoleCode" />
                    <code value="R0050" />
                </coding>
            </code>
            <telecom>
                <system value="phone" />
                <value value="01234567890" />
                <use value="work" />
            </telecom>
        </PractitionerRole>
    </contained>
    <extension url="https://fhir.nhs.uk/StructureDefinition/Extension-England-EPSTaskBusinessStatus">
        <valueCoding>
            <system value="https://fhir.nhs.uk/CodeSystem/England-EPSTaskBusinessStatus" />
            <code value="0003" />
            <display value="With Dispenser - Active" />
        </valueCoding>
    </extension>
    <identifier>
        <system value="https://fhir.nhs.uk/Id/prescription-dispense-item-number" />
        <value value="4509b70d-d8b8-ea03-1105-64557cb54a29" />
    </identifier>
    <status value="completed" />
    <medicationCodeableConcept>
        <coding>
            <system value="http://snomed.info/sct" />
            <code value="39692211000001107" />
            <display value="Flucloxacillin 500mg capsules" />
        </coding>
    </medicationCodeableConcept>
    <subject>
        <type value="Patient" />
        <identifier>
            <system value="https://fhir.nhs.uk/Id/nhs-number" />
            <value value="9300992742" />
        </identifier>
        <display value="Mrs Chi Edinburgh" />
    </subject>
    <performer>
        <actor>
            <reference value="#performer" />
            <type value="PractitionerRole" />
        </actor>
    </performer>
    <authorizingPrescription>
        <extension url="https://fhir.nhs.uk/StructureDefinition/Extension-England-DMGroupIdentifier">
            <extension url="shortForm">
                <valueIdentifier>
                    <system value="https://fhir.nhs.uk/Id/prescription-order-number" />
                    <value value="3C2366-B81001-0A409U" />
                </valueIdentifier>
            </extension>
            <extension url="UUID">
                <valueIdentifier>
                    <system value="https://fhir.nhs.uk/Id/prescription" />
                    <value value="66317E0C-CE13-59AD-9979-9B568E080160" />
                </valueIdentifier>
            </extension>
        </extension>
        <reference value="urn:uuid:8ebfd5a3-b361-42a7-b8ec-f1b60d986939" />
    </authorizingPrescription>
    <type>
        <coding>
            <system value="https://fhir.nhs.uk/CodeSystem/England-MedicationDispenseType" />
            <code value="0001" />
            <display value="Item fully dispensed" />
        </coding>
    </type>
    <quantity>
        <value value="28" />
        <unit value="capsule" />
        <system value="http://snomed.info/sct" />
        <code value="3316911000001105" />
    </quantity>
    <daysSupply>
        <value value="7" />
        <unit value="Day" />
        <system value="http://unitsofmeasure.org" />
        <code value="d" />
    </daysSupply>
    <whenPrepared value="2004-09-16T16:30:00+00:00" />
    <dosageInstruction>
        <text value="4 times a day for 7 days" />
        <timing>
            <repeat>
                <boundsDuration>
                    <value value="7" />
                    <unit value="d" />
                </boundsDuration>
                <frequency value="4" />
                <period value="1" />
                <periodUnit value="d" />
            </repeat>
        </timing>
        <doseAndRate>
            <doseQuantity>
                <value value="1" />
                <unit value="capsule" />
                <system value="http://snomed.info/sct" />
                <code value="3316911000001105" />
            </doseQuantity>
            <rateQuantity>
                <value value="1" />
                <unit value="capsule" />
            </rateQuantity>
        </doseAndRate>
    </dosageInstruction>
</MedicationDispense>