<Patient xmlns="http://hl7.org/fhir">
	<id value="England-Patient-JackDawkins-Example"/>
	<identifier>
		<system value="https://fhir.nhs.uk/Id/nhs-number"/>
		<value value="9912003888"/>
	</identifier>
	<active value="true"/>
	<name>
		<use value="official"/>
		<family value="Dawkins"/>
		<given value="Jack"/>
	</name>
	<telecom>
		<system value="phone"/>
		<value value="+449876543210"/>
		<use value="home"/>
	</telecom>
	<gender value="male"/>
	<birthDate value="1965-02-28"/>
	<address>
		<use value="home"/>
		<line value="11 Street"/>
		<city value="YORK"/>
		<district value="NORTH YORKSHIRE"/>
		<postalCode value="AB12 3CD"/>
	</address>
	<generalPractitioner>
		<identifier>
			<system value="https://fhir.nhs.uk/Id/ods-organization-code"/>
			<value value="B81001"/>
		</identifier>
	</generalPractitioner>
</Patient>