<ServiceRequest xmlns="http://hl7.org/fhir">
    <id value="England-ServiceRequest-DraftERSAdviceAndGuidance-Example" />
    <meta>
        <versionId value="1" />
    </meta>
    <contained>
        <PractitionerRole>
            <id value="requester" />
            <practitioner>
                <identifier>
                    <system value="https://fhir.nhs.uk/Id/sds-user-id" />
                    <value value="0987654321" />
                </identifier>
            </practitioner>
            <organization>
                <identifier>
                    <system value="https://fhir.nhs.uk/Id/ods-organization-code" />
                    <value value="RR8" />
                </identifier>
                <display value="LEEDS TEACHING HOSPITALS NHS TRUST" />
            </organization>
        </PractitionerRole>
    </contained>
    <extension url="https://fhir.nhs.uk/StructureDefinition/Extension-England-ERSReferral">
        <extension url="sourceSystem">
            <valueCode value="ers" />
        </extension>
        <extension url="status">
            <valueCode value="unbooked" />
        </extension>
    </extension>
    <extension url="https://fhir.nhs.uk/StructureDefinition/Extension-England-ERSServiceRequestState">
        <extension url="stateResource">
            <valueReference>
                <reference value="Task/bf7ab4c4-bafb-495e-8a61-1aa40309eaed" />
            </valueReference>
        </extension>
    </extension>
    <identifier>
        <system value="https://fhir.nhs.uk/Id/ers-referral-id" />
        <value value="18253b86-9878-4c3f-b854-af0a9b7728a3" />
    </identifier>
    <basedOn>
        <reference value="ServiceRequest/832db7fa-ebdd-44b6-ab3b-8329c2d43149" />
        <identifier>
            <system value="https://fhir.nhs.uk/Id/UBRN" />
            <value value="000000070000" />
        </identifier>
    </basedOn>
    <status value="active" />
    <intent value="order" />
    <category>
        <coding>
            <system value="http://snomed.info/sct" />
            <code value="820641000000100" />
            <display value="Choose and book advice and guidance request" />
        </coding>
    </category>
    <priority value="routine" />
    <subject>
        <identifier>
            <system value="https://fhir.nhs.uk/Id/nhs-number" />
            <value value="9912003888" />
        </identifier>
    </subject>
    <authoredOn value="2022-01-11T16:40:00+00:00" />
    <requester>
        <reference value="#requester" />
    </requester>
    <performerType>
        <coding>
            <system value="https://fhir.nhs.uk/CodeSystem/England-ERSClinicType" />
            <code value="GENERAL_MEDICINE_1" />
        </coding>
    </performerType>
    <supportingInfo>
        <reference value="DocumentReference/5da894e0-a57e-43e9-a1a1-e283a484003c" />
        <type value="DocumentReference" />
    </supportingInfo>
    <supportingInfo>
        <reference value="QuestionnaireResponse/d9d4cf80-3f9d-4435-9f3b-e6efb09ad654" />
        <type value="QuestionnaireResponse" />
    </supportingInfo>
    <note>
        <text value="Please advise me on this patient who ...(information about patient)" />
    </note>
</ServiceRequest>