<ServiceRequest xmlns="http://hl7.org/fhir">
    <id value="England-ServiceRequest-ReferralFollowUpAdvice-Example" />
    <meta>
        <lastUpdated value="2021-10-11T15:23:30+00:00" />
    </meta>
    <contained>
        <PractitionerRole>
            <id value="requester" />
            <practitioner>
                <identifier>
                    <system value="https://fhir.nhs.uk/Id/sds-user-id" />
                    <value value="0987654321" />
                </identifier>
            </practitioner>
            <organization>
                <identifier>
                    <system value="https://fhir.nhs.uk/Id/ods-organization-code" />
                    <value value="GP0001" />
                </identifier>
            </organization>
        </PractitionerRole>
    </contained>
    <identifier>
        <system value="https://fhir.nhs.uk/Id/UBRN" />
        <value value="000000070002" />
    </identifier>
    <status value="active" />
    <intent value="plan" />
    <category>
        <coding>
            <system value="http://snomed.info/sct" />
            <code value="3457005" />
            <display value="Patient referral" />
        </coding>
    </category>
    <subject>
        <identifier>
            <system value="https://fhir.nhs.uk/Id/nhs-number" />
            <value value="9478526985" />
        </identifier>
        <display value="Julie Jones" />
    </subject>
    <occurrencePeriod>
        <start value="2021-10-13T16:20:27+07:00" />
    </occurrencePeriod>
    <authoredOn value="2021-10-13T16:28:00+07:00" />
    <requester>
        <reference value="#requester" />
    </requester>
    <performerType>
        <coding>
            <system value="http://snomed.info/sct" />
            <code value="127783003" />
            <display value="Spirometry (procedure)" />
        </coding>
    </performerType>
    <performer>
        <type value="Organization" />
        <identifier>
            <system value="https://fhir.nhs.uk/Id/ods-organization-code" />
            <value value="RR8" />
        </identifier>
        <display value="Leeds Teaching NHS Trust" />
    </performer>
    <performer>
        <type value="HealthcareService" />
        <identifier>
            <system value="https://fhir.nhs.uk/Id/ers-service" />
            <value value="11021" />
        </identifier>
    </performer>
    <patientInstruction value="ADVICE GIVEN: If there are any new symptoms, or if the condition gets worse, changes or you have any other concerns, call us back." />
</ServiceRequest>