<Task xmlns="http://hl7.org/fhir">
	<id value="England-Task-LabReport-Example"/>
	<contained>
		<PractitionerRole>
			<id value="requester"/>
			<practitioner>
				<identifier>
					<system value="https://fhir.hl7.org.uk/Id/gmc-number"/>
					<value value="C9999998"/>
				</identifier>
				<display value="Dr A N OTHER"/>
			</practitioner>
			<organization>
				<identifier>
					<system value="https://fhir.nhs.uk/Id/ods-organization-code"/>
					<value value="RHM"/>
				</identifier>
				<display value="UNIVERSITY HOSPITAL SOUTHAMPTON NHS FOUNDATION TRUST"/>
			</organization>
		</PractitionerRole>
	</contained>
	<identifier>
		<system value="https://tools.ietf.org/html/rfc4122"/>
		<value value="31aa8607-1262-4c73-a34b-08dafb845aa7"/>
	</identifier>
	<status value="requested"/>
	<intent value="order"/>
	<code>
		<coding>
			<system value="http://snomed.info/sct"/>
			<code value="324861000000109"/>
			<display value="Review of patient laboratory test report"/>
		</coding>
	</code>
	<focus>
		<reference value="https://fhir.uhs.nhs.uk/FHIR/DiagnosticReport/af155342-c16b-483c-a98d-12a271417152"/>
	</focus>
	<for>
		<identifier>
			<system value="https://fhir.nhs.uk/Id/nhs-number"/>
			<value value="9446368138"/>
		</identifier>
	</for>
	<authoredOn value="2022-04-16T12:00:00+00:00"/>
	<requester>
		<reference value="#requester"/>
	</requester>
	<owner>
		<reference value="https://directory.spineservices.nhs.uk/R4/Organization/RR8"/>
		<identifier>
			<system value="https://fhir.nhs.uk/Id/ods-organization-code"/>
			<value value="RR8"/>
		</identifier>
	</owner>
	<reasonCode>
		<coding>
			<system value="http://snomed.info/sct"/>
			<code value="306185001"/>
			<display value="Referral to cardiac surgery service"/>
		</coding>
	</reasonCode>
	<note>
		<text value="Some additional comments"/>
	</note>
	<restriction>
		<repetitions value="1"/>
		<period>
			<end value="2021-10-13T18:30:00+07:00"/>
		</period>
	</restriction>
	<input>
		<type>
			<coding>
				<system value="http://hl7.org/fhir/resource-types"/>
				<code value="QuestionnaireResponse"/>
			</coding>
			<text value="Link to completed Health review"/>
		</type>
		<valueReference>
			<reference value="https://3cdzg7kbj4.execute-api.eu-west-2.amazonaws.com/poc/clinicaldatasharing/FHIR/R4/QuestionnaireResponse/9a3ea8c7-d1a4-4383-969b-5b3617245553"/>
			<identifier>
				<system value="https://tools.ietf.org/html/rfc4122"/>
				<value value="9a3ea8c7-d1a4-4383-969b-5b3617245553"/>
			</identifier>
		</valueReference>
	</input>
</Task>