<Task xmlns="http://hl7.org/fhir">
	<id value="England-Task-ValidateReferral-Example"/>
	<meta>
		<versionId value="2"/>
	</meta>
	<contained>
		<PractitionerRole>
			<id value="requester"/>
			<practitioner>
				<identifier>
					<system value="https://fhir.nhs.uk/Id/sds-user-id"/>
					<value value="0987654321"/>
				</identifier>
			</practitioner>
			<organization>
				<identifier>
					<system value="https://fhir.nhs.uk/Id/ods-organization-code"/>
					<value value="RR8"/>
				</identifier>
				<display value="LEEDS TEACHING HOSPITALS NHS TRUST"/>
			</organization>
		</PractitionerRole>
	</contained>
	<identifier>
		<system value="http://fhir.nhs.uk/Id/ers-deferral-id"/>
		<value value="c18dbbe5-4f8d-4b49-a434-6e55a93fab31"/>
	</identifier>
	<status value="completed"/>
	<intent value="proposal"/>
	<priority value="routine"/>
	<code>
		<coding>
			<system value="http://snomed.info/sct"/>
			<code value="413292001"/>
			<display value="Assessment for referral"/>
		</coding>
	</code>
	<focus>
		<reference value="https://api.ers-service.nhs.uk/FHIR/R4/ServiceRequest/be735573-9f24-42e1-ae98-af89d632e4bf"/>
		<type value="ServiceRequest"/>
	</focus>
	<for>
		<identifier>
			<system value="https://fhir.nhs.uk/Id/nhs-number"/>
			<value value="9999998887"/>
		</identifier>
	</for>
	<authoredOn value="2022-01-27T11:27:00.259000+00:00"/>
	<requester>
		<reference value="#requester"/>
	</requester>
	    <owner>
        <reference value="https://directory.spineservices.nhs.uk/R4/Organization/RR8" />
        <identifier>
            <system value="https://fhir.nhs.uk/Id/ods-organization-code" />
            <value value="RR8" />
        </identifier>
    </owner>
    <reasonCode>
        <coding>
            <system value="http://snomed.info/sct" />
            <code value="306185001" />
            <display value="Referral to cardiac surgery service" />
        </coding>
    </reasonCode>
	<note>
		<text value="Some additional comments"/>
	</note>
	<restriction>
		<repetitions value="1"/>
		<period>
			<end value="2021-10-13T18:30:00+07:00"/>
		</period>
	</restriction>
	<input>
		<type>
			<coding>
				<system value="http://hl7.org/fhir/resource-types"/>
				<code value="QuestionnaireResponse"/>
			</coding>
			<text value="Link to completed Health review"/>
		</type>
		<valueReference>
			<reference value="https://3cdzg7kbj4.execute-api.eu-west-2.amazonaws.com/poc/clinicaldatasharing/FHIR/R4/QuestionnaireResponse/9a3ea8c7-d1a4-4383-969b-5b3617245553"/>
			<identifier>
				<system value="https://tools.ietf.org/html/rfc4122"/>
				<value value="9a3ea8c7-d1a4-4383-969b-5b3617245553"/>
			</identifier>
		</valueReference>
	</input>
</Task>
