<Bundle xmlns="http://hl7.org/fhir">
    <id value="England-Bundle-VaccinationQuery-SearchInclude-Example" />
    <type value="searchset" />
    <total value="2" />
    <link>
        <relation value="self" />
        <url value="http://example.org/FHIR/R4/Immunization?patient.identifier=https://fhir.nhs.uk/Id/nhs-number|9912003888" />
    </link>
    <entry>
        <fullUrl value="Immunization/c0c588f4-703a-4d31-b2ee-ada7d00fa1aa" />
        <resource>
            <Immunization>
                <id value="c0c588f4-703a-4d31-b2ee-ada7d00fa1aa" />
                <extension url="https://fhir.hl7.org.uk/StructureDefinition/Extension-UKCore-VaccinationProcedure">
                    <valueCodeableConcept>
                        <coding>
                            <system value="http://snomed.info/sct" />
                            <code value="1324681000000101" />
                            <display value="Administration of first dose of severe acute respiratory syndrome coronavirus 2 vaccine (procedure)" />
                        </coding>
                    </valueCodeableConcept>
                </extension>
                <identifier>
                    <use value="secondary" />
                    <system value="https://supplierABC/identifiers/vacc" />
                    <value value="1324761000000100" />
                </identifier>
                <status value="completed" />
                <vaccineCode>
                    <coding>
                        <system value="http://snomed.info/sct" />
                        <code value="39114911000001105" />
                        <display value="COVID-19 Vaccine Vaxzevria (ChAdOx1 S [recombinant]) not less than 2.5x100,000,000 infectious units/0.5ml dose suspension for injection multidose vials (AstraZeneca UK Ltd)" />
                    </coding>
                </vaccineCode>
                <patient>
                    <reference value="Patient/f752150f-199f-4dcb-9dde-bd79dfc66311" />
                    <type value="Patient" />
                    <identifier>
                        <system value="https://fhir.nhs.uk/Id/nhs-number" />
                        <value value="9912003888" />
                    </identifier>
                </patient>
                <occurrenceDateTime value="2020-12-10T13:00:08.476+00:00" />
                <recorded value="2020-12-10" />
                <primarySource value="true" />
                <reportOrigin>
                    <text value="B87018" />
                </reportOrigin>
                <location>
                    <identifier>
                        <system value="urn:iso:std:iso:3166" />
                        <value value="GB" />
                    </identifier>
                </location>
                <manufacturer>
                    <display value="AstraZeneca Ltd" />
                </manufacturer>
                <lotNumber value="R04X" />
                <expirationDate value="2021-04-29" />
                <site>
                    <coding>
                        <system value="http://snomed.info/sct" />
                        <code value="368208006" />
                        <display value="Left upper arm structure (body structure)" />
                    </coding>
                </site>
                <route>
                    <coding>
                        <system value="http://snomed.info/sct" />
                        <code value="78421000" />
                        <display value="Intramuscular route (qualifier value)" />
                    </coding>
                </route>
                <doseQuantity>
                    <value value="1" />
                    <unit value="pre-filled disposable injection" />
                    <system value="http://snomed.info/sct" />
                    <code value="3318611000001103" />
                </doseQuantity>
                <performer>
                    <actor>
                        <type value="Organization" />
                        <identifier>
                            <system value="https://fhir.nhs.uk/Id/ods-organization-code" />
                            <value value="RX809" />
                        </identifier>
                        <display value="TEST-SITE" />
                    </actor>
                </performer>
                <reasonCode>
                    <coding>
                        <system value="http://snomed.info/sct" />
                        <code value="443684005" />
                        <display value="Disease outbreak (event)" />
                    </coding>
                </reasonCode>
                <protocolApplied>
                    <doseNumberPositiveInt value="1" />
                </protocolApplied>
            </Immunization>
        </resource>
        <search>
            <mode value="match" />
        </search>
    </entry>
    <entry>
        <fullUrl value="Immunization/42b63815-acda-4cf9-8d32-9173066c625b" />
        <resource>
            <Immunization>
                <id value="42b63815-acda-4cf9-8d32-9173066c625b" />
                <extension url="https://fhir.hl7.org.uk/StructureDefinition/Extension-UKCore-VaccinationProcedure">
                    <valueCodeableConcept>
                        <coding>
                            <system value="http://snomed.info/sct" />
                            <code value="1324691000000104" />
                            <display value="Administration of second dose of SARS-CoV-2 (severe acute respiratory syndrome coronavirus 2) vaccine" />
                        </coding>
                    </valueCodeableConcept>
                </extension>
                <identifier>
                    <use value="secondary" />
                    <system value="https://supplierABC/identifiers/vacc" />
                    <value value="1324761000000102" />
                </identifier>
                <status value="completed" />
                <vaccineCode>
                    <coding>
                        <system value="http://snomed.info/sct" />
                        <code value="39114911000001105" />
                        <display value="COVID-19 Vaccine Vaxzevria (ChAdOx1 S [recombinant]) not less than 2.5x100,000,000 infectious units/0.5ml dose suspension for injection multidose vials (AstraZeneca UK Ltd)" />
                    </coding>
                </vaccineCode>
                <patient>
                    <reference value="Patient/f752150f-199f-4dcb-9dde-bd79dfc66311" />
                    <type value="Patient" />
                    <identifier>
                        <system value="https://fhir.nhs.uk/Id/nhs-number" />
                        <value value="9912003888" />
                    </identifier>
                </patient>
                <occurrenceDateTime value="2020-12-31T13:00:08.476+00:00" />
                <recorded value="2020-12-31" />
                <primarySource value="true" />
                <location>
                    <identifier>
                        <system value="urn:iso:std:iso:3166" />
                        <value value="FR" />
                    </identifier>
                </location>
                <manufacturer>
                    <display value="AstraZeneca Ltd" />
                </manufacturer>
                <lotNumber value="R04X" />
                <expirationDate value="2021-04-29" />
                <site>
                    <coding>
                        <system value="http://snomed.info/sct" />
                        <code value="368208006" />
                        <display value="Left upper arm structure (body structure)" />
                    </coding>
                </site>
                <route>
                    <coding>
                        <system value="http://snomed.info/sct" />
                        <code value="78421000" />
                        <display value="Intramuscular route (qualifier value)" />
                    </coding>
                </route>
                <doseQuantity>
                    <value value="1" />
                    <unit value="pre-filled disposable injection" />
                    <system value="http://snomed.info/sct" />
                    <code value="3318611000001103" />
                </doseQuantity>
                <performer>
                    <actor>
                        <type value="Organization" />
                        <identifier>
                            <system value="https://fhir.nhs.uk/Id/ods-organization-code" />
                            <value value="RX809" />
                        </identifier>
                        <display value="TEST-SITE" />
                    </actor>
                </performer>
                <reasonCode>
                    <coding>
                        <system value="http://snomed.info/sct" />
                        <code value="443684005" />
                        <display value="Disease outbreak (event)" />
                    </coding>
                </reasonCode>
                <protocolApplied>
                    <doseNumberPositiveInt value="2" />
                </protocolApplied>
            </Immunization>
        </resource>
        <search>
            <mode value="match" />
        </search>
    </entry>
    <entry>
        <fullUrl value="Patient/f752150f-199f-4dcb-9dde-bd79dfc66311" />
        <resource>
            <Patient>
                <id value="f752150f-199f-4dcb-9dde-bd79dfc66311" />
                <identifier>
                    <system value="https://fhir.nhs.uk/Id/nhs-number" />
                    <value value="9912003888" />
                </identifier>
                <birthDate value="1965-02-28" />
            </Patient>
        </resource>
        <search>
            <mode value="include" />
        </search>
    </entry>
</Bundle>