<Organization xmlns="http://hl7.org/fhir">
    <id value="England-Organization-ODSAPIOrganizationR4ReadResponse-Example" />
    <extension url="https://fhir.nhs.uk/StructureDefinition/Extension-England-ODSOrganisationRelationships">
        <extension url="highLevelHealthGeography">
            <valueIdentifier>
                <system value="https://fhir.nhs.uk/Id/ods-organization-code" />
                <value value="QWO" />
            </valueIdentifier>
        </extension>
    </extension>
    <identifier>
        <system value="https://fhir.nhs.uk/Id/ods-organization-code" />
        <value value="RR8" />
    </identifier>
    <active value="true" />
    <type>
        <extension url="https://fhir.nhs.uk/StructureDefinition/Extension-England-ODSOrganizationRole">
            <extension url="primaryRole">
                <valueBoolean value="true" />
            </extension>
            <extension url="status">
                <valueString value="Active" />
            </extension>
        </extension>
        <extension url="https://fhir.nhs.uk/StructureDefinition/Extension-England-ODSOrganizationRoleActivePeriod">
            <extension url="activePeriod">
                <valuePeriod>
                    <start value="1998-04-01" />
                </valuePeriod>
            </extension>
            <extension url="dateType">
                <valueString value="Operational" />
            </extension>
        </extension>
        <coding>
            <system value="https://fhir.nhs.uk/CodeSystem/England-OrganisationRole" />
            <code value="197" />
            <display value="NHS TRUST" />
        </coding>
    </type>
    <name value="LEEDS TEACHING HOSPITALS NHS TRUST" />
    <telecom>
        <system value="fax" />
        <value value="0113 242 6496" />
        <use value="work" />
    </telecom>
    <telecom>
        <system value="phone" />
        <value value="0113 243 3144" />
        <use value="work" />
    </telecom>
    <address>
        <line value="ST. JAMES&#39;S UNIVERSITY HOSPITAL" />
        <line value="BECKETT STREET" />
        <city value="LEEDS" />
        <district value="WEST YORKSHIRE" />
        <postalCode value="LS9 7TF" />
        <country value="ENGLAND" />
    </address>
</Organization>