<?xml version="1.0" encoding="utf-8"?>
<StructureDefinition xmlns="http://hl7.org/fhir">
  <id value="England-Organization" />
  <url value="https://fhir.nhs.uk/StructureDefinition/England-Organization" />
  <version value="1.0.0" />
  <name value="EnglandOrganization" />
  <title value="England Organization" />
  <status value="draft" />
  <date value="2023-08-16" />
  <publisher value="NHS England" />
  <contact>
    <name value="NHS England" />
    <telecom>
      <system value="email" />
      <value value="interoperabilityteam@nhs.net" />
      <use value="work" />
      <rank value="1" />
    </telecom>
  </contact>
  <description value="This profile defines the NHS England constraints and extensions on the FHIR UK Core resource [UK Core Organization](https://simplifier.net/hl7fhirukcorer4/ukcore-organization)." />
  <purpose value="This profile allows exchange of a formally or informally recognised grouping of people or organisations formed for the purpose of achieving some form of collective action. Includes companies, institutions, corporations, departments, community groups, healthcare practice groups, etc." />
  <copyright value="Copyright © 2023+ NHS England Licensed under the Apache License, Version 2.0 (the \&quot;License\&quot;); you may not use this file except in compliance with the License. You may obtain a copy of the License at  http://www.apache.org/licenses/LICENSE-2.0 Unless required by applicable law or agreed to in writing, software distributed under the License is distributed on an \&quot;AS IS\&quot; BASIS, WITHOUT WARRANTIES OR CONDITIONS OF ANY KIND, either express or implied. See the License for the specific language governing permissions and limitations under the License. HL7® FHIR® standard Copyright © 2011+ HL7 The HL7® FHIR® standard is used under the FHIR license. You may obtain a copy of the FHIR license at  https://www.hl7.org/fhir/license.html." />
  <fhirVersion value="4.0.1" />
  <kind value="resource" />
  <abstract value="false" />
  <type value="Organization" />
  <baseDefinition value="https://fhir.hl7.org.uk/StructureDefinition/UKCore-Organization" />
  <derivation value="constraint" />
  <differential>
    <element id="Organization.extension">
      <path value="Organization.extension" />
      <slicing>
        <discriminator>
          <type value="value" />
          <path value="url" />
        </discriminator>
        <rules value="open" />
      </slicing>
      <min value="0" />
    </element>
    <element id="Organization.extension:relationships">
      <path value="Organization.extension" />
      <sliceName value="relationships" />
      <min value="0" />
      <max value="1" />
      <type>
        <code value="Extension" />
        <profile value="https://fhir.nhs.uk/StructureDefinition/Extension-England-ODSOrganisationRelationship" />
      </type>
      <isModifier value="false" />
    </element>
    <element id="Organization.identifier">
      <path value="Organization.identifier" />
      <min value="1" />
      <mustSupport value="true" />
    </element>
    <element id="Organization.identifier:odsSiteCode">
      <path value="Organization.identifier" />
      <sliceName value="odsSiteCode" />
      <max value="0" />
    </element>
    <element id="Organization.type">
      <path value="Organization.type" />
      <binding>
        <strength value="preferred" />
        <valueSet value="https://fhir.nhs.uk/ValueSet/England-OrganisationRole" />
      </binding>
    </element>
    <element id="Organization.type.extension">
      <path value="Organization.type.extension" />
      <slicing>
        <discriminator>
          <type value="value" />
          <path value="url" />
        </discriminator>
        <rules value="open" />
      </slicing>
      <min value="0" />
    </element>
    <element id="Organization.type.extension:activePeriod">
      <path value="Organization.type.extension" />
      <sliceName value="activePeriod" />
      <min value="0" />
      <type>
        <code value="Extension" />
        <profile value="https://fhir.nhs.uk/StructureDefinition/Extension-England-ODSOrganisationRoleActivePeriod" />
      </type>
      <isModifier value="false" />
    </element>
    <element id="Organization.type.extension:organisationRole">
      <path value="Organization.type.extension" />
      <sliceName value="organisationRole" />
      <min value="0" />
      <type>
        <code value="Extension" />
        <profile value="https://fhir.nhs.uk/StructureDefinition/Extension-England-ODSOrganisationRole" />
      </type>
      <isModifier value="false" />
    </element>
    <element id="Organization.type.coding.system">
      <path value="Organization.type.coding.system" />
      <min value="1" />
      <fixedUri value="https://fhir.nhs.uk/CodeSystem/England-OrganisationRole" />
    </element>
    <element id="Organization.name">
      <path value="Organization.name" />
      <mustSupport value="true" />
    </element>
    <element id="Organization.telecom">
      <path value="Organization.telecom" />
      <mustSupport value="true" />
    </element>
    <element id="Organization.telecom.value">
      <path value="Organization.telecom.value" />
      <min value="1" />
    </element>
    <element id="Organization.address">
      <path value="Organization.address" />
      <mustSupport value="true" />
    </element>
    <element id="Organization.partOf">
      <path value="Organization.partOf" />
      <constraint>
        <key value="nhse-org-001" />
        <severity value="warning" />
        <human value="partOf.display - a display name should be provided" />
        <expression value="display.exists()" />
      </constraint>
      <mustSupport value="true" />
    </element>
    <element id="Organization.partOf.identifier">
      <path value="Organization.partOf.identifier" />
      <min value="1" />
    </element>
    <element id="Organization.partOf.identifier.system">
      <path value="Organization.partOf.identifier.system" />
      <min value="1" />
    </element>
    <element id="Organization.partOf.identifier.value">
      <path value="Organization.partOf.identifier.value" />
      <min value="1" />
    </element>
  </differential>
</StructureDefinition>