<?xml version="1.0" encoding="utf-8"?>
<StructureDefinition xmlns="http://hl7.org/fhir">
  <id value="England-Patient" />
  <url value="https://fhir.nhs.uk/StructureDefinition/England-Patient" />
  <version value="1.0.0" />
  <name value="EnglandPatient" />
  <title value="England Patient" />
  <status value="draft" />
  <date value="2023-06-01" />
  <publisher value="NHS England" />
  <contact>
    <name value="NHS England" />
    <telecom>
      <system value="email" />
      <value value="interoperabilityteam@nhs.net" />
      <use value="work" />
      <rank value="1" />
    </telecom>
  </contact>
  <description value="This profile defines the NHS England constraints and extensions on the FHIR UK Core resource [UK Core Patient](https://simplifier.net/hl7fhirukcorer4/ukcore-patient)." />
  <purpose value="This profile is designed around Patient Demographics Services and PDS may be used as the source of this data. &#xD;&#xA;Use of PDS is not mandatory for Patient resources, Patient Administration Systems (PAS) and Master Patient Index (MPI) may be used instead. Only traced NHS Number SHOULD be used with this resource unless explicitly stated. Within NHS Trusts the inclusion of MRN (Medical Record Numbers) identifiers is highly recommended." />
  <copyright value="Copyright © 2021+ HL7 UK Licensed under the Apache License, Version 2.0 (the \&quot;License\&quot;); you may not use this file except in compliance with the License. You may obtain a copy of the License at  http://www.apache.org/licenses/LICENSE-2.0 Unless required by applicable law or agreed to in writing, software distributed under the License is distributed on an \&quot;AS IS\&quot; BASIS, WITHOUT WARRANTIES OR CONDITIONS OF ANY KIND, either express or implied. See the License for the specific language governing permissions and limitations under the License. HL7® FHIR® standard Copyright © 2011+ HL7 The HL7® FHIR® standard is used under the FHIR license. You may obtain a copy of the FHIR license at  https://www.hl7.org/fhir/license.html." />
  <fhirVersion value="4.0.1" />
  <kind value="resource" />
  <abstract value="false" />
  <type value="Patient" />
  <baseDefinition value="https://fhir.hl7.org.uk/StructureDefinition/UKCore-Patient" />
  <derivation value="constraint" />
  <differential>
    <element id="Patient">
      <path value="Patient" />
      <constraint>
        <key value="nhse-pat-001" />
        <severity value="error" />
        <human value="Length of the supplied NHS Number is wrong." />
        <expression value="identifier.where(system='https://fhir.nhs.uk/Id/nhs-number').exists().not() or (identifier.where(system='https://fhir.nhs.uk/Id/nhs-number').exists()  and identifier.where(system='https://fhir.nhs.uk/Id/nhs-number').value.matches('^([0-9]{10})$'))" />
      </constraint>
    </element>
    <element id="Patient.extension">
      <path value="Patient.extension" />
      <slicing>
        <discriminator>
          <type value="value" />
          <path value="url" />
        </discriminator>
        <rules value="open" />
      </slicing>
      <min value="0" />
    </element>
    <element id="Patient.extension:medicalApplianceSupplier">
      <path value="Patient.extension" />
      <sliceName value="medicalApplianceSupplier" />
      <min value="0" />
      <max value="1" />
      <type>
        <code value="Extension" />
        <profile value="https://fhir.hl7.org.uk/StructureDefinition/Extension-UKCore-MedicalApplianceSupplier" />
      </type>
      <mustSupport value="true" />
    </element>
    <element id="Patient.extension:nominatedPharmacy">
      <path value="Patient.extension" />
      <sliceName value="nominatedPharmacy" />
      <min value="0" />
      <type>
        <code value="Extension" />
        <profile value="https://fhir.hl7.org.uk/StructureDefinition/Extension-UKCore-NominatedPharmacy" />
      </type>
      <mustSupport value="true" />
    </element>
    <element id="Patient.extension:preferredDispenserOrganization">
      <path value="Patient.extension" />
      <sliceName value="preferredDispenserOrganization" />
      <min value="0" />
      <max value="1" />
      <type>
        <code value="Extension" />
        <profile value="https://fhir.hl7.org.uk/StructureDefinition/Extension-UKCore-PreferredDispenserOrganization" />
      </type>
      <mustSupport value="true" />
    </element>
    <element id="Patient.identifier">
      <path value="Patient.identifier" />
      <short value="The patient's NHS number. The primary identifier of a patient, unique within NHS England and Wales. Always 10 digits and must be a valid NHS number." />
      <mustSupport value="true" />
    </element>
    <element id="Patient.identifier:nhsNumber">
      <path value="Patient.identifier" />
      <sliceName value="nhsNumber" />
      <mustSupport value="true" />
    </element>
    <element id="Patient.identifier:nhsNumber.system">
      <path value="Patient.identifier.system" />
      <mustSupport value="true" />
    </element>
    <element id="Patient.name">
      <path value="Patient.name" />
      <mustSupport value="true" />
    </element>
    <element id="Patient.name.use">
      <path value="Patient.name.use" />
      <short value="The following values are allowed:  usual, temp, nickname, old, maiden" />
      <mapping>
        <identity value="MiM" />
        <map value="https://fhir.nhs.uk/ConceptMap/fhir-nameuse-to-v3-npfit-nameuse" />
      </mapping>
    </element>
    <element id="Patient.name.family">
      <path value="Patient.name.family" />
      <mustSupport value="true" />
    </element>
    <element id="Patient.name.given">
      <path value="Patient.name.given" />
      <max value="5" />
      <mustSupport value="true" />
    </element>
    <element id="Patient.telecom">
      <path value="Patient.telecom" />
      <mustSupport value="true" />
    </element>
    <element id="Patient.gender">
      <path value="Patient.gender" />
      <mustSupport value="true" />
    </element>
    <element id="Patient.birthDate">
      <path value="Patient.birthDate" />
      <mustSupport value="true" />
    </element>
    <element id="Patient.deceased[x]">
      <path value="Patient.deceased[x]" />
      <mustSupport value="true" />
    </element>
    <element id="Patient.address">
      <path value="Patient.address" />
      <mustSupport value="true" />
    </element>
    <element id="Patient.address.extension">
      <path value="Patient.address.extension" />
      <slicing>
        <discriminator>
          <type value="value" />
          <path value="url" />
        </discriminator>
        <rules value="open" />
      </slicing>
      <min value="0" />
    </element>
    <element id="Patient.address.extension:addressKey">
      <path value="Patient.address.extension" />
      <sliceName value="addressKey" />
      <min value="0" />
      <max value="1" />
      <mustSupport value="true" />
    </element>
    <element id="Patient.address.use">
      <path value="Patient.address.use" />
      <short value="The following values are allowed: home, work, temp, billing" />
    </element>
    <element id="Patient.contact">
      <path value="Patient.contact" />
      <mustSupport value="true" />
    </element>
    <element id="Patient.communication">
      <path value="Patient.communication" />
      <mustSupport value="true" />
    </element>
    <element id="Patient.generalPractitioner">
      <path value="Patient.generalPractitioner" />
      <slicing>
        <discriminator>
          <type value="value" />
          <path value="identifier.system" />
        </discriminator>
        <rules value="openAtEnd" />
      </slicing>
      <requirements value="GP Surgery SHOULD be provided. It is recommended the patients GP Surgery is the first item in the array and branch surgery is second. It is also suggested type and display (name of practice) is also included." />
      <mustSupport value="true" />
    </element>
    <element id="Patient.generalPractitioner.identifier">
      <path value="Patient.generalPractitioner.identifier" />
      <min value="1" />
    </element>
    <element id="Patient.generalPractitioner.identifier.system">
      <path value="Patient.generalPractitioner.identifier.system" />
      <min value="1" />
    </element>
    <element id="Patient.generalPractitioner.identifier.value">
      <path value="Patient.generalPractitioner.identifier.value" />
      <min value="1" />
    </element>
    <element id="Patient.generalPractitioner:registeredGPPractice">
      <path value="Patient.generalPractitioner" />
      <sliceName value="registeredGPPractice" />
      <max value="1" />
    </element>
    <element id="Patient.generalPractitioner:registeredGPPractice.identifier.system">
      <path value="Patient.generalPractitioner.identifier.system" />
      <fixedUri value="https://fhir.nhs.uk/Id/ods-organization-code" />
    </element>
    <element id="Patient.generalPractitioner:registeredGeneralMedicalPractitioner">
      <path value="Patient.generalPractitioner" />
      <sliceName value="registeredGeneralMedicalPractitioner" />
      <short value="Patient registered GP" />
    </element>
    <element id="Patient.generalPractitioner:registeredGeneralMedicalPractitioner.identifier.system">
      <path value="Patient.generalPractitioner.identifier.system" />
      <fixedUri value="https://fhir.nhs.uk/Id/gmp-number" />
    </element>
    <element id="Patient.managingOrganization.identifier">
      <path value="Patient.managingOrganization.identifier" />
      <min value="1" />
    </element>
    <element id="Patient.managingOrganization.identifier.system">
      <path value="Patient.managingOrganization.identifier.system" />
      <fixedUri value="https://fhir.nhs.uk/Id/ods-organization-code" />
    </element>
  </differential>
</StructureDefinition>