<?xml version="1.0" encoding="utf-8"?>
<StructureDefinition xmlns="http://hl7.org/fhir">
  <id value="England-Task" />
  <url value="https://fhir.nhs.uk/StructureDefinition/England-Task" />
  <version value="1.0.0" />
  <name value="EnglandTask" />
  <title value="England Task" />
  <status value="draft" />
  <date value="2023-06-01" />
  <publisher value="NHS England" />
  <contact>
    <name value="NHS England" />
    <telecom>
      <system value="email" />
      <value value="interoperabilityteam@nhs.net" />
      <use value="work" />
      <rank value="1" />
    </telecom>
  </contact>
  <description value="This profile defines the NHS England constraints and extensions on the FHIR UK Core resource [UK Core Task](https://simplifier.net/hl7fhirukcorer4/ukcore-task)." />
  <purpose value="A task resource describes an activity that can be performed and tracks the state of completion of that activity. It is a representation that an activity should be or has been initiated, and eventually, represents the successful or unsuccessful completion of that activity.\n\nNote that there are a variety of processes associated with making and processing orders. Some orders may be handled immediately by automated systems but most require real world actions by one or more humans. Some orders can only be processed when other real world actions happen, such as a patient presenting themselves so that the action to be performed can actually be performed. Often these real world dependencies are only implicit in the order details." />
  <copyright value="Copyright © 2021+ HL7 UK Licensed under the Apache License, Version 2.0 (the \&quot;License\&quot;); you may not use this file except in compliance with the License. You may obtain a copy of the License at  http://www.apache.org/licenses/LICENSE-2.0 Unless required by applicable law or agreed to in writing, software distributed under the License is distributed on an \&quot;AS IS\&quot; BASIS, WITHOUT WARRANTIES OR CONDITIONS OF ANY KIND, either express or implied. See the License for the specific language governing permissions and limitations under the License. HL7® FHIR® standard Copyright © 2011+ HL7 The HL7® FHIR® standard is used under the FHIR license. You may obtain a copy of the FHIR license at  https://www.hl7.org/fhir/license.html." />
  <fhirVersion value="4.0.1" />
  <kind value="resource" />
  <abstract value="false" />
  <type value="Task" />
  <baseDefinition value="https://fhir.hl7.org.uk/StructureDefinition/UKCore-Task" />
  <derivation value="constraint" />
  <differential>
    <element id="Task.extension">
      <path value="Task.extension" />
      <slicing>
        <discriminator>
          <type value="value" />
          <path value="url" />
        </discriminator>
        <rules value="open" />
      </slicing>
      <min value="0" />
    </element>
    <element id="Task.extension:agent">
      <path value="Task.extension" />
      <sliceName value="agent" />
      <min value="0" />
      <max value="1" />
      <type>
        <code value="Extension" />
        <profile value="https://fhir.nhs.uk/StructureDefinition/Extension-England-ProvenanceAgent" />
      </type>
      <isModifier value="false" />
    </element>
    <element id="Task.extension:prescription">
      <path value="Task.extension" />
      <sliceName value="prescription" />
      <min value="0" />
      <max value="1" />
      <type>
        <code value="Extension" />
        <profile value="https://fhir.nhs.uk/StructureDefinition/Extension-England-EPSPrescription" />
      </type>
      <isModifier value="false" />
    </element>
    <element id="Task.extension:repeatInformation">
      <path value="Task.extension" />
      <sliceName value="repeatInformation" />
      <short value="Used in the EPS Prescription Tracker" />
      <min value="0" />
      <max value="1" />
      <type>
        <code value="Extension" />
        <profile value="https://fhir.nhs.uk/StructureDefinition/Extension-England-EPSRepeatInformation" />
      </type>
      <mustSupport value="true" />
      <isModifier value="false" />
    </element>
    <element id="Task.identifier">
      <path value="Task.identifier" />
      <mustSupport value="true" />
    </element>
    <element id="Task.groupIdentifier">
      <path value="Task.groupIdentifier" />
      <mustSupport value="true" />
    </element>
    <element id="Task.status">
      <path value="Task.status" />
      <mustSupport value="true" />
    </element>
    <element id="Task.intent">
      <path value="Task.intent" />
      <mustSupport value="true" />
    </element>
    <element id="Task.code">
      <path value="Task.code" />
      <min value="1" />
      <mustSupport value="true" />
    </element>
    <element id="Task.code.coding">
      <path value="Task.code.coding" />
      <slicing>
        <discriminator>
          <type value="value" />
          <path value="system" />
        </discriminator>
        <rules value="open" />
      </slicing>
    </element>
    <element id="Task.code.coding.system">
      <path value="Task.code.coding.system" />
      <min value="1" />
    </element>
    <element id="Task.code.coding.code">
      <path value="Task.code.coding.code" />
      <min value="1" />
    </element>
    <element id="Task.code.coding:SNOMED">
      <path value="Task.code.coding" />
      <sliceName value="SNOMED" />
      <binding>
        <strength value="extensible" />
        <valueSet value="https://fhir.nhs.uk/ValueSet/England-ActionCode" />
      </binding>
    </element>
    <element id="Task.code.coding:SNOMED.system">
      <path value="Task.code.coding.system" />
      <fixedUri value="http://snomed.info/sct" />
    </element>
    <element id="Task.code.coding:Fulfilment">
      <path value="Task.code.coding" />
      <sliceName value="Fulfilment" />
      <binding>
        <strength value="extensible" />
        <valueSet value="https://fhir.nhs.uk/ValueSet/England-TaskCode" />
      </binding>
    </element>
    <element id="Task.code.coding:Fulfilment.system">
      <path value="Task.code.coding.system" />
      <fixedUri value="http://hl7.org/fhir/CodeSystem/task-code" />
    </element>
    <element id="Task.code.coding:Worflow">
      <path value="Task.code.coding" />
      <sliceName value="Worflow" />
      <binding>
        <strength value="extensible" />
        <valueSet value="https://fhir.nhs.uk/ValueSet/England-WorkflowCode" />
      </binding>
    </element>
    <element id="Task.code.coding:Worflow.system">
      <path value="Task.code.coding.system" />
      <fixedUri value="https://fhir.nhs.uk/CodeSystem/England-WorkflowCode" />
    </element>
    <element id="Task.focus">
      <path value="Task.focus" />
      <constraint>
        <key value="nhse-tsk-001" />
        <severity value="error" />
        <human value="focus - An identifier reference or resource reference must be provided" />
        <expression value="(reference.exists() or identifier.exists())" />
      </constraint>
      <mustSupport value="true" />
    </element>
    <element id="Task.for">
      <path value="Task.for" />
      <min value="1" />
      <constraint>
        <key value="nhse-tsk-002" />
        <severity value="error" />
        <human value="An identifier reference or resource reference must be provided" />
        <expression value="(reference.exists() or identifier.exists())" />
      </constraint>
      <constraint>
        <key value="nhse-tsk-003" />
        <severity value="error" />
        <human value="Length of the supplied NHS Number is wrong." />
        <expression value="identifier.where(system='https://fhir.nhs.uk/Id/nhs-number').exists().not() or (identifier.where(system='https://fhir.nhs.uk/Id/nhs-number').exists()  and identifier.where(system='https://fhir.nhs.uk/Id/nhs-number').value.matches('^([0-9]{10})$'))" />
      </constraint>
      <mustSupport value="true" />
    </element>
    <element id="Task.for.identifier">
      <path value="Task.for.identifier" />
      <min value="1" />
    </element>
    <element id="Task.for.identifier.system">
      <path value="Task.for.identifier.system" />
      <min value="1" />
      <fixedUri value="https://fhir.nhs.uk/Id/nhs-number" />
    </element>
    <element id="Task.for.identifier.value">
      <path value="Task.for.identifier.value" />
      <min value="1" />
    </element>
    <element id="Task.authoredOn">
      <path value="Task.authoredOn" />
      <mustSupport value="true" />
    </element>
    <element id="Task.requester">
      <path value="Task.requester" />
      <type>
        <code value="Reference" />
        <aggregation value="contained" />
      </type>
      <mustSupport value="true" />
    </element>
    <element id="Task.requester.identifier.system">
      <path value="Task.requester.identifier.system" />
      <min value="1" />
    </element>
    <element id="Task.requester.identifier.value">
      <path value="Task.requester.identifier.value" />
      <min value="1" />
    </element>
    <element id="Task.owner">
      <path value="Task.owner" />
      <short value="Responsible organisation" />
      <mustSupport value="true" />
    </element>
    <element id="Task.owner.identifier.system">
      <path value="Task.owner.identifier.system" />
      <min value="1" />
    </element>
    <element id="Task.owner.identifier.value">
      <path value="Task.owner.identifier.value" />
      <min value="1" />
    </element>
    <element id="Task.reasonCode">
      <path value="Task.reasonCode" />
      <mustSupport value="true" />
    </element>
    <element id="Task.reasonCode.coding">
      <path value="Task.reasonCode.coding" />
      <slicing>
        <discriminator>
          <type value="value" />
          <path value="system" />
        </discriminator>
        <rules value="open" />
      </slicing>
    </element>
    <element id="Task.reasonCode.coding.system">
      <path value="Task.reasonCode.coding.system" />
      <min value="1" />
    </element>
    <element id="Task.reasonCode.coding.code">
      <path value="Task.reasonCode.coding.code" />
      <min value="1" />
    </element>
    <element id="Task.reasonCode.coding.display">
      <path value="Task.reasonCode.coding.display" />
      <min value="1" />
    </element>
    <element id="Task.reasonCode.coding:SNOMED">
      <path value="Task.reasonCode.coding" />
      <sliceName value="SNOMED" />
    </element>
    <element id="Task.reasonCode.coding:SNOMED.system">
      <path value="Task.reasonCode.coding.system" />
      <fixedUri value="http://snomed.info/sct" />
    </element>
    <element id="Task.note">
      <path value="Task.note" />
      <mustSupport value="true" />
    </element>
    <element id="Task.restriction">
      <path value="Task.restriction" />
      <mustSupport value="true" />
    </element>
    <element id="Task.restriction.period.end">
      <path value="Task.restriction.period.end" />
      <mustSupport value="true" />
    </element>
    <element id="Task.input">
      <path value="Task.input" />
      <mustSupport value="true" />
    </element>
  </differential>
</StructureDefinition>