<?xml version="1.0" encoding="utf-8"?>
<StructureDefinition xmlns="http://hl7.org/fhir">
  <id value="England-Provenance" />
  <url value="https://fhir.nhs.uk/StructureDefinition/England-Provenance" />
  <version value="1.0.0" />
  <name value="EnglandProvenance" />
  <title value="England Provenance" />
  <status value="draft" />
  <date value="2023-06-01" />
  <publisher value="NHS England" />
  <contact>
    <name value="NHS England" />
    <telecom>
      <system value="email" />
      <value value="interoperabilityteam@nhs.net" />
      <use value="work" />
      <rank value="1" />
    </telecom>
  </contact>
  <description value="This profile defines the NHS England constraints and extensions on the FHIR UK Core resource [UK Core Provenance](https://simplifier.net/hl7fhirukcorer4/ukcore-provenance)." />
  <purpose value="The Provenance resource tracks information about the activity that created, revised, deleted, or signed a version of a resource, describing the entities and agents involved." />
  <copyright value="&quot;Copyright © 2021+ HL7 UK Licensed under the Apache License, Version 2.0 (the \&quot;License\&quot;); you may not use this file except in compliance with the License. You may obtain a copy of the License at  http://www.apache.org/licenses/LICENSE-2.0 Unless required by applicable law or agreed to in writing, software distributed under the License is distributed on an \&quot;AS IS\&quot; BASIS, WITHOUT WARRANTIES OR CONDITIONS OF ANY KIND, either express or implied. See the License for the specific language governing permissions and limitations under the License. HL7® FHIR® standard Copyright © 2011+ HL7 The HL7® FHIR® standard is used under the FHIR license. You may obtain a copy of the FHIR license at  https://www.hl7.org/fhir/license.html.&quot;," />
  <fhirVersion value="4.0.1" />
  <mapping>
    <identity value="workflow" />
    <uri value="http://hl7.org/fhir/workflow" />
    <name value="Workflow Pattern" />
  </mapping>
  <mapping>
    <identity value="rim" />
    <uri value="http://hl7.org/v3" />
    <name value="RIM Mapping" />
  </mapping>
  <mapping>
    <identity value="w3c.prov" />
    <uri value="http://www.w3.org/ns/prov" />
    <name value="W3C PROV" />
  </mapping>
  <mapping>
    <identity value="w5" />
    <uri value="http://hl7.org/fhir/fivews" />
    <name value="FiveWs Pattern Mapping" />
  </mapping>
  <mapping>
    <identity value="fhirauditevent" />
    <uri value="http://hl7.org/fhir/auditevent" />
    <name value="FHIR AuditEvent Mapping" />
  </mapping>
  <kind value="resource" />
  <abstract value="false" />
  <type value="Provenance" />
  <baseDefinition value="https://fhir.hl7.org.uk/StructureDefinition/UKCore-Provenance" />
  <derivation value="constraint" />
  <differential>
    <element id="Provenance.target">
      <path value="Provenance.target" />
      <type>
        <code value="Reference" />
        <aggregation value="bundled" />
      </type>
    </element>
    <element id="Provenance.target.identifier">
      <path value="Provenance.target.identifier" />
      <min value="1" />
    </element>
    <element id="Provenance.target.identifier.system">
      <path value="Provenance.target.identifier.system" />
      <min value="1" />
    </element>
    <element id="Provenance.target.identifier.value">
      <path value="Provenance.target.identifier.value" />
      <min value="1" />
    </element>
    <element id="Provenance.agent">
      <path value="Provenance.agent" />
      <mustSupport value="true" />
    </element>
    <element id="Provenance.agent.who">
      <path value="Provenance.agent.who" />
      <constraint>
        <key value="nhse-prov-001" />
        <severity value="warning" />
        <human value="agent.who - An identifier reference or resource reference must be provided" />
        <expression value="(reference.exists() or identifier.exists())" />
      </constraint>
      <mustSupport value="true" />
    </element>
    <element id="Provenance.signature">
      <path value="Provenance.signature" />
      <min value="1" />
      <mustSupport value="true" />
    </element>
    <element id="Provenance.signature.when">
      <path value="Provenance.signature.when" />
      <mustSupport value="true" />
    </element>
    <element id="Provenance.signature.who">
      <path value="Provenance.signature.who" />
      <mustSupport value="true" />
    </element>
    <element id="Provenance.signature.who.reference">
      <path value="Provenance.signature.who.reference" />
      <min value="1" />
    </element>
  </differential>
</StructureDefinition>