<?xml version="1.0" encoding="utf-8"?>
<StructureDefinition xmlns="http://hl7.org/fhir">
  <id value="England-HealthcareService" />
  <url value="https://fhir.nhs.uk/StructureDefinition/England-HealthcareService" />
  <version value="1.0.0" />
  <name value="EnglandHealthcareService" />
  <title value="England HealthcareService" />
  <status value="draft" />
  <date value="2023-06-01" />
  <publisher value="NHS England" />
  <contact>
    <name value="NHS England" />
    <telecom>
      <system value="email" />
      <value value="interoperabilityteam@nhs.net" />
      <use value="work" />
      <rank value="1" />
    </telecom>
  </contact>
  <description value="This profile defines the NHS England constraints and extensions on the FHIR UK Core resource [UK Core HealthcareService](https://simplifier.net/hl7fhirukcorer4/ukcore-healthcareservice)." />
  <purpose value="This profile is used to describe a single healthcare service or category of services that are provided by an organisation at a location, including a virtual location." />
  <copyright value="Copyright © 2021+ HL7 UK Licensed under the Apache License, Version 2.0 (the \&quot;License\&quot;); you may not use this file except in compliance with the License. You may obtain a copy of the License at  http://www.apache.org/licenses/LICENSE-2.0 Unless required by applicable law or agreed to in writing, software distributed under the License is distributed on an \&quot;AS IS\&quot; BASIS, WITHOUT WARRANTIES OR CONDITIONS OF ANY KIND, either express or implied. See the License for the specific language governing permissions and limitations under the License. HL7® FHIR® standard Copyright © 2011+ HL7 The HL7® FHIR® standard is used under the FHIR license. You may obtain a copy of the FHIR license at  https://www.hl7.org/fhir/license.html." />
  <fhirVersion value="4.0.1" />
  <kind value="resource" />
  <abstract value="false" />
  <type value="HealthcareService" />
  <baseDefinition value="https://fhir.hl7.org.uk/StructureDefinition/UKCore-HealthcareService" />
  <derivation value="constraint" />
  <differential>
    <element id="HealthcareService.identifier">
      <path value="HealthcareService.identifier" />
      <slicing>
        <discriminator>
          <type value="value" />
          <path value="system" />
        </discriminator>
        <rules value="open" />
      </slicing>
      <mustSupport value="true" />
    </element>
    <element id="HealthcareService.identifier:ersServiceId">
      <path value="HealthcareService.identifier" />
      <sliceName value="ersServiceId" />
      <max value="1" />
      <mustSupport value="true" />
    </element>
    <element id="HealthcareService.identifier:ersServiceId.system">
      <path value="HealthcareService.identifier.system" />
      <min value="1" />
      <fixedUri value="https://fhir.nhs.uk/Id/ers-service" />
    </element>
    <element id="HealthcareService.identifier:ersServiceId.value">
      <path value="HealthcareService.identifier.value" />
      <min value="1" />
    </element>
    <element id="HealthcareService.identifier:dosServiceId">
      <path value="HealthcareService.identifier" />
      <sliceName value="dosServiceId" />
      <max value="1" />
      <mustSupport value="true" />
    </element>
    <element id="HealthcareService.identifier:dosServiceId.system">
      <path value="HealthcareService.identifier.system" />
      <min value="1" />
      <fixedUri value="https://fhir.nhs.uk/Id/dos-service-id" />
    </element>
    <element id="HealthcareService.identifier:dosServiceId.value">
      <path value="HealthcareService.identifier.value" />
      <min value="1" />
    </element>
    <element id="HealthcareService.providedBy">
      <path value="HealthcareService.providedBy" />
      <mustSupport value="true" />
    </element>
    <element id="HealthcareService.providedBy.identifier">
      <path value="HealthcareService.providedBy.identifier" />
      <min value="1" />
    </element>
    <element id="HealthcareService.providedBy.identifier.system">
      <path value="HealthcareService.providedBy.identifier.system" />
      <min value="1" />
      <fixedUri value="https://fhir.nhs.uk/Id/ods-organization-code" />
    </element>
    <element id="HealthcareService.providedBy.identifier.value">
      <path value="HealthcareService.providedBy.identifier.value" />
      <min value="1" />
    </element>
    <element id="HealthcareService.type">
      <path value="HealthcareService.type" />
      <mustSupport value="true" />
      <binding>
        <strength value="preferred" />
      </binding>
    </element>
    <element id="HealthcareService.type.coding">
      <path value="HealthcareService.type.coding" />
      <slicing>
        <discriminator>
          <type value="value" />
          <path value="system" />
        </discriminator>
        <rules value="open" />
      </slicing>
    </element>
    <element id="HealthcareService.type.coding:UKCoreCareSettingType">
      <path value="HealthcareService.type.coding" />
      <sliceName value="UKCoreCareSettingType" />
      <mustSupport value="true" />
      <binding>
        <strength value="preferred" />
        <valueSet value="https://fhir.hl7.org.uk/ValueSet/UKCore-CareSettingType" />
      </binding>
    </element>
    <element id="HealthcareService.type.coding:UKCoreCareSettingType.system">
      <path value="HealthcareService.type.coding.system" />
      <fixedUri value="http://snomed.info/sct" />
    </element>
    <element id="HealthcareService.type.coding:eRSAppointmentType">
      <path value="HealthcareService.type.coding" />
      <sliceName value="eRSAppointmentType" />
      <short value="e-RS Appointment Type" />
      <mustSupport value="true" />
    </element>
    <element id="HealthcareService.type.coding:eRSAppointmentType.system">
      <path value="HealthcareService.type.coding.system" />
      <fixedUri value="https://fhir.nhs.uk/CodeSystem/England-ERSAppointmentType" />
    </element>
    <element id="HealthcareService.specialty">
      <path value="HealthcareService.specialty" />
      <mustSupport value="true" />
    </element>
    <element id="HealthcareService.specialty.coding">
      <path value="HealthcareService.specialty.coding" />
      <slicing>
        <discriminator>
          <type value="value" />
          <path value="system" />
        </discriminator>
        <rules value="open" />
      </slicing>
    </element>
    <element id="HealthcareService.specialty.coding.system">
      <path value="HealthcareService.specialty.coding.system" />
      <min value="1" />
    </element>
    <element id="HealthcareService.specialty.coding.code">
      <path value="HealthcareService.specialty.coding.code" />
      <min value="1" />
    </element>
    <element id="HealthcareService.specialty.coding:NHSDataDictionarySpecialty">
      <path value="HealthcareService.specialty.coding" />
      <sliceName value="NHSDataDictionarySpecialty" />
      <mustSupport value="true" />
      <binding>
        <strength value="required" />
        <description value="NHS Data Dictionary Specialty/Treatment Function Code" />
        <valueSet value="https://fhir.nhs.uk/ValueSet/England-ClinicalSpecialty" />
      </binding>
    </element>
    <element id="HealthcareService.specialty.coding:NHSDataDictionarySpecialty.system">
      <path value="HealthcareService.specialty.coding.system" />
      <fixedUri value="https://fhir.nhs.uk/CodeSystem/England-ClinicalSpecialty" />
    </element>
    <element id="HealthcareService.specialty.coding:SNOMEDPracticeCode">
      <path value="HealthcareService.specialty.coding" />
      <sliceName value="SNOMEDPracticeCode" />
      <mustSupport value="true" />
      <binding>
        <strength value="preferred" />
        <description value="Specific specialty associated with the agency." />
        <valueSet value="http://hl7.org/fhir/ValueSet/c80-practice-codes" />
      </binding>
    </element>
    <element id="HealthcareService.specialty.coding:SNOMEDPracticeCode.system">
      <path value="HealthcareService.specialty.coding.system" />
      <fixedUri value="http://snomed.info/sct" />
    </element>
    <element id="HealthcareService.specialty.coding:eRSSpecialty">
      <path value="HealthcareService.specialty.coding" />
      <sliceName value="eRSSpecialty" />
      <mustSupport value="true" />
      <binding>
        <strength value="preferred" />
        <description value="Specific specialty associated with the agency." />
        <valueSet value="https://fhir.nhs.uk/ValueSet/England-ERSSpecialty" />
      </binding>
    </element>
    <element id="HealthcareService.specialty.coding:eRSSpecialty.system">
      <path value="HealthcareService.specialty.coding.system" />
      <fixedUri value="https://fhir.nhs.uk/CodeSystem/England-ERSSpecialty" />
    </element>
    <element id="HealthcareService.location">
      <path value="HealthcareService.location" />
      <max value="1" />
      <constraint>
        <key value="nhse-hes-001" />
        <severity value="error" />
        <human value="location - An identifier reference or resource reference must be provided" />
        <expression value="(reference.exists() or identifier.exists())" />
      </constraint>
      <mustSupport value="true" />
    </element>
    <element id="HealthcareService.location.identifier.system">
      <path value="HealthcareService.location.identifier.system" />
      <min value="1" />
      <fixedUri value="https://fhir.nhs.uk/Id/ods-site-code" />
    </element>
    <element id="HealthcareService.location.identifier.value">
      <path value="HealthcareService.location.identifier.value" />
      <min value="1" />
    </element>
    <element id="HealthcareService.name">
      <path value="HealthcareService.name" />
      <min value="1" />
      <mustSupport value="true" />
    </element>
    <element id="HealthcareService.telecom">
      <path value="HealthcareService.telecom" />
      <mustSupport value="true" />
    </element>
    <element id="HealthcareService.telecom.value">
      <path value="HealthcareService.telecom.value" />
      <min value="1" />
    </element>
    <element id="HealthcareService.telecom.use">
      <path value="HealthcareService.telecom.use" />
      <min value="1" />
    </element>
    <element id="HealthcareService.serviceProvisionCode">
      <path value="HealthcareService.serviceProvisionCode" />
      <mustSupport value="true" />
    </element>
    <element id="HealthcareService.serviceProvisionCode.coding">
      <path value="HealthcareService.serviceProvisionCode.coding" />
      <slicing>
        <discriminator>
          <type value="value" />
          <path value="system" />
        </discriminator>
        <rules value="open" />
      </slicing>
    </element>
    <element id="HealthcareService.serviceProvisionCode.coding:eRSClinicType">
      <path value="HealthcareService.serviceProvisionCode.coding" />
      <sliceName value="eRSClinicType" />
      <mustSupport value="true" />
      <binding>
        <strength value="required" />
        <valueSet value="https://fhir.nhs.uk/ValueSet/England-ERSClinicType" />
      </binding>
    </element>
    <element id="HealthcareService.serviceProvisionCode.coding:eRSClinicType.system">
      <path value="HealthcareService.serviceProvisionCode.coding.system" />
      <fixedUri value="https://fhir.nhs.uk/CodeSystem/England-ERSClinicType" />
    </element>
    <element id="HealthcareService.availableTime">
      <path value="HealthcareService.availableTime" />
      <mustSupport value="true" />
    </element>
    <element id="HealthcareService.endpoint">
      <path value="HealthcareService.endpoint" />
      <slicing>
        <discriminator>
          <type value="value" />
          <path value="identifier.system" />
        </discriminator>
        <rules value="open" />
      </slicing>
      <mustSupport value="true" />
    </element>
    <element id="HealthcareService.endpoint.identifier">
      <path value="HealthcareService.endpoint.identifier" />
      <min value="1" />
    </element>
    <element id="HealthcareService.endpoint.identifier.system">
      <path value="HealthcareService.endpoint.identifier.system" />
      <min value="1" />
    </element>
    <element id="HealthcareService.endpoint.identifier.value">
      <path value="HealthcareService.endpoint.identifier.value" />
      <min value="1" />
    </element>
    <element id="HealthcareService.endpoint:nhsMhsPartyKey">
      <path value="HealthcareService.endpoint" />
      <sliceName value="nhsMhsPartyKey" />
      <max value="1" />
    </element>
    <element id="HealthcareService.endpoint:nhsMhsPartyKey.identifier.system">
      <path value="HealthcareService.endpoint.identifier.system" />
      <fixedUri value="https://fhir.nhs.uk/Id/nhsMhsPartyKey" />
    </element>
    <element id="HealthcareService.endpoint:nhsSpineASID">
      <path value="HealthcareService.endpoint" />
      <sliceName value="nhsSpineASID" />
      <max value="1" />
    </element>
    <element id="HealthcareService.endpoint:nhsSpineASID.identifier.system">
      <path value="HealthcareService.endpoint.identifier.system" />
      <fixedUri value="https://fhir.nhs.uk/Id/nhsSpineASID" />
    </element>
  </differential>
</StructureDefinition>