<?xml version="1.0" encoding="utf-8"?>
<StructureDefinition xmlns="http://hl7.org/fhir">
  <id value="England-PractitionerRole" />
  <url value="https://fhir.nhs.uk/StructureDefinition/England-PractitionerRole" />
  <version value="1.0.0" />
  <name value="EnglandPractitionerRole" />
  <title value="England PractitionerRole" />
  <status value="draft" />
  <date value="2023-08-16" />
  <publisher value="NHS England" />
  <contact>
    <name value="NHS England" />
    <telecom>
      <system value="email" />
      <value value="interoperabilityteam@nhs.net" />
      <use value="work" />
      <rank value="1" />
    </telecom>
  </contact>
  <description value="This profile defines the UK constraints and extensions on the FHIR UK Core resource [UK Core PractitionerRole](https://simplifier.net/hl7fhirukcorer4/ukcore-practitionerrole)." />
  <purpose value="This profile allows exchange of a specific set of roles, specialties and services that a practitioner may perform at an organisation for a period of time." />
  <copyright value="Copyright © 2023+ NHS England Licensed under the Apache License, Version 2.0 (the \&quot;License\&quot;); you may not use this file except in compliance with the License. You may obtain a copy of the License at  http://www.apache.org/licenses/LICENSE-2.0 Unless required by applicable law or agreed to in writing, software distributed under the License is distributed on an \&quot;AS IS\&quot; BASIS, WITHOUT WARRANTIES OR CONDITIONS OF ANY KIND, either express or implied. See the License for the specific language governing permissions and limitations under the License. HL7® FHIR® standard Copyright © 2011+ HL7 The HL7® FHIR® standard is used under the FHIR license. You may obtain a copy of the FHIR license at  https://www.hl7.org/fhir/license.html." />
  <fhirVersion value="4.0.1" />
  <kind value="resource" />
  <abstract value="false" />
  <type value="PractitionerRole" />
  <baseDefinition value="https://fhir.hl7.org.uk/StructureDefinition/UKCore-PractitionerRole" />
  <derivation value="constraint" />
  <differential>
    <element id="PractitionerRole">
      <path value="PractitionerRole" />
      <constraint>
        <key value="nhse-pro-015" />
        <severity value="warning" />
        <human value="Spurious Code format must be G6NNNNNN or G7NNNNNN" />
        <expression value="identifier.where(system='https://fhir.hl7.org.uk/Id/nhsbsa-spurious-code').exists().not() or (identifier.where(system='https://fhir.hl7.org.uk/Id/nhsbsa-spurious-code').exists()  and identifier.where(system='https://fhir.hl7.org.uk/Id/nhsbsa-spurious-code').value.matches('^[G]{1}[67]{1}[0-9]{6}$'))" />
      </constraint>
      <constraint>
        <key value="nhse-pro-001" />
        <severity value="error" />
        <human value="SDS Role Profile Id must be 12 digits" />
        <expression value="identifier.where(system='https://fhir.nhs.uk/Id/sds-role-profile-id').exists().not() or (identifier.where(system='https://fhir.nhs.uk/Id/sds-role-profile-id').exists()  and identifier.where(system='https://fhir.nhs.uk/Id/sds-role-profile-id').value.matches('^[0-9]{12}$'))" />
      </constraint>
    </element>
    <element id="PractitionerRole.extension">
      <path value="PractitionerRole.extension" />
      <slicing>
        <discriminator>
          <type value="value" />
          <path value="url" />
        </discriminator>
        <rules value="open" />
      </slicing>
      <min value="0" />
    </element>
    <element id="PractitionerRole.extension:costCentre">
      <path value="PractitionerRole.extension" />
      <sliceName value="costCentre" />
      <min value="0" />
      <max value="1" />
      <type>
        <code value="Extension" />
        <profile value="https://fhir.nhs.uk/StructureDefinition/Extension-England-AccountCode" />
      </type>
      <mustSupport value="true" />
    </element>
    <element id="PractitionerRole.identifier">
      <path value="PractitionerRole.identifier" />
      <slicing>
        <discriminator>
          <type value="value" />
          <path value="system" />
        </discriminator>
        <rules value="open" />
      </slicing>
      <mustSupport value="true" />
    </element>
    <element id="PractitionerRole.identifier:sdsRoleProfileID">
      <path value="PractitionerRole.identifier" />
      <sliceName value="sdsRoleProfileID" />
      <max value="1" />
      <mustSupport value="true" />
    </element>
    <element id="PractitionerRole.identifier:sdsRoleProfileID.system">
      <path value="PractitionerRole.identifier.system" />
      <fixedUri value="https://fhir.nhs.uk/Id/sds-role-profile-id" />
    </element>
    <element id="PractitionerRole.identifier:nhsbsaSpuriousCode">
      <path value="PractitionerRole.identifier" />
      <sliceName value="nhsbsaSpuriousCode" />
      <max value="1" />
      <mustSupport value="true" />
    </element>
    <element id="PractitionerRole.identifier:nhsbsaSpuriousCode.system">
      <path value="PractitionerRole.identifier.system" />
      <fixedUri value="https://fhir.hl7.org.uk/Id/nhsbsa-spurious-code" />
    </element>
    <element id="PractitionerRole.practitioner">
      <path value="PractitionerRole.practitioner" />
      <constraint>
        <key value="nhse-pro-002" />
        <severity value="warning" />
        <human value="An identifier reference or resource reference must be provided" />
        <expression value="(reference.exists() or identifier.exists())" />
      </constraint>
      <constraint>
        <key value="nhse-pro-003" />
        <severity value="warning" />
        <human value="NMC must be of the format NNANNNNA" />
        <expression value="identifier.exists().not() or identifier.where(system='https://fhir.hl7.org.uk/Id/nmc-number').exists().not() or (identifier.where(system='https://fhir.hl7.org.uk/Id/nmc-number').exists()  and identifier.where(system='https://fhir.hl7.org.uk/Id/nmc-number').value.matches('^[0-9]{2}[A-Z]{1}[0-9]{4}[A-Z]{1}$'))" />
      </constraint>
      <constraint>
        <key value="nhse-pro-004" />
        <severity value="error" />
        <human value="GMP must be of the format GNNNNNNN and not be a spurious code (starts with G6 or G7)" />
        <expression value="identifier.exists().not() or identifier.where(system='https://fhir.hl7.org.uk/Id/gmp-number').exists().not() or (identifier.where(system='https://fhir.hl7.org.uk/Id/gmp-number').exists()  and identifier.where(system='https://fhir.hl7.org.uk/Id/gmp-number').value.matches('^[G]{1}[01234589]{1}[0-9]{6}$'))" />
      </constraint>
      <constraint>
        <key value="nhse-pro-005" />
        <severity value="error" />
        <human value="GMC must be of the format CNNNNNNN" />
        <expression value="identifier.exists().not() or identifier.where(system='https://fhir.hl7.org.uk/Id/gmc-number').exists().not() or (identifier.where(system='https://fhir.hl7.org.uk/Id/gmc-number').exists()  and identifier.where(system='https://fhir.hl7.org.uk/Id/gmc-number').value.matches('^[C]{1}[0-9]{7}$'))" />
      </constraint>
      <constraint>
        <key value="nhse-pro-006" />
        <severity value="warning" />
        <human value="GPHC must be of the format NNNNNNN" />
        <expression value="identifier.exists().not() or identifier.where(system='https://fhir.hl7.org.uk/Id/gphc-number').exists().not() or (identifier.where(system='https://fhir.hl7.org.uk/Id/gphc-number').exists()  and identifier.where(system='https://fhir.hl7.org.uk/Id/gphc-number').value.matches('^[0-9]{7}$'))" />
      </constraint>
      <constraint>
        <key value="nhse-pro-007" />
        <severity value="warning" />
        <human value="HCPC must be of the format AANNNNNN" />
        <expression value="identifier.exists().not() or identifier.where(system='https://fhir.hl7.org.uk/Id/hcpc-number').exists().not() or (identifier.where(system='https://fhir.hl7.org.uk/Id/hcpc-number').exists()  and identifier.where(system='https://fhir.hl7.org.uk/Id/hcpc-number').value.matches('^[A-Z]{2}[0-9]{6}$'))" />
      </constraint>
      <constraint>
        <key value="nhse-pro-008" />
        <severity value="warning" />
        <human value="DIN format must be NNNNNN" />
        <expression value="identifier.exists().not() or identifier.where(system='https://fhir.hl7.org.uk/Id/din-number').exists().not() or (identifier.where(system='https://fhir.hl7.org.uk/Id/din-number').exists()  and identifier.where(system='https://fhir.hl7.org.uk/Id/din-number').value.matches('^[0-9]{6}$'))" />
      </constraint>
      <constraint>
        <key value="nhse-pro-009" />
        <severity value="error" />
        <human value="sds-user-id must be numeric" />
        <expression value="identifier.where(system='https://fhir.nhs.uk/Id/sds-user-id').exists().not() or (identifier.where(system='https://fhir.nhs.uk/Id/sds-user-id').exists()  and identifier.where(system='https://fhir.nhs.uk/Id/sds-user-id').value.matches('^[0-9]+$'))" />
        <source value="https://fhir.nhs.uk/StructureDefinition/England-Practitioner" />
      </constraint>
      <constraint>
        <key value="nhse-pro-010" />
        <severity value="error" />
        <human value="GMC Reference Number must be of the format NNNNNNN" />
        <expression value="identifier.where(system='https://fhir.hl7.org.uk/Id/gmc-reference-number').exists().not() or (identifier.where(system='https://fhir.hl7.org.uk/Id/gphc-number').exists()  and identifier.where(system='https://fhir.hl7.org.uk/Id/gmc-reference-number').value.matches('^[0-9]{7}$'))" />
        <source value="https://fhir.nhs.uk/StructureDefinition/England-Practitioner" />
      </constraint>
      <constraint>
        <key value="nhse-pro-011" />
        <severity value="warning" />
        <human value="NACS (/ODS) Practitioner Identifier is retired in NHS FHIR and should not be used. Please use the actual naming system instead (e,g, https://fhir.hl7.org.uk/Id/gmc-number, https://fhir.hl7.org.uk/Id/gmp-number, etc)." />
        <expression value="identifier.where(system='https://fhir.hl7.org.uk/Id/professional-code').exists().not()" />
        <source value="https://fhir.nhs.uk/StructureDefinition/England-Practitioner" />
      </constraint>
      <mustSupport value="true" />
    </element>
    <element id="PractitionerRole.organization">
      <path value="PractitionerRole.organization" />
      <constraint>
        <key value="nhse-pro-012" />
        <severity value="warning" />
        <human value="PractitionerRole.organization - An identifier reference or resource reference should be provided" />
        <expression value="(reference.exists() or identifier.exists())" />
      </constraint>
      <mustSupport value="true" />
    </element>
    <element id="PractitionerRole.organization.identifier.system">
      <path value="PractitionerRole.organization.identifier.system" />
      <min value="1" />
    </element>
    <element id="PractitionerRole.organization.identifier.value">
      <path value="PractitionerRole.organization.identifier.value" />
      <min value="1" />
    </element>
    <element id="PractitionerRole.code">
      <path value="PractitionerRole.code" />
      <mustSupport value="true" />
    </element>
    <element id="PractitionerRole.code.coding">
      <path value="PractitionerRole.code.coding" />
      <slicing>
        <discriminator>
          <type value="value" />
          <path value="system" />
        </discriminator>
        <rules value="open" />
      </slicing>
      <min value="1" />
    </element>
    <element id="PractitionerRole.code.coding.system">
      <path value="PractitionerRole.code.coding.system" />
      <min value="1" />
    </element>
    <element id="PractitionerRole.code.coding.code">
      <path value="PractitionerRole.code.coding.code" />
      <min value="1" />
    </element>
    <element id="PractitionerRole.code.coding:sdsJobRoleCode">
      <path value="PractitionerRole.code.coding" />
      <sliceName value="sdsJobRoleCode" />
      <short value="SDS Job Role Code" />
      <max value="1" />
      <mustSupport value="true" />
    </element>
    <element id="PractitionerRole.code.coding:sdsJobRoleCode.system">
      <path value="PractitionerRole.code.coding.system" />
      <fixedUri value="https://fhir.nhs.uk/CodeSystem/England-SDSJobRoleCode" />
    </element>
    <element id="PractitionerRole.code.coding:SDSJobRoleName">
      <path value="PractitionerRole.code.coding" />
      <sliceName value="SDSJobRoleName" />
    </element>
    <element id="PractitionerRole.code.coding:SDSJobRoleName.system">
      <path value="PractitionerRole.code.coding.system" />
      <fixedUri value="https://fhir.hl7.org.uk/CodeSystem/UKCore-SDSJobRoleName" />
    </element>
    <element id="PractitionerRole.code.coding:ukCoreSNOMEDCT">
      <path value="PractitionerRole.code.coding" />
      <sliceName value="ukCoreSNOMEDCT" />
      <binding>
        <strength value="preferred" />
        <valueSet value="https://fhir.hl7.org.uk/ValueSet/UKCore-PractitionerRoleCode" />
      </binding>
    </element>
    <element id="PractitionerRole.code.coding:ukCoreSNOMEDCT.system">
      <path value="PractitionerRole.code.coding.system" />
      <fixedUri value="http://snomed.info/sct" />
    </element>
    <element id="PractitionerRole.specialty">
      <path value="PractitionerRole.specialty" />
      <mustSupport value="true" />
    </element>
    <element id="PractitionerRole.specialty.coding">
      <path value="PractitionerRole.specialty.coding" />
      <slicing>
        <discriminator>
          <type value="value" />
          <path value="system" />
        </discriminator>
        <rules value="open" />
      </slicing>
      <min value="1" />
    </element>
    <element id="PractitionerRole.specialty.coding.system">
      <path value="PractitionerRole.specialty.coding.system" />
      <min value="1" />
    </element>
    <element id="PractitionerRole.specialty.coding.code">
      <path value="PractitionerRole.specialty.coding.code" />
      <min value="1" />
    </element>
    <element id="PractitionerRole.specialty.coding.display">
      <path value="PractitionerRole.specialty.coding.display" />
      <min value="1" />
    </element>
    <element id="PractitionerRole.specialty.coding:SNOMEDSpecialty">
      <path value="PractitionerRole.specialty.coding" />
      <sliceName value="SNOMEDSpecialty" />
      <mustSupport value="true" />
      <binding>
        <strength value="preferred" />
        <description value="Specific specialty associated with the agency." />
        <valueSet value="http://hl7.org/fhir/ValueSet/c80-practice-codes" />
      </binding>
    </element>
    <element id="PractitionerRole.specialty.coding:SNOMEDSpecialty.system">
      <path value="PractitionerRole.specialty.coding.system" />
      <fixedUri value="http://snomed.info/sct" />
    </element>
    <element id="PractitionerRole.location">
      <path value="PractitionerRole.location" />
      <constraint>
        <key value="nhse-pro-013" />
        <severity value="error" />
        <human value="PractitionerRole.location - An identifier or resource reference must be provided" />
        <expression value="(reference.exists() or identifier.exists())" />
      </constraint>
      <mustSupport value="false" />
    </element>
    <element id="PractitionerRole.location.identifier.system">
      <path value="PractitionerRole.location.identifier.system" />
      <min value="1" />
    </element>
    <element id="PractitionerRole.location.identifier.value">
      <path value="PractitionerRole.location.identifier.value" />
      <min value="1" />
    </element>
    <element id="PractitionerRole.healthcareService">
      <path value="PractitionerRole.healthcareService" />
      <max value="1" />
      <constraint>
        <key value="nhse-pro-014" />
        <severity value="error" />
        <human value="PractitionerRole.healthcareService - An identifier reference or resource reference must be provided" />
        <expression value="(reference.exists() or (identifier.exists()))" />
      </constraint>
      <mustSupport value="true" />
    </element>
    <element id="PractitionerRole.healthcareService.identifier.system">
      <path value="PractitionerRole.healthcareService.identifier.system" />
      <min value="1" />
    </element>
    <element id="PractitionerRole.healthcareService.identifier.value">
      <path value="PractitionerRole.healthcareService.identifier.value" />
      <min value="1" />
    </element>
    <element id="PractitionerRole.telecom">
      <path value="PractitionerRole.telecom" />
      <mustSupport value="true" />
    </element>
    <element id="PractitionerRole.telecom.value">
      <path value="PractitionerRole.telecom.value" />
      <min value="1" />
    </element>
    <element id="PractitionerRole.telecom.use">
      <path value="PractitionerRole.telecom.use" />
      <min value="1" />
    </element>
  </differential>
</StructureDefinition>