<?xml version="1.0" encoding="utf-8"?>
<StructureDefinition xmlns="http://hl7.org/fhir">
  <id value="England-MessageHeader" />
  <url value="https://fhir.nhs.uk/StructureDefinition/England-MessageHeader" />
  <version value="1.0.0" />
  <name value="EnglandMessageHeader" />
  <title value="England MessageHeader" />
  <status value="draft" />
  <date value="2023-08-18" />
  <publisher value="NHS England" />
  <contact>
    <name value="NHS England" />
    <telecom>
      <system value="email" />
      <value value="interoperabilityteam@nhs.net" />
      <use value="work" />
      <rank value="1" />
    </telecom>
  </contact>
  <description value="This profile defines the NHS England constraints and extensions on the FHIR UK Core resource [UK Core MessageHeader](https://simplifier.net/hl7fhirukcorer4/ukcore-messageheader)" />
  <purpose value="This profile carries the header data for a message exchange that is either requesting or responding to an action." />
  <copyright value="Copyright © 2023+ NHS England Licensed under the Apache License, Version 2.0 (the \&quot;License\&quot;); you may not use this file except in compliance with the License. You may obtain a copy of the License at  http://www.apache.org/licenses/LICENSE-2.0 Unless required by applicable law or agreed to in writing, software distributed under the License is distributed on an \&quot;AS IS\&quot; BASIS, WITHOUT WARRANTIES OR CONDITIONS OF ANY KIND, either express or implied. See the License for the specific language governing permissions and limitations under the License. HL7® FHIR® standard Copyright © 2011+ HL7 The HL7® FHIR® standard is used under the FHIR license. You may obtain a copy of the FHIR license at  https://www.hl7.org/fhir/license.html." />
  <fhirVersion value="4.0.1" />
  <kind value="resource" />
  <abstract value="false" />
  <type value="MessageHeader" />
  <baseDefinition value="https://fhir.hl7.org.uk/StructureDefinition/UKCore-MessageHeader" />
  <derivation value="constraint" />
  <differential>
    <element id="MessageHeader">
      <path value="MessageHeader" />
      <constraint>
        <key value="nhse-meh-001" />
        <severity value="warning" />
        <human value="replacementOf extension is required for update messages" />
        <expression value="event.code.where(substring($this.length()-6) = 'update').exists().not() or (event.code.where(substring($this.length()-6) = 'update').exists() and extension('https://fhir.nhs.uk/StructureDefinition/Extension-England-MessageHeaderReplacement').exists())" />
      </constraint>
    </element>
    <element id="MessageHeader.extension:replacementOf">
      <path value="MessageHeader.extension" />
      <sliceName value="replacementOf" />
      <short value="An extension used to track history of message headers (Previous Bundle.identifier)." />
      <max value="1" />
      <type>
        <code value="Extension" />
        <profile value="https://fhir.nhs.uk/StructureDefinition/Extension-England-MessageHeaderReplacement" />
      </type>
      <mustSupport value="true" />
    </element>
    <element id="MessageHeader.event[x]">
      <path value="MessageHeader.event[x]" />
      <type>
        <code value="Coding" />
      </type>
      <mustSupport value="true" />
      <binding>
        <strength value="required" />
        <valueSet value="https://fhir.nhs.uk/ValueSet/England-MessageEvent" />
      </binding>
    </element>
    <element id="MessageHeader.event[x].system">
      <path value="MessageHeader.event[x].system" />
      <min value="1" />
    </element>
    <element id="MessageHeader.event[x].code">
      <path value="MessageHeader.event[x].code" />
      <min value="1" />
    </element>
    <element id="MessageHeader.destination">
      <path value="MessageHeader.destination" />
      <mustSupport value="true" />
    </element>
    <element id="MessageHeader.destination.receiver">
      <path value="MessageHeader.destination.receiver" />
      <min value="1" />
    </element>
    <element id="MessageHeader.destination.receiver.extension:receiverLocalPart">
      <path value="MessageHeader.destination.receiver.extension" />
      <sliceName value="receiverLocalPart" />
      <max value="1" />
      <type>
        <code value="Extension" />
        <profile value="https://fhir.nhs.uk/StructureDefinition/Extension-England-MessageHeaderLocalPart" />
      </type>
    </element>
    <element id="MessageHeader.destination.receiver.identifier">
      <path value="MessageHeader.destination.receiver.identifier" />
      <min value="1" />
    </element>
    <element id="MessageHeader.destination.receiver.identifier.system">
      <path value="MessageHeader.destination.receiver.identifier.system" />
      <min value="1" />
    </element>
    <element id="MessageHeader.destination.receiver.identifier.value">
      <path value="MessageHeader.destination.receiver.identifier.value" />
      <min value="1" />
    </element>
    <element id="MessageHeader.sender">
      <path value="MessageHeader.sender" />
      <mustSupport value="true" />
    </element>
    <element id="MessageHeader.sender.extension:senderLocalPart">
      <path value="MessageHeader.sender.extension" />
      <sliceName value="senderLocalPart" />
      <max value="1" />
      <type>
        <code value="Extension" />
        <profile value="https://fhir.nhs.uk/StructureDefinition/Extension-England-MessageHeaderLocalPart" />
      </type>
    </element>
    <element id="MessageHeader.sender.identifier">
      <path value="MessageHeader.sender.identifier" />
      <min value="1" />
      <mustSupport value="true" />
    </element>
    <element id="MessageHeader.sender.identifier.system">
      <path value="MessageHeader.sender.identifier.system" />
      <min value="1" />
    </element>
    <element id="MessageHeader.sender.identifier.value">
      <path value="MessageHeader.sender.identifier.value" />
      <min value="1" />
    </element>
    <element id="MessageHeader.author.identifier">
      <path value="MessageHeader.author.identifier" />
      <min value="1" />
    </element>
    <element id="MessageHeader.author.identifier.system">
      <path value="MessageHeader.author.identifier.system" />
      <min value="1" />
    </element>
    <element id="MessageHeader.author.identifier.value">
      <path value="MessageHeader.author.identifier.value" />
      <min value="1" />
    </element>
    <element id="MessageHeader.source">
      <path value="MessageHeader.source" />
      <mustSupport value="true" />
    </element>
    <element id="MessageHeader.responsible.identifier">
      <path value="MessageHeader.responsible.identifier" />
      <min value="1" />
    </element>
    <element id="MessageHeader.responsible.identifier.system">
      <path value="MessageHeader.responsible.identifier.system" />
      <min value="1" />
    </element>
    <element id="MessageHeader.responsible.identifier.value">
      <path value="MessageHeader.responsible.identifier.value" />
      <min value="1" />
    </element>
    <element id="MessageHeader.reason">
      <path value="MessageHeader.reason" />
      <binding>
        <strength value="required" />
        <valueSet value="https://fhir.nhs.uk/ValueSet/England-MessageReasonCode" />
      </binding>
    </element>
    <element id="MessageHeader.reason.coding.system">
      <path value="MessageHeader.reason.coding.system" />
      <min value="1" />
    </element>
    <element id="MessageHeader.reason.coding.code">
      <path value="MessageHeader.reason.coding.code" />
      <min value="1" />
    </element>
    <element id="MessageHeader.focus">
      <path value="MessageHeader.focus" />
      <min value="1" />
    </element>
    <element id="MessageHeader.focus.reference">
      <path value="MessageHeader.focus.reference" />
      <min value="1" />
    </element>
  </differential>
</StructureDefinition>