<?xml version="1.0" encoding="utf-8"?>
<StructureDefinition xmlns="http://hl7.org/fhir">
  <id value="England-Immunization" />
  <url value="https://fhir.nhs.uk/StructureDefinition/England-Immunization" />
  <version value="1.0.0" />
  <name value="EnglandImmunization" />
  <title value="England Immunization" />
  <status value="draft" />
  <date value="2023-06-01" />
  <publisher value="NHS England" />
  <contact>
    <name value="NHS England" />
    <telecom>
      <system value="email" />
      <value value="interoperabilityteam@nhs.net" />
      <use value="work" />
      <rank value="1" />
    </telecom>
  </contact>
  <description value="This profile defines the NHS England constraints and extensions on the FHIR UK Core resource [UK Core Immunization](https://simplifier.net/hl7fhirukcorer4/ukcore-immunization)" />
  <purpose value="This profile is intended to cover the recording of current and historical administration of vaccines to individuals across all healthcare disciplines in all care settings and all regions in England. \n\nThis profile does not support the administration of non-vaccine agents, even those that may have or claim to have immunological effects. While the terms \&quot;immunisation\&quot; and \&quot;vaccination\&quot; are not clinically identical, for the purposes of the FHIR profile, the terms are used synonymously." />
  <copyright value="Copyright © 2021+ HL7 UK Licensed under the Apache License, Version 2.0 (the \&quot;License\&quot;); you may not use this file except in compliance with the License. You may obtain a copy of the License at  http://www.apache.org/licenses/LICENSE-2.0 Unless required by applicable law or agreed to in writing, software distributed under the License is distributed on an \&quot;AS IS\&quot; BASIS, WITHOUT WARRANTIES OR CONDITIONS OF ANY KIND, either express or implied. See the License for the specific language governing permissions and limitations under the License. HL7® FHIR® standard Copyright © 2011+ HL7 The HL7® FHIR® standard is used under the FHIR license. You may obtain a copy of the FHIR license at  https://www.hl7.org/fhir/license.html." />
  <fhirVersion value="4.0.1" />
  <kind value="resource" />
  <abstract value="false" />
  <type value="Immunization" />
  <baseDefinition value="https://fhir.hl7.org.uk/StructureDefinition/UKCore-Immunization" />
  <derivation value="constraint" />
  <differential>
    <element id="Immunization.extension">
      <path value="Immunization.extension" />
      <slicing>
        <discriminator>
          <type value="value" />
          <path value="url" />
        </discriminator>
        <rules value="open" />
      </slicing>
      <min value="0" />
    </element>
    <element id="Immunization.extension:parentPresent">
      <path value="Immunization.extension" />
      <sliceName value="parentPresent" />
      <min value="0" />
      <mustSupport value="false" />
    </element>
    <element id="Immunization.extension:vaccinationProcedure">
      <path value="Immunization.extension" />
      <sliceName value="vaccinationProcedure" />
      <min value="0" />
      <mustSupport value="true" />
    </element>
    <element id="Immunization.identifier">
      <path value="Immunization.identifier" />
      <min value="1" />
      <mustSupport value="true" />
    </element>
    <element id="Immunization.identifier.system">
      <path value="Immunization.identifier.system" />
      <min value="1" />
    </element>
    <element id="Immunization.identifier.value">
      <path value="Immunization.identifier.value" />
      <min value="1" />
    </element>
    <element id="Immunization.status">
      <path value="Immunization.status" />
      <mustSupport value="true" />
    </element>
    <element id="Immunization.statusReason">
      <path value="Immunization.statusReason" />
      <binding>
        <strength value="required" />
        <valueSet value="https://fhir.nhs.uk/ValueSet/England-ReasonImmunizationNotAdministered" />
      </binding>
    </element>
    <element id="Immunization.statusReason.coding">
      <path value="Immunization.statusReason.coding" />
      <min value="1" />
    </element>
    <element id="Immunization.statusReason.coding.system">
      <path value="Immunization.statusReason.coding.system" />
      <min value="1" />
    </element>
    <element id="Immunization.statusReason.coding.code">
      <path value="Immunization.statusReason.coding.code" />
      <min value="1" />
    </element>
    <element id="Immunization.statusReason.coding.display">
      <path value="Immunization.statusReason.coding.display" />
      <min value="1" />
    </element>
    <element id="Immunization.vaccineCode">
      <path value="Immunization.vaccineCode" />
      <binding>
        <strength value="extensible" />
        <valueSet value="https://fhir.nhs.uk/ValueSet/England-VaccineCode" />
      </binding>
    </element>
    <element id="Immunization.vaccineCode.coding">
      <path value="Immunization.vaccineCode.coding" />
      <min value="1" />
      <mustSupport value="true" />
    </element>
    <element id="Immunization.vaccineCode.coding.system">
      <path value="Immunization.vaccineCode.coding.system" />
      <min value="1" />
    </element>
    <element id="Immunization.vaccineCode.coding.code">
      <path value="Immunization.vaccineCode.coding.code" />
      <min value="1" />
    </element>
    <element id="Immunization.vaccineCode.coding.display">
      <path value="Immunization.vaccineCode.coding.display" />
      <min value="1" />
    </element>
    <element id="Immunization.patient">
      <path value="Immunization.patient" />
      <constraint>
        <key value="nhse-imm-001" />
        <severity value="warning" />
        <human value="subject - An identifier reference or resource reference must be provided" />
        <expression value="(reference.exists() or (identifier.exists()))" />
      </constraint>
      <constraint>
        <key value="nhse-imm-002" />
        <severity value="error" />
        <human value="Length of the supplied NHS Number is wrong." />
        <expression value="identifier.where(system='https://fhir.nhs.uk/Id/nhs-number').exists().not() or (identifier.where(system='https://fhir.nhs.uk/Id/nhs-number').exists()  and identifier.where(system='https://fhir.nhs.uk/Id/nhs-number').value.matches('^([0-9]{10})$'))" />
      </constraint>
      <mustSupport value="true" />
    </element>
    <element id="Immunization.patient.identifier">
      <path value="Immunization.patient.identifier" />
      <min value="1" />
    </element>
    <element id="Immunization.patient.identifier.system">
      <path value="Immunization.patient.identifier.system" />
      <min value="1" />
      <fixedUri value="https://fhir.nhs.uk/Id/nhs-number" />
    </element>
    <element id="Immunization.patient.identifier.value">
      <path value="Immunization.patient.identifier.value" />
      <min value="1" />
    </element>
    <element id="Immunization.occurrence[x]">
      <path value="Immunization.occurrence[x]" />
      <type>
        <code value="dateTime" />
      </type>
      <mustSupport value="true" />
    </element>
    <element id="Immunization.recorded">
      <path value="Immunization.recorded" />
      <mustSupport value="true" />
    </element>
    <element id="Immunization.primarySource">
      <path value="Immunization.primarySource" />
      <min value="1" />
      <mustSupport value="true" />
    </element>
    <element id="Immunization.reportOrigin">
      <path value="Immunization.reportOrigin" />
      <mustSupport value="true" />
    </element>
    <element id="Immunization.location">
      <path value="Immunization.location" />
      <mustSupport value="true" />
    </element>
    <element id="Immunization.manufacturer">
      <path value="Immunization.manufacturer" />
      <mustSupport value="true" />
    </element>
    <element id="Immunization.manufacturer.display">
      <path value="Immunization.manufacturer.display" />
      <min value="1" />
    </element>
    <element id="Immunization.lotNumber">
      <path value="Immunization.lotNumber" />
      <mustSupport value="true" />
    </element>
    <element id="Immunization.expirationDate">
      <path value="Immunization.expirationDate" />
      <mustSupport value="true" />
    </element>
    <element id="Immunization.site">
      <path value="Immunization.site" />
      <mustSupport value="true" />
      <binding>
        <strength value="extensible" />
        <valueSet value="https://fhir.hl7.org.uk/ValueSet/UKCore-BodySite" />
      </binding>
    </element>
    <element id="Immunization.site.coding">
      <path value="Immunization.site.coding" />
      <min value="1" />
    </element>
    <element id="Immunization.site.coding.system">
      <path value="Immunization.site.coding.system" />
      <min value="1" />
    </element>
    <element id="Immunization.site.coding.code">
      <path value="Immunization.site.coding.code" />
      <min value="1" />
    </element>
    <element id="Immunization.site.coding.display">
      <path value="Immunization.site.coding.display" />
      <min value="1" />
    </element>
    <element id="Immunization.route">
      <path value="Immunization.route" />
      <mustSupport value="true" />
    </element>
    <element id="Immunization.doseQuantity">
      <path value="Immunization.doseQuantity" />
      <mustSupport value="true" />
    </element>
    <element id="Immunization.performer">
      <path value="Immunization.performer" />
      <mustSupport value="true" />
    </element>
    <element id="Immunization.performer.actor">
      <path value="Immunization.performer.actor" />
      <constraint>
        <key value="nhse-imm-003" />
        <severity value="error" />
        <human value="An identifier reference or resource reference must be provided" />
        <expression value="(reference.exists() or identifier.exists())" />
      </constraint>
      <constraint>
        <key value="nhse-imm-004" />
        <severity value="error" />
        <human value="NMC must be of the format NNANNNNA" />
        <expression value="identifier.exists().not() or identifier.where(system='https://fhir.hl7.org.uk/Id/nmc-number').exists().not() or (identifier.where(system='https://fhir.hl7.org.uk/Id/nmc-number').exists()  and identifier.where(system='https://fhir.hl7.org.uk/Id/nmc-number').value.matches('^[0-9]{2}[A-Z]{1}[0-9]{4}[A-Z]{1}$'))" />
      </constraint>
      <constraint>
        <key value="nhse-imm-005" />
        <severity value="error" />
        <human value="GMP must be of the format GNNNNNNN and not be a spurious code (starts with G6 or G7)" />
        <expression value="identifier.exists().not() or identifier.where(system='https://fhir.hl7.org.uk/Id/gmp-number').exists().not() or (identifier.where(system='https://fhir.hl7.org.uk/Id/gmp-number').exists()  and identifier.where(system='https://fhir.hl7.org.uk/Id/gmp-number').value.matches('^[G]{1}[01234589]{1}[0-9]{6}$'))" />
      </constraint>
      <constraint>
        <key value="nhse-imm-006" />
        <severity value="error" />
        <human value="GMC must be of the format CNNNNNNN" />
        <expression value="identifier.exists().not() or identifier.where(system='https://fhir.hl7.org.uk/Id/gmc-number').exists().not() or (identifier.where(system='https://fhir.hl7.org.uk/Id/gmc-number').exists()  and identifier.where(system='https://fhir.hl7.org.uk/Id/gmc-number').value.matches('^[C]{1}[0-9]{7}$'))" />
      </constraint>
      <constraint>
        <key value="nhse-imm-007" />
        <severity value="error" />
        <human value="GPHC must be of the format NNNNNNN" />
        <expression value="identifier.exists().not() or identifier.where(system='https://fhir.hl7.org.uk/Id/gphc-number').exists().not() or (identifier.where(system='https://fhir.hl7.org.uk/Id/gphc-number').exists()  and identifier.where(system='https://fhir.hl7.org.uk/Id/gphc-number').value.matches('^[0-9]{7}$'))" />
      </constraint>
      <constraint>
        <key value="nhse-imm-008" />
        <severity value="error" />
        <human value="HCPC must be of the format AANNNNNN" />
        <expression value="identifier.exists().not() or identifier.where(system='https://fhir.hl7.org.uk/Id/hcpc-number').exists().not() or (identifier.where(system='https://fhir.hl7.org.uk/Id/hcpc-number').exists()  and identifier.where(system='https://fhir.hl7.org.uk/Id/hcpc-number').value.matches('^[A-Z]{2}[0-9]{6}$'))" />
      </constraint>
      <constraint>
        <key value="nhse-imm-009" />
        <severity value="error" />
        <human value="DIN format must be NNNNNN" />
        <expression value="identifier.exists().not() or identifier.where(system='https://fhir.hl7.org.uk/Id/din-number').exists().not() or (identifier.where(system='https://fhir.hl7.org.uk/Id/din-number').exists()  and identifier.where(system='https://fhir.hl7.org.uk/Id/din-number').value.matches('^[0-9]{6}$'))" />
      </constraint>
      <constraint>
        <key value="nhse-imm-010" />
        <severity value="error" />
        <human value="SDS Role Profile Id must be 12 digits" />
        <expression value="identifier.where(system='https://fhir.nhs.uk/Id/sds-role-profile-id').exists().not() or (identifier.where(system='https://fhir.nhs.uk/Id/sds-role-profile-id').exists()  and identifier.where(system='https://fhir.nhs.uk/Id/sds-role-profile-id').value.matches('^[0-9]{12}$'))" />
      </constraint>
      <mustSupport value="true" />
    </element>
    <element id="Immunization.reasonCode">
      <path value="Immunization.reasonCode" />
      <mustSupport value="true" />
      <binding>
        <strength value="extensible" />
        <valueSet value="https://fhir.nhs.uk/ValueSet/England-ImmunizationExplanationReason" />
      </binding>
    </element>
    <element id="Immunization.reasonCode.coding">
      <path value="Immunization.reasonCode.coding" />
      <min value="1" />
      <mustSupport value="true" />
    </element>
    <element id="Immunization.reasonCode.coding.system">
      <path value="Immunization.reasonCode.coding.system" />
      <min value="1" />
    </element>
    <element id="Immunization.reasonCode.coding.code">
      <path value="Immunization.reasonCode.coding.code" />
      <min value="1" />
    </element>
    <element id="Immunization.reasonCode.coding.display">
      <path value="Immunization.reasonCode.coding.display" />
      <min value="1" />
    </element>
    <element id="Immunization.protocolApplied">
      <path value="Immunization.protocolApplied" />
      <mustSupport value="true" />
    </element>
    <element id="Immunization.protocolApplied.targetDisease">
      <path value="Immunization.protocolApplied.targetDisease" />
      <mustSupport value="true" />
      <binding>
        <strength value="required" />
        <description value="(Work in progress) The vaccine preventable disease the dose is being administered for." />
        <valueSet value="http://hl7.eu/fhir/ig/dgc/ValueSet/covid-19-diseases" />
      </binding>
    </element>
  </differential>
</StructureDefinition>