<?xml version="1.0" encoding="utf-8"?>
<StructureDefinition xmlns="http://hl7.org/fhir">
  <id value="England-MedicationDispense" />
  <url value="https://fhir.nhs.uk/StructureDefinition/England-MedicationDispense" />
  <version value="1.0.0" />
  <name value="EnglandMedicationDispense" />
  <title value="England MedicationDispense" />
  <status value="draft" />
  <date value="2023-06-01" />
  <publisher value="NHS England" />
  <contact>
    <name value="NHS England" />
    <telecom>
      <system value="email" />
      <value value="interoperabilityteam@nhs.net" />
      <use value="work" />
      <rank value="1" />
    </telecom>
  </contact>
  <description value="This profile defines the NHS England constraints and extensions on the FHIR UK Core resource [UK Core MedicationDispense](https://simplifier.net/hl7fhirukcorer4/ukcore-MedicationDispense)." />
  <purpose value="Dispensing a medication to a named patient. Indicates that a medication product is to be or has been dispensed for a named person/patient. This includes a description of the medication product (supply) provided and the instructions for administering the medication. The medication dispense is the result of a pharmacy system responding to a medication order." />
  <copyright value="Copyright © 2021+ HL7 UK Licensed under the Apache License, Version 2.0 (the \&quot;License\&quot;); you may not use this file except in compliance with the License. You may obtain a copy of the License at  http://www.apache.org/licenses/LICENSE-2.0 Unless required by applicable law or agreed to in writing, software distributed under the License is distributed on an \&quot;AS IS\&quot; BASIS, WITHOUT WARRANTIES OR CONDITIONS OF ANY KIND, either express or implied. See the License for the specific language governing permissions and limitations under the License. HL7® FHIR® standard Copyright © 2011+ HL7 The HL7® FHIR® standard is used under the FHIR license. You may obtain a copy of the FHIR license at  https://www.hl7.org/fhir/license.html." />
  <fhirVersion value="4.0.1" />
  <kind value="resource" />
  <abstract value="false" />
  <type value="MedicationDispense" />
  <baseDefinition value="https://fhir.hl7.org.uk/StructureDefinition/UKCore-MedicationDispense" />
  <derivation value="constraint" />
  <differential>
    <element id="MedicationDispense.extension">
      <path value="MedicationDispense.extension" />
      <slicing>
        <discriminator>
          <type value="value" />
          <path value="url" />
        </discriminator>
        <rules value="open" />
      </slicing>
      <min value="1" />
    </element>
    <element id="MedicationDispense.extension:prescriptionStatus">
      <path value="MedicationDispense.extension" />
      <sliceName value="prescriptionStatus" />
      <short value="This is the overall status of the `prescription-order`" />
      <min value="1" />
      <max value="1" />
      <type>
        <code value="Extension" />
        <profile value="https://fhir.nhs.uk/StructureDefinition/Extension-England-EPSTaskBusinessStatus" />
      </type>
      <mustSupport value="true" />
    </element>
    <element id="MedicationDispense.extension:prescriptionNonDispensingReason">
      <path value="MedicationDispense.extension" />
      <sliceName value="prescriptionNonDispensingReason" />
      <short value="This is the non dispensing reason for the overall prescription" />
      <min value="0" />
      <max value="1" />
      <type>
        <code value="Extension" />
        <profile value="https://fhir.nhs.uk/StructureDefinition/Extension-England-DMPrescriptionNonDispensingReason" />
      </type>
      <mustSupport value="true" />
    </element>
    <element id="MedicationDispense.extension:repeatInformation">
      <path value="MedicationDispense.extension" />
      <sliceName value="repeatInformation" />
      <short value="Repeat Prescribing and Dispensing" />
      <min value="0" />
      <max value="1" />
      <type>
        <code value="Extension" />
        <profile value="https://fhir.nhs.uk/StructureDefinition/Extension-England-EPSRepeatInformation" />
      </type>
      <mustSupport value="true" />
    </element>
    <element id="MedicationDispense.extension:supplyHeaderIdentifier">
      <path value="MedicationDispense.extension" />
      <sliceName value="supplyHeaderIdentifier" />
      <short value="Identifier for the SupplyHeader" />
      <min value="0" />
      <max value="1" />
      <type>
        <code value="Extension" />
        <profile value="https://fhir.nhs.uk/StructureDefinition/Extension-England-EPSSupplyHeaderIdentifier" />
      </type>
      <mustSupport value="true" />
    </element>
    <element id="MedicationDispense.identifier">
      <path value="MedicationDispense.identifier" />
      <mustSupport value="true" />
    </element>
    <element id="MedicationDispense.identifier.system">
      <path value="MedicationDispense.identifier.system" />
      <min value="1" />
    </element>
    <element id="MedicationDispense.identifier.value">
      <path value="MedicationDispense.identifier.value" />
      <min value="1" />
    </element>
    <element id="MedicationDispense.status">
      <path value="MedicationDispense.status" />
      <mustSupport value="true" />
    </element>
    <element id="MedicationDispense.statusReason[x]">
      <path value="MedicationDispense.statusReason[x]" />
      <type>
        <code value="CodeableConcept" />
      </type>
      <mustSupport value="true" />
    </element>
    <element id="MedicationDispense.statusReason[x].coding">
      <path value="MedicationDispense.statusReason[x].coding" />
      <slicing>
        <discriminator>
          <type value="value" />
          <path value="system" />
        </discriminator>
        <rules value="open" />
      </slicing>
      <min value="1" />
    </element>
    <element id="MedicationDispense.statusReason[x].coding.system">
      <path value="MedicationDispense.statusReason[x].coding.system" />
      <min value="1" />
    </element>
    <element id="MedicationDispense.statusReason[x].coding.code">
      <path value="MedicationDispense.statusReason[x].coding.code" />
      <min value="1" />
    </element>
    <element id="MedicationDispense.statusReason[x].coding:notDispensedStatusReason">
      <path value="MedicationDispense.statusReason[x].coding" />
      <sliceName value="notDispensedStatusReason" />
      <mustSupport value="true" />
      <binding>
        <strength value="required" />
        <valueSet value="https://fhir.nhs.uk/ValueSet/England-DMMedicationDispenseStatusReason" />
      </binding>
    </element>
    <element id="MedicationDispense.statusReason[x].coding:notDispensedStatusReason.system">
      <path value="MedicationDispense.statusReason[x].coding.system" />
      <fixedUri value="https://fhir.nhs.uk/ValueSet/England-DMMedicationDispenseStatusReason" />
    </element>
    <element id="MedicationDispense.statusReason[x].coding:amendmentStatusReason">
      <path value="MedicationDispense.statusReason[x].coding" />
      <sliceName value="amendmentStatusReason" />
      <mustSupport value="true" />
      <binding>
        <strength value="required" />
        <valueSet value="https://fhir.nhs.uk/ValueSet/England-DMTaskReasonCode" />
      </binding>
    </element>
    <element id="MedicationDispense.statusReason[x].coding:amendmentStatusReason.system">
      <path value="MedicationDispense.statusReason[x].coding.system" />
      <fixedUri value="https://fhir.nhs.uk/CodeSystem/England-EPSTaskDispenseWithdrawReason" />
    </element>
    <element id="MedicationDispense.category.coding.system">
      <path value="MedicationDispense.category.coding.system" />
      <min value="1" />
    </element>
    <element id="MedicationDispense.category.coding.code">
      <path value="MedicationDispense.category.coding.code" />
      <min value="1" />
    </element>
    <element id="MedicationDispense.medication[x]">
      <path value="MedicationDispense.medication[x]" />
      <type>
        <code value="CodeableConcept" />
        <profile value="http://hl7.org/fhir/StructureDefinition/CodeableConcept" />
      </type>
      <type>
        <code value="Reference" />
        <aggregation value="bundled" />
      </type>
      <mustSupport value="true" />
      <binding>
        <strength value="extensible" />
        <valueSet value="https://fhir.nhs.uk/ValueSet/England-MedicationCode" />
      </binding>
    </element>
    <element id="MedicationDispense.subject">
      <path value="MedicationDispense.subject" />
      <min value="1" />
      <type>
        <code value="Reference" />
        <aggregation value="referenced" />
        <aggregation value="bundled" />
      </type>
      <constraint>
        <key value="nhse-mdd-001" />
        <severity value="warning" />
        <human value="subject - An identifier reference or resource reference must be provided" />
        <expression value="(reference.exists() or (identifier.exists()))" />
      </constraint>
      <constraint>
        <key value="nhse-mdd-002" />
        <severity value="error" />
        <human value="Length of the supplied NHS Number is wrong." />
        <expression value="identifier.where(system='https://fhir.nhs.uk/Id/nhs-number').exists().not() or (identifier.where(system='https://fhir.nhs.uk/Id/nhs-number').exists()  and identifier.where(system='https://fhir.nhs.uk/Id/nhs-number').value.matches('^([0-9]{10})$'))" />
        <source value="https://fhir.nhs.uk/StructureDefinition/England-Claim" />
      </constraint>
      <mustSupport value="true" />
    </element>
    <element id="MedicationDispense.subject.identifier.system">
      <path value="MedicationDispense.subject.identifier.system" />
      <min value="1" />
      <fixedUri value="https://fhir.nhs.uk/Id/nhs-number" />
    </element>
    <element id="MedicationDispense.subject.identifier.value">
      <path value="MedicationDispense.subject.identifier.value" />
      <min value="1" />
    </element>
    <element id="MedicationDispense.performer">
      <path value="MedicationDispense.performer" />
      <min value="1" />
      <mustSupport value="true" />
    </element>
    <element id="MedicationDispense.performer.actor">
      <path value="MedicationDispense.performer.actor" />
      <type>
        <code value="Reference" />
        <profile value="http://hl7.org/fhir/StructureDefinition/Reference" />
        <aggregation value="contained" />
      </type>
      <constraint>
        <key value="nhse-mdd-003" />
        <severity value="error" />
        <human value="An identifier reference or resource reference must be provided" />
        <expression value="(reference.exists() or identifier.exists())" />
      </constraint>
    </element>
    <element id="MedicationDispense.location.identifier.system">
      <path value="MedicationDispense.location.identifier.system" />
      <min value="1" />
    </element>
    <element id="MedicationDispense.location.identifier.value">
      <path value="MedicationDispense.location.identifier.value" />
      <min value="1" />
    </element>
    <element id="MedicationDispense.location.display">
      <path value="MedicationDispense.location.display" />
      <min value="1" />
    </element>
    <element id="MedicationDispense.authorizingPrescription">
      <path value="MedicationDispense.authorizingPrescription" />
      <min value="1" />
      <type>
        <code value="Reference" />
        <aggregation value="contained" />
        <aggregation value="referenced" />
      </type>
      <mustSupport value="true" />
    </element>
    <element id="MedicationDispense.authorizingPrescription.reference">
      <path value="MedicationDispense.authorizingPrescription.reference" />
      <min value="1" />
    </element>
    <element id="MedicationDispense.type">
      <path value="MedicationDispense.type" />
      <mustSupport value="true" />
      <binding>
        <strength value="required" />
        <description value="A ValueSet to identify the type of medication item status." />
        <valueSet value="https://fhir.nhs.uk/ValueSet/England-DMMedicationDispenseType" />
      </binding>
    </element>
    <element id="MedicationDispense.type.coding.system">
      <path value="MedicationDispense.type.coding.system" />
      <min value="1" />
    </element>
    <element id="MedicationDispense.type.coding.code">
      <path value="MedicationDispense.type.coding.code" />
      <min value="1" />
    </element>
    <element id="MedicationDispense.quantity">
      <path value="MedicationDispense.quantity" />
      <min value="1" />
      <mustSupport value="true" />
    </element>
    <element id="MedicationDispense.quantity.extension">
      <path value="MedicationDispense.quantity.extension" />
      <slicing>
        <discriminator>
          <type value="value" />
          <path value="url" />
        </discriminator>
        <rules value="open" />
      </slicing>
      <min value="0" />
    </element>
    <element id="MedicationDispense.quantity.extension:runningTotal">
      <path value="MedicationDispense.quantity.extension" />
      <sliceName value="runningTotal" />
      <min value="0" />
      <max value="1" />
      <type>
        <code value="Extension" />
        <profile value="https://fhir.nhs.uk/StructureDefinition/Extension-England-DMRunningTotal" />
      </type>
    </element>
    <element id="MedicationDispense.quantity.value">
      <path value="MedicationDispense.quantity.value" />
      <min value="1" />
    </element>
    <element id="MedicationDispense.quantity.unit">
      <path value="MedicationDispense.quantity.unit" />
      <min value="1" />
    </element>
    <element id="MedicationDispense.quantity.system">
      <path value="MedicationDispense.quantity.system" />
      <min value="1" />
    </element>
    <element id="MedicationDispense.quantity.code">
      <path value="MedicationDispense.quantity.code" />
      <min value="1" />
    </element>
    <element id="MedicationDispense.daysSupply">
      <path value="MedicationDispense.daysSupply" />
      <mustSupport value="true" />
    </element>
    <element id="MedicationDispense.whenPrepared">
      <path value="MedicationDispense.whenPrepared" />
      <mustSupport value="true" />
    </element>
    <element id="MedicationDispense.whenHandedOver">
      <path value="MedicationDispense.whenHandedOver" />
      <mustSupport value="true" />
    </element>
    <element id="MedicationDispense.receiver">
      <path value="MedicationDispense.receiver" />
      <max value="1" />
    </element>
    <element id="MedicationDispense.dosageInstruction">
      <path value="MedicationDispense.dosageInstruction" />
      <type>
        <code value="Dosage" />
        <profile value="http://hl7.org/fhir/StructureDefinition/Dosage" />
      </type>
      <mustSupport value="true" />
    </element>
  </differential>
</StructureDefinition>