<?xml version="1.0" encoding="utf-8"?>
<StructureDefinition xmlns="http://hl7.org/fhir">
  <id value="England-Practitioner" />
  <url value="https://fhir.nhs.uk/StructureDefinition/England-Practitioner" />
  <version value="1.0.0" />
  <name value="EnglandPractitioner" />
  <title value="England Practitioner" />
  <status value="draft" />
  <date value="2023-08-18" />
  <publisher value="NHS England" />
  <contact>
    <name value="NHS England" />
    <telecom>
      <system value="email" />
      <value value="interoperabilityteam@nhs.net" />
      <use value="work" />
      <rank value="1" />
    </telecom>
  </contact>
  <description value="This profile defines the NHS England constraints and extensions on the FHIR UK Core resource [UK Core Practitioner](https://simplifier.net/hl7fhirukcorer4/ukcore-practitioner)." />
  <purpose value="This profile allows exchange of information about all individuals who are engaged in the healthcare process and healthcare-related services as part of their formal responsibilities, is used for attribution of activities and responsibilities to these individuals." />
  <copyright value="Copyright © 2023+ NHS England Licensed under the Apache License, Version 2.0 (the \&quot;License\&quot;); you may not use this file except in compliance with the License. You may obtain a copy of the License at  http://www.apache.org/licenses/LICENSE-2.0 Unless required by applicable law or agreed to in writing, software distributed under the License is distributed on an \&quot;AS IS\&quot; BASIS, WITHOUT WARRANTIES OR CONDITIONS OF ANY KIND, either express or implied. See the License for the specific language governing permissions and limitations under the License. HL7® FHIR® standard Copyright © 2011+ HL7 The HL7® FHIR® standard is used under the FHIR license. You may obtain a copy of the FHIR license at  https://www.hl7.org/fhir/license.html." />
  <fhirVersion value="4.0.1" />
  <mapping>
    <identity value="v2" />
    <uri value="http://hl7.org/v2" />
    <name value="HL7 v2 Mapping" />
  </mapping>
  <mapping>
    <identity value="rim" />
    <uri value="http://hl7.org/v3" />
    <name value="RIM Mapping" />
  </mapping>
  <mapping>
    <identity value="w5" />
    <uri value="http://hl7.org/fhir/fivews" />
    <name value="FiveWs Pattern Mapping" />
  </mapping>
  <kind value="resource" />
  <abstract value="false" />
  <type value="Practitioner" />
  <baseDefinition value="https://fhir.hl7.org.uk/StructureDefinition/UKCore-Practitioner" />
  <derivation value="constraint" />
  <differential>
    <element id="Practitioner">
      <path value="Practitioner" />
      <constraint>
        <key value="nhse-pra-001" />
        <severity value="warning" />
        <human value="NMC must be of the format NNANNNNA" />
        <expression value="identifier.where(system='https://fhir.hl7.org.uk/Id/nmc-number').exists().not() or (identifier.where(system='https://fhir.hl7.org.uk/Id/nmc-number').exists()  and identifier.where(system='https://fhir.hl7.org.uk/Id/nmc-number').value.matches('^[0-9]{2}[A-Z]{1}[0-9]{4}[A-Z]{1}$'))" />
      </constraint>
      <constraint>
        <key value="nhse-pra-002" />
        <severity value="warning" />
        <human value="GMP must be of the format GNNNNNNN and not be a spurious code (starts with G6 or G7)" />
        <expression value="identifier.where(system='https://fhir.hl7.org.uk/Id/gmp-number').exists().not() or (identifier.where(system='https://fhir.hl7.org.uk/Id/gmp-number').exists()  and identifier.where(system='https://fhir.hl7.org.uk/Id/gmp-number').value.matches('^[G]{1}[01234589]{1}[0-9]{6}$'))" />
      </constraint>
      <constraint>
        <key value="nhse-pra-003" />
        <severity value="warning" />
        <human value="GMC must be of the format CNNNNNNN" />
        <expression value="identifier.where(system='https://fhir.hl7.org.uk/Id/gmc-number').exists().not() or (identifier.where(system='https://fhir.hl7.org.uk/Id/gmc-number').exists()  and identifier.where(system='https://fhir.hl7.org.uk/Id/gmc-number').value.matches('^[C]{1}[0-9]{7}$'))" />
      </constraint>
      <constraint>
        <key value="nhse-pra-004" />
        <severity value="warning" />
        <human value="GPHC must be of the format NNNNNNN" />
        <expression value="identifier.where(system='https://fhir.hl7.org.uk/Id/gphc-number').exists().not() or (identifier.where(system='https://fhir.hl7.org.uk/Id/gphc-number').exists()  and identifier.where(system='https://fhir.hl7.org.uk/Id/gphc-number').value.matches('^[0-9]{7}$'))" />
      </constraint>
      <constraint>
        <key value="nhse-pra-005" />
        <severity value="error" />
        <human value="GMC Reference Number must be of the format NNNNNNN" />
        <expression value="identifier.where(system='https://fhir.hl7.org.uk/Id/gmc-reference-number').exists().not() or (identifier.where(system='https://fhir.hl7.org.uk/Id/gphc-number').exists()  and identifier.where(system='https://fhir.hl7.org.uk/Id/gmc-reference-number').value.matches('^[0-9]{7}$'))" />
      </constraint>
      <constraint>
        <key value="nhse-pra-006" />
        <severity value="warning" />
        <human value="HCPC must be of the format AANNNNNN" />
        <expression value="identifier.where(system='https://fhir.hl7.org.uk/Id/hcpc-number').exists().not() or (identifier.where(system='https://fhir.hl7.org.uk/Id/hcpc-number').exists()  and identifier.where(system='https://fhir.hl7.org.uk/Id/hcpc-number').value.matches('^[A-Z]{2}[0-9]{6}$'))" />
      </constraint>
      <constraint>
        <key value="nhse-pra-007" />
        <severity value="warning" />
        <human value="DIN format must be NNNNNN" />
        <expression value="identifier.where(system='https://fhir.hl7.org.uk/Id/din-number').exists().not() or (identifier.where(system='https://fhir.hl7.org.uk/Id/din-number').exists()  and identifier.where(system='https://fhir.hl7.org.uk/Id/din-number').value.matches('^[0-9]{6}$'))" />
      </constraint>
      <constraint>
        <key value="nhse-pra-008" />
        <severity value="error" />
        <human value="sds-user-id must be numeric" />
        <expression value="identifier.where(system='https://fhir.nhs.uk/Id/sds-user-id').exists().not() or (identifier.where(system='https://fhir.nhs.uk/Id/sds-user-id').exists()  and identifier.where(system='https://fhir.nhs.uk/Id/sds-user-id').value.matches('^[0-9]+$'))" />
      </constraint>
      <constraint>
        <key value="nhse-pra-009" />
        <severity value="warning" />
        <human value="NACS (/ODS) Practitioner Identifier is retired in NHS FHIR and should not be used. Please use the actual naming system instead (e,g, https://fhir.hl7.org.uk/Id/gmc-number, https://fhir.hl7.org.uk/Id/gmp-number, etc)." />
        <expression value="identifier.where(system='https://fhir.hl7.org.uk/Id/professional-code').exists().not()" />
      </constraint>
    </element>
    <element id="Practitioner.identifier">
      <path value="Practitioner.identifier" />
      <slicing>
        <discriminator>
          <type value="value" />
          <path value="system" />
        </discriminator>
        <rules value="open" />
      </slicing>
      <mustSupport value="true" />
    </element>
    <element id="Practitioner.identifier:gmcCode">
      <path value="Practitioner.identifier" />
      <sliceName value="gmcCode" />
      <short value="General Medical Council Consultant Code" />
      <max value="1" />
      <mustSupport value="true" />
    </element>
    <element id="Practitioner.identifier:gmcCode.system">
      <path value="Practitioner.identifier.system" />
      <fixedUri value="https://fhir.hl7.org.uk/Id/gmc-number" />
    </element>
    <element id="Practitioner.identifier:gmpCode">
      <path value="Practitioner.identifier" />
      <sliceName value="gmpCode" />
      <short value="General Medical Practitioner Code" />
      <max value="1" />
      <mustSupport value="true" />
    </element>
    <element id="Practitioner.identifier:gmpCode.system">
      <path value="Practitioner.identifier.system" />
      <fixedUri value="https://fhir.hl7.org.uk/Id/gmp-number" />
    </element>
    <element id="Practitioner.identifier:dinCode">
      <path value="Practitioner.identifier" />
      <sliceName value="dinCode" />
      <short value="Doctor Index Number" />
      <max value="1" />
      <mustSupport value="true" />
    </element>
    <element id="Practitioner.identifier:dinCode.system">
      <path value="Practitioner.identifier.system" />
      <fixedUri value="https://fhir.hl7.org.uk/Id/din-number" />
    </element>
    <element id="Practitioner.identifier:gphcCode">
      <path value="Practitioner.identifier" />
      <sliceName value="gphcCode" />
      <short value="General Pharmaceutical Council Code" />
      <max value="1" />
      <mustSupport value="true" />
    </element>
    <element id="Practitioner.identifier:gphcCode.system">
      <path value="Practitioner.identifier.system" />
      <fixedUri value="https://fhir.hl7.org.uk/Id/gphc-number" />
    </element>
    <element id="Practitioner.identifier:hcpcNumber">
      <path value="Practitioner.identifier" />
      <sliceName value="hcpcNumber" />
      <short value="Health and Care Professional Council Code" />
      <max value="1" />
      <mustSupport value="true" />
    </element>
    <element id="Practitioner.identifier:hcpcNumber.system">
      <path value="Practitioner.identifier.system" />
      <fixedUri value="https://fhir.hl7.org.uk/Id/hcpc-number" />
    </element>
    <element id="Practitioner.identifier:nmcNumber">
      <path value="Practitioner.identifier" />
      <sliceName value="nmcNumber" />
      <short value="Nursing and Midwifery Council Code" />
      <max value="1" />
      <mustSupport value="true" />
    </element>
    <element id="Practitioner.identifier:nmcNumber.system">
      <path value="Practitioner.identifier.system" />
      <fixedUri value="https://fhir.hl7.org.uk/Id/nmc-number" />
    </element>
    <element id="Practitioner.identifier:professionalNumber">
      <path value="Practitioner.identifier" />
      <sliceName value="professionalNumber" />
      <short value="ODS/NACS Practitioner Code (retired)" />
      <mustSupport value="false" />
    </element>
    <element id="Practitioner.identifier:professionalNumber.system">
      <path value="Practitioner.identifier.system" />
      <fixedUri value="https://fhir.hl7.org.uk/Id/professional-code" />
    </element>
    <element id="Practitioner.identifier:gmcReferenceNumber">
      <path value="Practitioner.identifier" />
      <sliceName value="gmcReferenceNumber" />
      <short value="GMC Reference Number" />
      <max value="1" />
      <mustSupport value="false" />
    </element>
    <element id="Practitioner.identifier:gmcReferenceNumber.system">
      <path value="Practitioner.identifier.system" />
      <fixedUri value="https://fhir.hl7.org.uk/Id/gmc-reference-number" />
    </element>
    <element id="Practitioner.identifier:sdsUserId">
      <path value="Practitioner.identifier" />
      <sliceName value="sdsUserId" />
      <short value="SDS User Id" />
      <max value="1" />
    </element>
    <element id="Practitioner.identifier:sdsUserId.system">
      <path value="Practitioner.identifier.system" />
      <fixedUri value="https://fhir.nhs.uk/Id/sds-user-id" />
    </element>
    <element id="Practitioner.name">
      <path value="Practitioner.name" />
      <min value="1" />
      <mustSupport value="true" />
    </element>
    <element id="Practitioner.telecom">
      <path value="Practitioner.telecom" />
      <mustSupport value="true" />
    </element>
    <element id="Practitioner.telecom.value">
      <path value="Practitioner.telecom.value" />
      <min value="1" />
    </element>
    <element id="Practitioner.telecom.use">
      <path value="Practitioner.telecom.use" />
      <min value="1" />
    </element>
  </differential>
</StructureDefinition>