<?xml version="1.0" encoding="utf-8"?>
<StructureDefinition xmlns="http://hl7.org/fhir">
  <id value="England-ServiceRequest" />
  <url value="https://fhir.nhs.uk/StructureDefinition/England-ServiceRequest" />
  <version value="1.0.0" />
  <name value="EnglandServiceRequest" />
  <title value="England ServiceRequest" />
  <status value="draft" />
  <date value="2023-06-01" />
  <publisher value="NHS England" />
  <contact>
    <name value="NHS England" />
    <telecom>
      <system value="email" />
      <value value="interoperabilityteam@nhs.net" />
      <use value="work" />
      <rank value="1" />
    </telecom>
  </contact>
  <description value="This profile defines the NHS England constraints and extensions on the FHIR UK Core resource [UK Core ServiceRequest](https://simplifier.net/hl7fhirukcorer4/ukcore-servicerequest)" />
  <purpose value="This profile is a record of a request for a procedure or diagnostic or other service to be planned, proposed, or performed, as distinguished by the ServiceRequest.intent field value, with or on a patient." />
  <copyright value="Copyright © 2021+ HL7 UK Licensed under the Apache License, Version 2.0 (the \&quot;License\&quot;); you may not use this file except in compliance with the License. You may obtain a copy of the License at  http://www.apache.org/licenses/LICENSE-2.0 Unless required by applicable law or agreed to in writing, software distributed under the License is distributed on an \&quot;AS IS\&quot; BASIS, WITHOUT WARRANTIES OR CONDITIONS OF ANY KIND, either express or implied. See the License for the specific language governing permissions and limitations under the License. HL7® FHIR® standard Copyright © 2011+ HL7 The HL7® FHIR® standard is used under the FHIR license. You may obtain a copy of the FHIR license at  https://www.hl7.org/fhir/license.html." />
  <fhirVersion value="4.0.1" />
  <kind value="resource" />
  <abstract value="false" />
  <type value="ServiceRequest" />
  <baseDefinition value="https://fhir.hl7.org.uk/StructureDefinition/UKCore-ServiceRequest" />
  <derivation value="constraint" />
  <differential>
    <element id="ServiceRequest.id">
      <path value="ServiceRequest.id" />
      <short value="Local Referral ID" />
    </element>
    <element id="ServiceRequest.extension">
      <path value="ServiceRequest.extension" />
      <slicing>
        <discriminator>
          <type value="value" />
          <path value="url" />
        </discriminator>
        <rules value="open" />
      </slicing>
      <min value="0" />
    </element>
    <element id="ServiceRequest.extension:ERSAdviceAndGuidance">
      <path value="ServiceRequest.extension" />
      <sliceName value="ERSAdviceAndGuidance" />
      <short value="ERS Advice and Guidance" />
      <min value="0" />
      <type>
        <code value="Extension" />
        <profile value="https://fhir.nhs.uk/StructureDefinition/Extension-England-ERSReferral" />
      </type>
      <mustSupport value="true" />
    </element>
    <element id="ServiceRequest.extension:ERSServiceRequestState">
      <path value="ServiceRequest.extension" />
      <sliceName value="ERSServiceRequestState" />
      <short value="Request Status" />
      <min value="0" />
      <type>
        <code value="Extension" />
        <profile value="https://fhir.nhs.uk/StructureDefinition/Extension-England-ERSServiceRequestState" />
      </type>
      <mustSupport value="true" />
    </element>
    <element id="ServiceRequest.extension:portalLink">
      <path value="ServiceRequest.extension" />
      <sliceName value="portalLink" />
      <short value="Portal Link" />
      <min value="0" />
      <max value="1" />
      <type>
        <code value="Extension" />
        <profile value="https://fhir.nhs.uk/StructureDefinition/Extension-England-PortalLink" />
      </type>
      <mustSupport value="true" />
    </element>
    <element id="ServiceRequest.extension:serviceRequestPriority">
      <path value="ServiceRequest.extension" />
      <sliceName value="serviceRequestPriority" />
      <min value="0" />
      <max value="1" />
      <type>
        <code value="Extension" />
        <profile value="https://fhir.nhs.uk/StructureDefinition/Extension-England-ServiceRequestPriority" />
      </type>
      <mustSupport value="true" />
    </element>
    <element id="ServiceRequest.identifier">
      <path value="ServiceRequest.identifier" />
      <slicing>
        <discriminator>
          <type value="value" />
          <path value="system" />
        </discriminator>
        <rules value="open" />
      </slicing>
      <min value="1" />
      <mustSupport value="true" />
    </element>
    <element id="ServiceRequest.identifier.value">
      <path value="ServiceRequest.identifier.value" />
      <min value="1" />
    </element>
    <element id="ServiceRequest.identifier:UBRN">
      <path value="ServiceRequest.identifier" />
      <sliceName value="UBRN" />
      <short value="Unique Booking Reference Numbe" />
      <max value="1" />
      <mustSupport value="true" />
    </element>
    <element id="ServiceRequest.identifier:UBRN.system">
      <path value="ServiceRequest.identifier.system" />
      <min value="1" />
      <fixedUri value="https://fhir.nhs.uk/Id/UBRN" />
    </element>
    <element id="ServiceRequest.identifier:UBRN.value">
      <path value="ServiceRequest.identifier.value" />
      <min value="1" />
    </element>
    <element id="ServiceRequest.basedOn">
      <path value="ServiceRequest.basedOn" />
      <mustSupport value="true" />
    </element>
    <element id="ServiceRequest.basedOn.identifier">
      <path value="ServiceRequest.basedOn.identifier" />
      <mustSupport value="true" />
    </element>
    <element id="ServiceRequest.basedOn.identifier.system">
      <path value="ServiceRequest.basedOn.identifier.system" />
      <min value="1" />
    </element>
    <element id="ServiceRequest.basedOn.identifier.value">
      <path value="ServiceRequest.basedOn.identifier.value" />
      <min value="1" />
    </element>
    <element id="ServiceRequest.category">
      <path value="ServiceRequest.category" />
      <min value="1" />
      <max value="1" />
      <mustSupport value="true" />
    </element>
    <element id="ServiceRequest.category.coding">
      <path value="ServiceRequest.category.coding" />
      <slicing>
        <discriminator>
          <type value="value" />
          <path value="system" />
        </discriminator>
        <rules value="open" />
      </slicing>
      <min value="1" />
    </element>
    <element id="ServiceRequest.category.coding.system">
      <path value="ServiceRequest.category.coding.system" />
      <min value="1" />
    </element>
    <element id="ServiceRequest.category.coding.code">
      <path value="ServiceRequest.category.coding.code" />
      <min value="1" />
    </element>
    <element id="ServiceRequest.category.coding:BARSMessageServiceRequestCategory">
      <path value="ServiceRequest.category.coding" />
      <sliceName value="BARSMessageServiceRequestCategory" />
      <binding>
        <strength value="preferred" />
        <valueSet value="https://fhir.nhs.uk/ValueSet/England-BARSMessageServiceRequestCategory" />
      </binding>
    </element>
    <element id="ServiceRequest.category.coding:BARSMessageServiceRequestCategory.system">
      <path value="ServiceRequest.category.coding.system" />
      <fixedUri value="https://fhir.nhs.uk/CodeSystem/England-BARSMessageServiceRequestCode" />
    </element>
    <element id="ServiceRequest.category.coding:EnglandServiceRequestCategory">
      <path value="ServiceRequest.category.coding" />
      <sliceName value="EnglandServiceRequestCategory" />
      <binding>
        <strength value="preferred" />
        <valueSet value="https://fhir.nhs.uk/ValueSet/England-ServiceRequestCategory" />
      </binding>
    </element>
    <element id="ServiceRequest.category.coding:EnglandServiceRequestCategory.system">
      <path value="ServiceRequest.category.coding.system" />
      <fixedUri value="http://snomed.info/sct" />
    </element>
    <element id="ServiceRequest.category.coding:genomicsWholeCaseSequencing">
      <path value="ServiceRequest.category.coding" />
      <sliceName value="genomicsWholeCaseSequencing" />
      <binding>
        <strength value="extensible" />
        <valueSet value="https://fhir.hl7.org.uk/ValueSet/UKCore-GenomeSequencingCategory" />
      </binding>
    </element>
    <element id="ServiceRequest.category.coding:genomicsWholeCaseSequencing.system">
      <path value="ServiceRequest.category.coding.system" />
      <fixedUri value="https://fhir.hl7.org.uk/CodeSystem/UKCore-GenomeSequencingCategory" />
    </element>
    <element id="ServiceRequest.priority">
      <path value="ServiceRequest.priority" />
      <mustSupport value="true" />
    </element>
    <element id="ServiceRequest.code">
      <path value="ServiceRequest.code" />
      <mustSupport value="true" />
    </element>
    <element id="ServiceRequest.code.coding">
      <path value="ServiceRequest.code.coding" />
      <slicing>
        <discriminator>
          <type value="value" />
          <path value="system" />
        </discriminator>
        <rules value="open" />
      </slicing>
    </element>
    <element id="ServiceRequest.code.coding:SNOMEDProcedureCode">
      <path value="ServiceRequest.code.coding" />
      <sliceName value="SNOMEDProcedureCode" />
      <binding>
        <strength value="preferred" />
        <valueSet value="https://fhir.hl7.org.uk/ValueSet/UKCore-ProcedureCode" />
      </binding>
    </element>
    <element id="ServiceRequest.code.coding:SNOMEDProcedureCode.system">
      <path value="ServiceRequest.code.coding.system" />
      <min value="1" />
      <fixedUri value="http://snomed.info/sct" />
    </element>
    <element id="ServiceRequest.code.coding:SNOMEDProcedureCode.code">
      <path value="ServiceRequest.code.coding.code" />
      <min value="1" />
    </element>
    <element id="ServiceRequest.code.coding:ServiceRequestCode">
      <path value="ServiceRequest.code.coding" />
      <sliceName value="ServiceRequestCode" />
      <binding>
        <strength value="preferred" />
        <valueSet value="https://fhir.nhs.uk/ValueSet/England-ServiceRequestCode" />
      </binding>
    </element>
    <element id="ServiceRequest.code.coding:ServiceRequestCode.system">
      <path value="ServiceRequest.code.coding.system" />
      <min value="1" />
      <fixedUri value="https://fhir.nhs.uk/CodeSystem/England-ServiceRequestCode" />
    </element>
    <element id="ServiceRequest.code.coding:ServiceRequestCode.code">
      <path value="ServiceRequest.code.coding.code" />
      <min value="1" />
    </element>
    <element id="ServiceRequest.subject">
      <path value="ServiceRequest.subject" />
      <type>
        <code value="Reference" />
        <aggregation value="referenced" />
      </type>
      <constraint>
        <key value="nhse-prr-001" />
        <severity value="error" />
        <human value="An identifier reference or resource reference must be provided" />
        <expression value="(reference.exists() or identifier.exists())" />
      </constraint>
      <constraint>
        <key value="nhse-prr-002" />
        <severity value="error" />
        <human value="Length of the supplied NHS Number is wrong." />
        <expression value="identifier.where(system='https://fhir.nhs.uk/Id/nhs-number').exists().not() or (identifier.where(system='https://fhir.nhs.uk/Id/nhs-number').exists()  and identifier.where(system='https://fhir.nhs.uk/Id/nhs-number').value.matches('^([0-9]{10})$'))" />
      </constraint>
      <mustSupport value="true" />
    </element>
    <element id="ServiceRequest.subject.identifier.system">
      <path value="ServiceRequest.subject.identifier.system" />
      <min value="1" />
      <fixedUri value="https://fhir.nhs.uk/Id/nhs-number" />
    </element>
    <element id="ServiceRequest.subject.identifier.value">
      <path value="ServiceRequest.subject.identifier.value" />
      <min value="1" />
    </element>
    <element id="ServiceRequest.encounter">
      <path value="ServiceRequest.encounter" />
      <type>
        <code value="Reference" />
        <aggregation value="referenced" />
      </type>
    </element>
    <element id="ServiceRequest.authoredOn">
      <path value="ServiceRequest.authoredOn" />
      <short value="Referral Initiated Date" />
      <mustSupport value="true" />
    </element>
    <element id="ServiceRequest.requester">
      <path value="ServiceRequest.requester" />
      <type>
        <code value="Reference" />
        <aggregation value="contained" />
        <aggregation value="referenced" />
      </type>
      <mustSupport value="true" />
    </element>
    <element id="ServiceRequest.performerType">
      <path value="ServiceRequest.performerType" />
      <short value="Requested Specialty Name" />
      <mustSupport value="true" />
    </element>
    <element id="ServiceRequest.performerType.coding">
      <path value="ServiceRequest.performerType.coding" />
      <slicing>
        <discriminator>
          <type value="value" />
          <path value="system" />
        </discriminator>
        <rules value="open" />
      </slicing>
      <binding>
        <strength value="example" />
        <valueSet value="https://fhir.nhs.uk/ValueSet/England-CareSettingType" />
      </binding>
    </element>
    <element id="ServiceRequest.performerType.coding:treatmentFunctionCodes">
      <path value="ServiceRequest.performerType.coding" />
      <sliceName value="treatmentFunctionCodes" />
      <mustSupport value="true" />
      <binding>
        <strength value="required" />
        <valueSet value="https://fhir.nhs.uk/ValueSet/England-NHSDataModelAndDictionaryTreatmentFunctionCategory" />
      </binding>
    </element>
    <element id="ServiceRequest.performerType.coding:treatmentFunctionCodes.system">
      <path value="ServiceRequest.performerType.coding.system" />
      <fixedUri value="https://fhir.nhs.uk/CodeSystem/England-NHSDataModelAndDictionaryTreatmentFunction" />
    </element>
    <element id="ServiceRequest.performerType.coding:eRSSpecialty">
      <path value="ServiceRequest.performerType.coding" />
      <sliceName value="eRSSpecialty" />
      <binding>
        <strength value="required" />
        <valueSet value="https://fhir.nhs.uk/ValueSet/England-ERSSpecialtyCategory" />
      </binding>
    </element>
    <element id="ServiceRequest.performerType.coding:eRSSpecialty.system">
      <path value="ServiceRequest.performerType.coding.system" />
      <fixedUri value="https://fhir.nhs.uk/CodeSystem/England-ERSSpecialty" />
    </element>
    <element id="ServiceRequest.performer">
      <path value="ServiceRequest.performer" />
      <mustSupport value="true" />
    </element>
    <element id="ServiceRequest.performer.identifier">
      <path value="ServiceRequest.performer.identifier" />
      <mustSupport value="true" />
    </element>
    <element id="ServiceRequest.performer.identifier.system">
      <path value="ServiceRequest.performer.identifier.system" />
      <min value="1" />
    </element>
    <element id="ServiceRequest.performer.identifier.value">
      <path value="ServiceRequest.performer.identifier.value" />
      <min value="1" />
    </element>
    <element id="ServiceRequest.reasonCode">
      <path value="ServiceRequest.reasonCode" />
      <mustSupport value="true" />
    </element>
    <element id="ServiceRequest.supportingInfo">
      <path value="ServiceRequest.supportingInfo" />
      <type>
        <code value="Reference" />
        <aggregation value="referenced" />
      </type>
      <mustSupport value="true" />
    </element>
    <element id="ServiceRequest.note">
      <path value="ServiceRequest.note" />
      <mustSupport value="true" />
    </element>
  </differential>
</StructureDefinition>