<?xml version="1.0" encoding="utf-8"?>
<StructureDefinition xmlns="http://hl7.org/fhir">
  <id value="Extension-England-DMControlledDrug" />
  <url value="https://fhir.nhs.uk/StructureDefinition/Extension-England-DMControlledDrug" />
  <version value="1.0.0" />
  <name value="ExtensionEnglandDMControlledDrug" />
  <title value="Extension England DM Controlled Drug" />
  <status value="draft" />
  <date value="2023-06-01" />
  <publisher value="NHS England" />
  <contact>
    <name value="NHS England" />
    <telecom>
      <system value="email" />
      <value value="interoperabilityteam@nhs.net" />
      <use value="work" />
      <rank value="1" />
    </telecom>
  </contact>
  <description value="Extension for Controlled Drug" />
  <purpose value="Extension for Controlled Drug" />
  <copyright value="Copyright © 2021+ HL7 UK Licensed under the Apache License, Version 2.0 (the \&quot;License\&quot;); you may not use this file except in compliance with the License. You may obtain a copy of the License at  http://www.apache.org/licenses/LICENSE-2.0 Unless required by applicable law or agreed to in writing, software distributed under the License is distributed on an \&quot;AS IS\&quot; BASIS, WITHOUT WARRANTIES OR CONDITIONS OF ANY KIND, either express or implied. See the License for the specific language governing permissions and limitations under the License. HL7® FHIR® standard Copyright © 2011+ HL7 The HL7® FHIR® standard is used under the FHIR license. You may obtain a copy of the FHIR license at  https://www.hl7.org/fhir/license.html." />
  <fhirVersion value="4.0.1" />
  <mapping>
    <identity value="rim" />
    <uri value="http://hl7.org/v3" />
    <name value="RIM Mapping" />
  </mapping>
  <kind value="complex-type" />
  <abstract value="false" />
  <context>
    <type value="element" />
    <expression value="MedicationRequest" />
  </context>
  <type value="Extension" />
  <baseDefinition value="http://hl7.org/fhir/StructureDefinition/Extension" />
  <derivation value="constraint" />
  <differential>
    <element id="Extension">
      <path value="Extension" />
      <constraint>
        <key value="nhse-con-drug-001" />
        <severity value="error" />
        <human value="Extension(controlledDrug) - For schedule 2 or 3 Controlled Drugs, the quantity must be expressed in words" />
        <expression value="(((extension('schedule').value.code='CD2' and extension('quantityWords').exists()) or (extension('schedule').value.code='CD3' and extension('quantityWords').exists()) or (extension('schedule').value.code != 'CD2' and extension('schedule').value.code != 'CD3')) and extension('scheduled').exists()) or (extension('scheduled').exists().not())" />
      </constraint>
    </element>
    <element id="Extension.extension">
      <path value="Extension.extension" />
      <slicing>
        <discriminator>
          <type value="value" />
          <path value="url" />
        </discriminator>
        <rules value="open" />
      </slicing>
      <min value="0" />
    </element>
    <element id="Extension.extension:quantityWords">
      <path value="Extension.extension" />
      <sliceName value="quantityWords" />
      <min value="0" />
      <max value="1" />
    </element>
    <element id="Extension.extension:quantityWords.url">
      <path value="Extension.extension.url" />
      <fixedUri value="quantityWords" />
    </element>
    <element id="Extension.extension:quantityWords.value[x]">
      <path value="Extension.extension.value[x]" />
      <min value="1" />
      <type>
        <code value="string" />
      </type>
    </element>
    <element id="Extension.extension:schedule">
      <path value="Extension.extension" />
      <sliceName value="schedule" />
      <min value="0" />
      <max value="1" />
      <binding>
        <strength value="required" />
        <valueSet value="https://fhir.nhs.uk/ValueSet/England-DMMedicationRequestControlledDrug" />
      </binding>
    </element>
    <element id="Extension.extension:schedule.url">
      <path value="Extension.extension.url" />
      <fixedUri value="schedule" />
    </element>
    <element id="Extension.extension:schedule.value[x]">
      <path value="Extension.extension.value[x]" />
      <min value="1" />
      <type>
        <code value="Coding" />
      </type>
    </element>
    <element id="Extension.extension:schedule.value[x].system">
      <path value="Extension.extension.value[x].system" />
      <min value="1" />
    </element>
    <element id="Extension.extension:schedule.value[x].code">
      <path value="Extension.extension.value[x].code" />
      <min value="1" />
    </element>
    <element id="Extension.extension:schedule.value[x].display">
      <path value="Extension.extension.value[x].display" />
      <min value="1" />
    </element>
    <element id="Extension.url">
      <path value="Extension.url" />
      <fixedUri value="https://fhir.nhs.uk/StructureDefinition/Extension-England-DMControlledDrug" />
    </element>
    <element id="Extension.value[x]">
      <path value="Extension.value[x]" />
      <max value="0" />
    </element>
  </differential>
</StructureDefinition>