<StructureDefinition xmlns="http://hl7.org/fhir">
  <id value="Extension-England-LocationExtension" />
  <url value="https://fhir.nhs.uk/England/StructureDefinition/Extension-England-LocationExtension" />
  <version value="1.0.0" />
  <name value="ExtensionEnglandLocationExtension" />
  <title value="Extension England Location Extension" />
  <status value="draft" />
  <date value="2024-06-19" />
  <publisher value="NHS England" />
  <contact>
    <name value="NHS England" />
    <telecom>
      <system value="email" />
      <value value="interoperabilityteam@nhs.net" />
      <use value="work" />
      <rank value="1" />
    </telecom>
  </contact>
  <description value="The Location extension is used to provide clarification, using alternative methods of describing a precise location." />
  <purpose value="The Location extension is used to provide clarification, using alternative methods of describing a precise location." />
  <copyright value="Copyright © 2023+ NHS England Licensed under the Apache License, Version 2.0 (the \&quot;License\&quot;); you may not use this file except in compliance with the License. You may obtain a copy of the License at  http://www.apache.org/licenses/LICENSE-2.0 Unless required by applicable law or agreed to in writing, software distributed under the License is distributed on an \&quot;AS IS\&quot; BASIS, WITHOUT WARRANTIES OR CONDITIONS OF ANY KIND, either express or implied. See the License for the specific language governing permissions and limitations under the License. HL7® FHIR® standard Copyright © 2011+ HL7 The HL7® FHIR® standard is used under the FHIR license. You may obtain a copy of the FHIR license at  https://www.hl7.org/fhir/license.html." />
  <fhirVersion value="4.0.1" />
  <kind value="complex-type" />
  <abstract value="false" />
  <context>
    <type value="element" />
    <expression value="Location" />
  </context>
  <type value="Extension" />
  <baseDefinition value="http://hl7.org/fhir/StructureDefinition/Extension" />
  <derivation value="constraint" />
  <differential>
    <element id="Extension.extension:UPRN">
      <path value="Extension.extension" />
      <sliceName value="UPRN" />
      <max value="1" />
    </element>
    <element id="Extension.extension:UPRN.url">
      <path value="Extension.extension.url" />
      <fixedUri value="UPRN" />
    </element>
    <element id="Extension.extension:UPRN.value[x]">
      <path value="Extension.extension.value[x]" />
      <type>
        <code value="string" />
      </type>
    </element>
    <element id="Extension.extension:PAF">
      <path value="Extension.extension" />
      <sliceName value="PAF" />
      <max value="1" />
    </element>
    <element id="Extension.extension:PAF.url">
      <path value="Extension.extension.url" />
      <fixedUri value="PAF" />
    </element>
    <element id="Extension.extension:PAF.value[x]">
      <path value="Extension.extension.value[x]" />
      <type>
        <code value="string" />
      </type>
    </element>
    <element id="Extension.extension:eastings">
      <path value="Extension.extension" />
      <sliceName value="eastings" />
      <max value="1" />
    </element>
    <element id="Extension.extension:eastings.url">
      <path value="Extension.extension.url" />
      <fixedUri value="eastings" />
    </element>
    <element id="Extension.extension:eastings.value[x]">
      <path value="Extension.extension.value[x]" />
      <type>
        <code value="string" />
      </type>
    </element>
    <element id="Extension.extension:northings">
      <path value="Extension.extension" />
      <sliceName value="northings" />
      <max value="1" />
    </element>
    <element id="Extension.extension:northings.url">
      <path value="Extension.extension.url" />
      <fixedUri value="northings" />
    </element>
    <element id="Extension.extension:northings.value[x]">
      <path value="Extension.extension.value[x]" />
      <type>
        <code value="string" />
      </type>
    </element>
    <element id="Extension.extension:what3words">
      <path value="Extension.extension" />
      <sliceName value="what3words" />
      <max value="1" />
    </element>
    <element id="Extension.extension:what3words.url">
      <path value="Extension.extension.url" />
      <fixedUri value="what3words" />
    </element>
    <element id="Extension.extension:what3words.value[x]">
      <path value="Extension.extension.value[x]" />
      <type>
        <code value="string" />
      </type>
    </element>
    <element id="Extension.extension:accuracy">
      <path value="Extension.extension" />
      <sliceName value="accuracy" />
      <max value="1" />
    </element>
    <element id="Extension.extension:accuracy.url">
      <path value="Extension.extension.url" />
      <fixedUri value="accuracy" />
    </element>
    <element id="Extension.extension:accuracy.value[x]">
      <path value="Extension.extension.value[x]" />
      <type>
        <code value="string" />
      </type>
    </element>
    <element id="Extension.url">
      <path value="Extension.url" />
      <fixedUri value="https://fhir.nhs.uk/England/StructureDefinition/Extension-England-LocationExtension" />
    </element>
    <element id="Extension.value[x]">
      <path value="Extension.value[x]" />
      <max value="0" />
    </element>
  </differential>
</StructureDefinition>