<?xml version="1.0" encoding="utf-8"?>
<StructureDefinition xmlns="http://hl7.org/fhir">
  <id value="Extension-England-SpineSupportingInfo" />
  <url value="https://fhir.nhs.uk/StructureDefinition/Extension-England-SpineSupportingInfo" />
  <version value="1.0.0" />
  <name value="ExtensionEnglandSpineSupportingInfo" />
  <title value="Extension England Spine SupportingInfo" />
  <status value="draft" />
  <date value="2023-08-16" />
  <publisher value="NHS England" />
  <contact>
    <name value="NHS England" />
    <telecom>
      <system value="email" />
      <value value="interoperabilityteam@nhs.net" />
      <use value="work" />
      <rank value="1" />
    </telecom>
  </contact>
  <description value="Other resources *from the patient record* that may be relevant to the event. The information from these resources was either used to create the instance or is provided to help with its interpretation. This extension **should not** be used if more specific inline elements or extensions are available. For example, use `Observation.hasMember` instead of supportingInformation for representing the members of an Observation panel." />
  <purpose value="Other resources *from the patient record* that may be relevant to the event. The information from these resources was either used to create the instance or is provided to help with its interpretation. This extension **should not** be used if more specific inline elements or extensions are available. For example, use `Observation.hasMember` instead of supportingInformation for representing the members of an Observation panel." />
  <copyright value="Copyright © 2023+ NHS England Licensed under the Apache License, Version 2.0 (the \&quot;License\&quot;); you may not use this file except in compliance with the License. You may obtain a copy of the License at  http://www.apache.org/licenses/LICENSE-2.0 Unless required by applicable law or agreed to in writing, software distributed under the License is distributed on an \&quot;AS IS\&quot; BASIS, WITHOUT WARRANTIES OR CONDITIONS OF ANY KIND, either express or implied. See the License for the specific language governing permissions and limitations under the License. HL7® FHIR® standard Copyright © 2011+ HL7 The HL7® FHIR® standard is used under the FHIR license. You may obtain a copy of the FHIR license at  https://www.hl7.org/fhir/license.html." />
  <fhirVersion value="4.0.1" />
  <mapping>
    <identity value="rim" />
    <uri value="http://hl7.org/v3" />
    <name value="RIM Mapping" />
  </mapping>
  <kind value="complex-type" />
  <abstract value="false" />
  <context>
    <type value="element" />
    <expression value="OperationOutcome" />
  </context>
  <type value="Extension" />
  <baseDefinition value="http://hl7.org/fhir/StructureDefinition/Extension" />
  <derivation value="constraint" />
  <differential>
    <element id="Extension">
      <path value="Extension" />
      <short value="Other information that may be relevant to this event." />
    </element>
    <element id="Extension.url">
      <path value="Extension.url" />
      <fixedUri value="https://fhir.nhs.uk/StructureDefinition/Extension-England-SpineSupportingInfo" />
    </element>
    <element id="Extension.value[x]">
      <path value="Extension.value[x]" />
      <min value="1" />
      <type>
        <code value="Reference" />
      </type>
    </element>
  </differential>
</StructureDefinition>