<?xml version="1.0" encoding="utf-8"?>
<StructureDefinition xmlns="http://hl7.org/fhir">
  <id value="Extension-England-ODSOrganisationRelationship" />
  <url value="https://fhir.nhs.uk/StructureDefinition/Extension-England-ODSOrganisationRelationship" />
  <version value="1.0.0" />
  <name value="ExtensionEnglandODSOrganisationRelationship" />
  <title value="Extension England ODS Organisation Relationship" />
  <status value="draft" />
  <date value="2023-08-16" />
  <publisher value="NHS England" />
  <contact>
    <name value="NHS England" />
    <telecom>
      <system value="email" />
      <value value="interoperabilityteam@nhs.net" />
      <use value="work" />
      <rank value="1" />
    </telecom>
  </contact>
  <description value="Providing information regarding organisational relationships to an organisation." />
  <purpose value="Providing information regarding organisational relationships to an organisation." />
  <copyright value="Copyright © 2023+ NHS England Licensed under the Apache License, Version 2.0 (the \&quot;License\&quot;); you may not use this file except in compliance with the License. You may obtain a copy of the License at  http://www.apache.org/licenses/LICENSE-2.0 Unless required by applicable law or agreed to in writing, software distributed under the License is distributed on an \&quot;AS IS\&quot; BASIS, WITHOUT WARRANTIES OR CONDITIONS OF ANY KIND, either express or implied. See the License for the specific language governing permissions and limitations under the License. HL7® FHIR® standard Copyright © 2011+ HL7 The HL7® FHIR® standard is used under the FHIR license. You may obtain a copy of the FHIR license at  https://www.hl7.org/fhir/license.html." />
  <fhirVersion value="4.0.1" />
  <kind value="complex-type" />
  <abstract value="false" />
  <context>
    <type value="element" />
    <expression value="Organization" />
  </context>
  <type value="Extension" />
  <baseDefinition value="http://hl7.org/fhir/StructureDefinition/Extension" />
  <derivation value="constraint" />
  <differential>
    <element id="Extension.extension">
      <path value="Extension.extension" />
      <slicing>
        <discriminator>
          <type value="value" />
          <path value="url" />
        </discriminator>
        <rules value="open" />
      </slicing>
      <min value="0" />
    </element>
    <element id="Extension.extension:nationalGrouping">
      <path value="Extension.extension" />
      <sliceName value="nationalGrouping" />
      <min value="0" />
      <max value="1" />
    </element>
    <element id="Extension.extension:nationalGrouping.url">
      <path value="Extension.extension.url" />
      <fixedUri value="nationalGrouping" />
    </element>
    <element id="Extension.extension:nationalGrouping.value[x]">
      <path value="Extension.extension.value[x]" />
      <type>
        <code value="Identifier" />
      </type>
    </element>
    <element id="Extension.extension:nationalGrouping.value[x].system">
      <path value="Extension.extension.value[x].system" />
      <min value="1" />
    </element>
    <element id="Extension.extension:nationalGrouping.value[x].value">
      <path value="Extension.extension.value[x].value" />
      <min value="1" />
    </element>
    <element id="Extension.extension:highLevelHealthGeography">
      <path value="Extension.extension" />
      <sliceName value="highLevelHealthGeography" />
      <min value="0" />
      <max value="1" />
    </element>
    <element id="Extension.extension:highLevelHealthGeography.url">
      <path value="Extension.extension.url" />
      <fixedUri value="highLevelHealthGeography" />
    </element>
    <element id="Extension.extension:highLevelHealthGeography.value[x]">
      <path value="Extension.extension.value[x]" />
      <type>
        <code value="Identifier" />
      </type>
    </element>
    <element id="Extension.extension:highLevelHealthGeography.value[x].system">
      <path value="Extension.extension.value[x].system" />
      <min value="1" />
    </element>
    <element id="Extension.extension:highLevelHealthGeography.value[x].value">
      <path value="Extension.extension.value[x].value" />
      <min value="1" />
    </element>
    <element id="Extension.extension:commissionedBy">
      <path value="Extension.extension" />
      <sliceName value="commissionedBy" />
      <min value="0" />
      <max value="1" />
    </element>
    <element id="Extension.extension:commissionedBy.url">
      <path value="Extension.extension.url" />
      <fixedUri value="commissionedBy" />
    </element>
    <element id="Extension.extension:commissionedBy.value[x]">
      <path value="Extension.extension.value[x]" />
      <type>
        <code value="Identifier" />
      </type>
    </element>
    <element id="Extension.extension:commissionedBy.value[x].system">
      <path value="Extension.extension.value[x].system" />
      <min value="1" />
    </element>
    <element id="Extension.extension:commissionedBy.value[x].value">
      <path value="Extension.extension.value[x].value" />
      <min value="1" />
    </element>
    <element id="Extension.extension:reimbursementAuthority">
      <path value="Extension.extension" />
      <sliceName value="reimbursementAuthority" />
      <min value="0" />
      <max value="1" />
    </element>
    <element id="Extension.extension:reimbursementAuthority.url">
      <path value="Extension.extension.url" />
      <fixedUri value="reimbursementAuthority" />
    </element>
    <element id="Extension.extension:reimbursementAuthority.value[x]">
      <path value="Extension.extension.value[x]" />
      <type>
        <code value="Identifier" />
      </type>
    </element>
    <element id="Extension.extension:reimbursementAuthority.value[x].system">
      <path value="Extension.extension.value[x].system" />
      <min value="1" />
    </element>
    <element id="Extension.extension:reimbursementAuthority.value[x].value">
      <path value="Extension.extension.value[x].value" />
      <min value="1" />
    </element>
    <element id="Extension.extension:primaryCareNetwork">
      <path value="Extension.extension" />
      <sliceName value="primaryCareNetwork" />
      <min value="0" />
      <max value="1" />
    </element>
    <element id="Extension.extension:primaryCareNetwork.url">
      <path value="Extension.extension.url" />
      <fixedUri value="primaryCareNetwork" />
    </element>
    <element id="Extension.extension:primaryCareNetwork.value[x]">
      <path value="Extension.extension.value[x]" />
      <type>
        <code value="Identifier" />
      </type>
    </element>
    <element id="Extension.extension:primaryCareNetwork.value[x].system">
      <path value="Extension.extension.value[x].system" />
      <min value="1" />
    </element>
    <element id="Extension.extension:primaryCareNetwork.value[x].value">
      <path value="Extension.extension.value[x].value" />
      <min value="1" />
    </element>
    <element id="Extension.url">
      <path value="Extension.url" />
      <fixedUri value="https://fhir.nhs.uk/StructureDefinition/Extension-England-ODSOrganisationRelationship" />
    </element>
    <element id="Extension.value[x]">
      <path value="Extension.value[x]" />
      <max value="0" />
    </element>
  </differential>
</StructureDefinition>