<StructureDefinition xmlns="http://hl7.org/fhir">
    <id value="Extension-England-DMGroupIdentifier" />
    <url value="https://fhir.nhs.uk/StructureDefinition/Extension-England-DMGroupIdentifier"/>
    <version value="1.0.0" />
    <name value="ExtensionEnglandDMGroupIdentifier"/>
    <title value="Extension England DM Group Identifier" />
    <status value="draft" />
    <date value="2023-06-01" />
    <publisher value="NHS England" />
    <contact>
    <name value="NHS England" />
    <telecom>
      <system value="email" />
      <value value="interoperabilityteam@nhs.net" />
      <use value="work" />
      <rank value="1" />
    </telecom>
  </contact>
  <description value="Extension for England-DMGroupIdentifier" />
  <purpose value="Extension for DMGroupIdentifier" />
  <copyright value="Copyright © 2021+ HL7 UK Licensed under the Apache License, Version 2.0 (the \&quot;License\&quot;); you may not use this file except in compliance with the License. You may obtain a copy of the License at  http://www.apache.org/licenses/LICENSE-2.0 Unless required by applicable law or agreed to in writing, software distributed under the License is distributed on an \&quot;AS IS\&quot; BASIS, WITHOUT WARRANTIES OR CONDITIONS OF ANY KIND, either express or implied. See the License for the specific language governing permissions and limitations under the License. HL7® FHIR® standard Copyright © 2011+ HL7 The HL7® FHIR® standard is used under the FHIR license. You may obtain a copy of the FHIR license at  https://www.hl7.org/fhir/license.html." />
    <fhirVersion value="4.0.1" />
    <mapping>
        <identity value="rim" />
        <uri value="http://hl7.org/v3" />
        <name value="RIM Mapping" />
    </mapping>
    <kind value="complex-type" />
    <abstract value="false" />
    <context>
        <type value="element" />
        <expression value="MedicationDispense.authorizingPrescription" />
    </context>
    <context>
        <type value="element" />
        <expression value="Claim.prescription" />
    </context>
    <context>
        <type value="element" />
        <expression value="Claim.originalPrescription" />
    </context>
    <type value="Extension" />
    <baseDefinition value="http://hl7.org/fhir/StructureDefinition/Extension" />
    <derivation value="constraint" />
    <differential>
        <element id="Extension.extension">
            <path value="Extension.extension" />
            <slicing>
                <discriminator>
                    <type value="value" />
                    <path value="url" />
                </discriminator>
                <rules value="open" />
            </slicing>
        </element>
        <element id="Extension.extension:UUID">
            <path value="Extension.extension" />
            <sliceName value="UUID" />
            <min value="1" />
            <max value="1" />
        </element>
        <element id="Extension.extension:UUID.url">
            <path value="Extension.extension.url" />
            <fixedUri value="UUID" />
        </element>
        <element id="Extension.extension:UUID.value[x]">
            <path value="Extension.extension.value[x]" />
            <type>
                <code value="Identifier" />
            </type>
        </element>
        <element id="Extension.extension:shortForm">
            <path value="Extension.extension" />
            <sliceName value="shortForm" />
            <min value="1" />
            <max value="1" />
        </element>
        <element id="Extension.extension:shortForm.url">
            <path value="Extension.extension.url" />
            <fixedUri value="shortForm" />
        </element>
        <element id="Extension.extension:shortForm.value[x]">
            <path value="Extension.extension.value[x]" />
            <type>
                <code value="Identifier" />
            </type>
        </element>
        <element id="Extension.url">
            <path value="Extension.url" />
            <fixedUri value="https://fhir.nhs.uk/StructureDefinition/Extension-England-DMGroupIdentifier" />
        </element>
        <element id="Extension.value[x]">
            <path value="Extension.value[x]" />
            <max value="0" />
            <type>
                <code value="base64Binary" />
            </type>
            <type>
                <code value="boolean" />
            </type>
            <type>
                <code value="canonical" />
            </type>
            <type>
                <code value="code" />
            </type>
            <type>
                <code value="date" />
            </type>
            <type>
                <code value="dateTime" />
            </type>
            <type>
                <code value="decimal" />
            </type>
            <type>
                <code value="id" />
            </type>
            <type>
                <code value="instant" />
            </type>
            <type>
                <code value="integer" />
            </type>
            <type>
                <code value="markdown" />
            </type>
            <type>
                <code value="oid" />
            </type>
            <type>
                <code value="positiveInt" />
            </type>
            <type>
                <code value="string" />
            </type>
            <type>
                <code value="time" />
            </type>
            <type>
                <code value="unsignedInt" />
            </type>
            <type>
                <code value="uri" />
            </type>
            <type>
                <code value="url" />
            </type>
            <type>
                <code value="uuid" />
            </type>
            <type>
                <code value="Address" />
            </type>
            <type>
                <code value="Age" />
            </type>
            <type>
                <code value="Annotation" />
            </type>
            <type>
                <code value="Attachment" />
            </type>
            <type>
                <code value="CodeableConcept" />
            </type>
            <type>
                <code value="Coding" />
            </type>
            <type>
                <code value="ContactPoint" />
            </type>
            <type>
                <code value="Count" />
            </type>
            <type>
                <code value="Distance" />
            </type>
            <type>
                <code value="Duration" />
            </type>
            <type>
                <code value="HumanName" />
            </type>
            <type>
                <code value="Identifier" />
            </type>
            <type>
                <code value="Money" />
            </type>
            <type>
                <code value="Period" />
            </type>
            <type>
                <code value="Quantity" />
            </type>
            <type>
                <code value="Range" />
            </type>
            <type>
                <code value="Ratio" />
            </type>
            <type>
                <code value="Reference" />
            </type>
            <type>
                <code value="SampledData" />
            </type>
            <type>
                <code value="Signature" />
            </type>
            <type>
                <code value="Timing" />
            </type>
            <type>
                <code value="ContactDetail" />
            </type>
            <type>
                <code value="Contributor" />
            </type>
            <type>
                <code value="DataRequirement" />
            </type>
            <type>
                <code value="Expression" />
            </type>
            <type>
                <code value="ParameterDefinition" />
            </type>
            <type>
                <code value="RelatedArtifact" />
            </type>
            <type>
                <code value="TriggerDefinition" />
            </type>
            <type>
                <code value="UsageContext" />
            </type>
            <type>
                <code value="Dosage" />
            </type>
        </element>
    </differential>
</StructureDefinition>