<?xml version="1.0" encoding="utf-8"?>
<StructureDefinition xmlns="http://hl7.org/fhir">
	<id value="Extension-England-DMRunningTotal"/>
	<url value="https://fhir.nhs.uk/StructureDefinition/Extension-England-DMRunningTotal"/>
	<version value="1.0.0"/>
	<name value="ExtensionEnglandDMRunningTotal"/>
	<title value="Extension England DM Running Total"/>
	<status value="draft"/>
	<date value="2023-06-01"/>
	<publisher value="NHS England"/>
	<contact>
		<name value="NHS England"/>
		<telecom>
			<system value="email"/>
			<value value="interoperabilityteam@nhs.net"/>
			<use value="work"/>
			<rank value="1"/>
		</telecom>
	</contact>
	<description value="Extension for DMRunningTotal"/>
	<purpose value="Extension for DMRunningTotal"/>
	<copyright value="Copyright © 2021+ HL7 UK Licensed under the Apache License, Version 2.0 (the \&quot;License\&quot;); you may not use this file except in compliance with the License. You may obtain a copy of the License at  http://www.apache.org/licenses/LICENSE-2.0 Unless required by applicable law or agreed to in writing, software distributed under the License is distributed on an \&quot;AS IS\&quot; BASIS, WITHOUT WARRANTIES OR CONDITIONS OF ANY KIND, either express or implied. See the License for the specific language governing permissions and limitations under the License. HL7® FHIR® standard Copyright © 2011+ HL7 The HL7® FHIR® standard is used under the FHIR license. You may obtain a copy of the FHIR license at  https://www.hl7.org/fhir/license.html."/>
	<fhirVersion value="4.0.1"/>
	<mapping>
		<identity value="rim"/>
		<uri value="http://hl7.org/v3"/>
		<name value="RIM Mapping"/>
	</mapping>
	<kind value="complex-type"/>
	<abstract value="false"/>
	<context>
		<type value="element"/>
		<expression value="Claim.item.detail.quantity"/>
	</context>
	<context>
		<type value="element"/>
		<expression value="MedicationDispense.quantity"/>
	</context>
	<type value="Extension"/>
	<baseDefinition value="http://hl7.org/fhir/StructureDefinition/Extension"/>
	<derivation value="constraint"/>
	<differential>
		<element id="Extension.url">
			<path value="Extension.url"/>
			<fixedUri value="https://fhir.nhs.uk/StructureDefinition/Extension-England-DMRunningTotal"/>
		</element>
		<element id="Extension.value[x]">
			<path value="Extension.value[x]"/>
			<type>
				<code value="Quantity"/>
			</type>
		</element>
	</differential>
</StructureDefinition>