<ValueSet xmlns="http://hl7.org/fhir">
    <id value="England-ERSReferralStateCategory" />
    <url value="https://fhir.nhs.uk/ValueSet/England-ERSReferralStateCategory" />
    <version value="1.0.0" />
    <name value="EnglandERSReferralStateCategory" />
    <title value="England ERS Referral State Category" />
    <status value="draft" />
    <date value="2023-06-01"/>
    <publisher value="NHS England" />
    <contact>
        <name value="NHS England" />
        <telecom>
            <system value="email" />
            <value value="interoperabilityteam@nhs.net" />
            <use value="work" />
            <rank value="1" />
        </telecom>
    </contact>
    <description value="A valueset to identify the status of a referral" />
    <copyright value="&quot;Copyright © 2021+ HL7 UK Licensed under the Apache License, Version 2.0 (the \&quot;License\&quot;); you may not use this file except in compliance with the License. You may obtain a copy of the License at  http://www.apache.org/licenses/LICENSE-2.0 Unless required by applicable law or agreed to in writing, software distributed under the License is distributed on an \&quot;AS IS\&quot; BASIS, WITHOUT WARRANTIES OR CONDITIONS OF ANY KIND, either express or implied. See the License for the specific language governing permissions and limitations under the License. HL7® FHIR® standard Copyright © 2011+ HL7 The HL7® FHIR® standard is used under the FHIR license. You may obtain a copy of the FHIR license at  https://www.hl7.org/fhir/license.html.&quot;," />
    <compose>
        <include>
            <system value="https://fhir.nhs.uk/CodeSystem/England-ERSReferralState" />
            <concept>
                <code value="REJECTED" />
            </concept>
            <concept>
                <code value="TRIAGE_RESPONSE" />
            </concept>
            <concept>
                <code value="AWAITING_TRIAGE" />
            </concept>
            <concept>
                <code value="NOT_BOOKED" />
            </concept>
            <concept>
                <code value="DEFER_TO_PROVIDER" />
            </concept>
            <concept>
                <code value="BOOKED" />
            </concept>
            <concept>
                <code value="APPOINTMENT_CANCELLED_BY_PATIENT" />
            </concept>
            <concept>
                <code value="APPOINTMENT_ CANCELLED_BY_PROVIDER" />
            </concept>
            <concept>
                <code value="CARL" />
            </concept>
            <concept>
                <code value="ARBL" />
            </concept>
            <concept>
                <code value="CARBL_OR_ARL" />
            </concept>
        </include>
    </compose>
</ValueSet>