<ValueSet xmlns="http://hl7.org/fhir">
    <id value="England-ChildProtectionPlan" />
    <url value="https://fhir.nhs.uk/England/ValueSet/England-ChildProtectionPlan" />
    <version value="1.0.0" />
    <name value="EnglandChildProtectionPlan" />
    <title value="England Child Protection Plan" />
    <status value="draft" />
    <date value="2023-08-18" />
    <publisher value="NHS England" />
    <contact>
        <name value="NHS England" />
        <telecom>
            <system value="email" />
            <value value="interoperabilityteam@nhs.net" />
            <use value="work" />
            <rank value="1" />
        </telecom>
    </contact>
    <description value="A set of codes that define the type of Child Protection Plan that is in place. Selected from UK SNOMED CT." />
    <copyright value="Copyright © 2023+ NHS England Licensed under the Apache License, Version 2.0 (the \&quot;License\&quot;); you may not use this file except in compliance with the License. You may obtain a copy of the License at  http://www.apache.org/licenses/LICENSE-2.0 Unless required by applicable law or agreed to in writing, software distributed under the License is distributed on an \&quot;AS IS\&quot; BASIS, WITHOUT WARRANTIES OR CONDITIONS OF ANY KIND, either express or implied. See the License for the specific language governing permissions and limitations under the License. HL7® FHIR® standard Copyright © 2011+ HL7 The HL7® FHIR® standard is used under the FHIR license. You may obtain a copy of the FHIR license at  https://www.hl7.org/fhir/license.html." />
    <compose>
        <include>
            <system value="http://snomed.info/sct" />
            <filter>
                <property value="constraint" />
                <op value="=" />
                <value value="(342191000000101 OR 764841000000100 OR 818901000000100)" />
            </filter>
        </include>
    </compose>
    <expansion>
        <identifier value="6c36caea-57d1-42a7-8621-ae1addc67581" />
        <timestamp value="2023-09-07T17:36:41+00:00" />
        <total value="3" />
        <offset value="0" />
        <contains>
            <system value="http://snomed.info/sct" />
            <code value="342191000000101" />
            <display value="Subject to child protection plan" />
        </contains>
        <contains>
            <system value="http://snomed.info/sct" />
            <code value="764841000000100" />
            <display value="Looked after child" />
        </contains>
        <contains>
            <system value="http://snomed.info/sct" />
            <code value="818901000000100" />
            <display value="Unborn child subject to child protection plan" />
        </contains>
    </expansion>
</ValueSet>