<?xml version="1.0" encoding="UTF-8" standalone="no"?>
<ValueSet xmlns="http://hl7.org/fhir">
    <id value="England-ClinicalSpecialty"/>
    <url value="https://fhir.nhs.uk/ValueSet/England-ClinicalSpecialty"/>
    <version value="1.0.0"/>
    <name value="EnglandClinicalSpecialty"/>
	<title value="England Clinical Specialty" />
    <status value="draft"/>
    <date value="2023-06-01"/>
    <publisher value="NHS England"/>
    <contact>
       <name value="NHS England"/>
       <telecom>
          <system value="email"/>
          <value value="interoperabilityteam@nhs.net"/>
          <use value="work"/>
		  <rank value="1" />
       </telecom>
    </contact>
    <description value="A ValueSet to identify the specialty of the care professional or team. FHIR Version of NHS Data Dictionary Main Specialty Code and HSCIC ITK HL7v2 Table ZU012"/>
	<purpose value="A ValueSet to identify the specialty of the care professional or team. FHIR Version of NHS Data Dictionary Main Specialty Code and HSCIC ITK HL7v2 Table ZU012" />
    <copyright value="Copyright © 2018 NHS Digital"/>
    <compose>
       <include>
          <system value="https://fhir.nhs.uk/CodeSystem/England-ClinicalSpecialty"/>
          <version value="1.0.0"/>
       </include>
    </compose>
    <expansion>
      <identifier value="2f45cfd4-0dc9-4e4e-9014-1702807f90a8"/>
	  <timestamp value="2021-04-22T18:34:25+10:00"/>
      <total value="95"/>
      <offset value="0"/>
      <parameter>
          <name value="version"/>
          <valueUri value="https://fhir.nhs.uk/CodeSystem/England-ClinicalSpecialty|1.0.0"/>
      </parameter>
      <parameter>
          <name value="count"/>
          <valueInteger value="2147483647"/>
      </parameter>
      <parameter>
          <name value="offset"/>
          <valueInteger value="0"/>
      </parameter>
      <contains>
          <system value="https://fhir.nhs.uk/CodeSystem/England-ClinicalSpecialty"/>
          <code value="326"/>
          <display value="Acute Internal Medicine"/>
      </contains>
      <contains>
          <system value="https://fhir.nhs.uk/CodeSystem/England-ClinicalSpecialty"/>
          <code value="710"/>
          <display value="Adult Mental Illness"/>
      </contains>
      <contains>
          <system value="https://fhir.nhs.uk/CodeSystem/England-ClinicalSpecialty"/>
          <code value="317"/>
          <display value="Allergy"/>
      </contains>
      <contains>
          <system value="https://fhir.nhs.uk/CodeSystem/England-ClinicalSpecialty"/>
          <code value="960"/>
          <display value="Allied Health Professional"/>
      </contains>
      <contains>
          <system value="https://fhir.nhs.uk/CodeSystem/England-ClinicalSpecialty"/>
          <code value="190"/>
          <display value="Anaesthetics"/>
      </contains>
      <contains>
          <system value="https://fhir.nhs.uk/CodeSystem/England-ClinicalSpecialty"/>
          <code value="510"/>
          <display value="Antenatal Clinic"/>
      </contains>
      <contains>
          <system value="https://fhir.nhs.uk/CodeSystem/England-ClinicalSpecialty"/>
          <code value="310"/>
          <display value="Audio Vestibular Medicine"/>
      </contains>
      <contains>
          <system value="https://fhir.nhs.uk/CodeSystem/England-ClinicalSpecialty"/>
          <code value="200"/>
          <display value="Aviation and Space Medicine"/>
      </contains>
      <contains>
          <system value="https://fhir.nhs.uk/CodeSystem/England-ClinicalSpecialty"/>
          <code value="821"/>
          <display value="Blood Transfusion"/>
      </contains>
      <contains>
          <system value="https://fhir.nhs.uk/CodeSystem/England-ClinicalSpecialty"/>
          <code value="320"/>
          <display value="Cardiology"/>
      </contains>
      <contains>
          <system value="https://fhir.nhs.uk/CodeSystem/England-ClinicalSpecialty"/>
          <code value="170"/>
          <display value="Cardiothoracic Surgery"/>
      </contains>
      <contains>
          <system value="https://fhir.nhs.uk/CodeSystem/England-ClinicalSpecialty"/>
          <code value="822"/>
          <display value="Chemical Pathology"/>
      </contains>
      <contains>
          <system value="https://fhir.nhs.uk/CodeSystem/England-ClinicalSpecialty"/>
          <code value="711"/>
          <display value="Child and Adolescent Psychiatry"/>
      </contains>
      <contains>
          <system value="https://fhir.nhs.uk/CodeSystem/England-ClinicalSpecialty"/>
          <code value="312"/>
          <display value="CLINICAL CYTOGENETICS and MOLECULAR GENETICS"/>
      </contains>
      <contains>
          <system value="https://fhir.nhs.uk/CodeSystem/England-ClinicalSpecialty"/>
          <code value="311"/>
          <display value="Clinical Genetics"/>
      </contains>
      <contains>
          <system value="https://fhir.nhs.uk/CodeSystem/England-ClinicalSpecialty"/>
          <code value="303"/>
          <display value="Clinical Haematology"/>
      </contains>
      <contains>
          <system value="https://fhir.nhs.uk/CodeSystem/England-ClinicalSpecialty"/>
          <code value="313"/>
          <display value="Clinical Immunology"/>
      </contains>
      <contains>
          <system value="https://fhir.nhs.uk/CodeSystem/England-ClinicalSpecialty"/>
          <code value="401"/>
          <display value="Clinical Neurophysiology"/>
      </contains>
      <contains>
          <system value="https://fhir.nhs.uk/CodeSystem/England-ClinicalSpecialty"/>
          <code value="800"/>
          <display value="Clinical Oncology"/>
      </contains>
      <contains>
          <system value="https://fhir.nhs.uk/CodeSystem/England-ClinicalSpecialty"/>
          <code value="305"/>
          <display value="Clinical Pharmacology"/>
      </contains>
      <contains>
          <system value="https://fhir.nhs.uk/CodeSystem/England-ClinicalSpecialty"/>
          <code value="304"/>
          <display value="Clinical Physiology"/>
      </contains>
      <contains>
          <system value="https://fhir.nhs.uk/CodeSystem/England-ClinicalSpecialty"/>
          <code value="902"/>
          <display value="Community Health Services Dental"/>
      </contains>
      <contains>
          <system value="https://fhir.nhs.uk/CodeSystem/England-ClinicalSpecialty"/>
          <code value="900"/>
          <display value="Community Medicine"/>
      </contains>
      <contains>
          <system value="https://fhir.nhs.uk/CodeSystem/England-ClinicalSpecialty"/>
          <code value="504"/>
          <display value="Community Sexual and Reproductive Health"/>
      </contains>
      <contains>
          <system value="https://fhir.nhs.uk/CodeSystem/England-ClinicalSpecialty"/>
          <code value="450"/>
          <display value="Dental Medicine"/>
      </contains>
      <contains>
          <system value="https://fhir.nhs.uk/CodeSystem/England-ClinicalSpecialty"/>
          <code value="330"/>
          <display value="Dermatology"/>
      </contains>
      <contains>
          <system value="https://fhir.nhs.uk/CodeSystem/England-ClinicalSpecialty"/>
          <code value="120"/>
          <display value="Ear Nose and Throat"/>
      </contains>
      <contains>
          <system value="https://fhir.nhs.uk/CodeSystem/England-ClinicalSpecialty"/>
          <code value="180"/>
          <display value="Emergency Medicine"/>
      </contains>
      <contains>
          <system value="https://fhir.nhs.uk/CodeSystem/England-ClinicalSpecialty"/>
          <code value="302"/>
          <display value="Endocrinology and Diabetes"/>
      </contains>
      <contains>
          <system value="https://fhir.nhs.uk/CodeSystem/England-ClinicalSpecialty"/>
          <code value="146"/>
          <display value="Endodontics"/>
      </contains>
      <contains>
          <system value="https://fhir.nhs.uk/CodeSystem/England-ClinicalSpecialty"/>
          <code value="712"/>
          <display value="Forensic Psychiatry"/>
      </contains>
      <contains>
          <system value="https://fhir.nhs.uk/CodeSystem/England-ClinicalSpecialty"/>
          <code value="301"/>
          <display value="Gastroenterology"/>
      </contains>
      <contains>
          <system value="https://fhir.nhs.uk/CodeSystem/England-ClinicalSpecialty"/>
          <code value="601"/>
          <display value="General Dental Practice"/>
      </contains>
      <contains>
          <system value="https://fhir.nhs.uk/CodeSystem/England-ClinicalSpecialty"/>
          <code value="300"/>
          <display value="General Internal Medicine"/>
      </contains>
      <contains>
          <system value="https://fhir.nhs.uk/CodeSystem/England-ClinicalSpecialty"/>
          <code value="600"/>
          <display value="General Medical Practice"/>
      </contains>
      <contains>
          <system value="https://fhir.nhs.uk/CodeSystem/England-ClinicalSpecialty"/>
          <code value="820"/>
          <display value="General Pathology"/>
      </contains>
      <contains>
          <system value="https://fhir.nhs.uk/CodeSystem/England-ClinicalSpecialty"/>
          <code value="100"/>
          <display value="General Surgery"/>
      </contains>
      <contains>
          <system value="https://fhir.nhs.uk/CodeSystem/England-ClinicalSpecialty"/>
          <code value="360"/>
          <display value="Genitourinary Medicine"/>
      </contains>
      <contains>
          <system value="https://fhir.nhs.uk/CodeSystem/England-ClinicalSpecialty"/>
          <code value="430"/>
          <display value="Geriatric Medicine"/>
      </contains>
      <contains>
          <system value="https://fhir.nhs.uk/CodeSystem/England-ClinicalSpecialty"/>
          <code value="502"/>
          <display value="Gynaecology"/>
      </contains>
      <contains>
          <system value="https://fhir.nhs.uk/CodeSystem/England-ClinicalSpecialty"/>
          <code value="823"/>
          <display value="Haematology"/>
      </contains>
      <contains>
          <system value="https://fhir.nhs.uk/CodeSystem/England-ClinicalSpecialty"/>
          <code value="824"/>
          <display value="Histopathology"/>
      </contains>
      <contains>
          <system value="https://fhir.nhs.uk/CodeSystem/England-ClinicalSpecialty"/>
          <code value="830"/>
          <display value="Immunopathology"/>
      </contains>
      <contains>
          <system value="https://fhir.nhs.uk/CodeSystem/England-ClinicalSpecialty"/>
          <code value="350"/>
          <display value="Infectious Diseases"/>
      </contains>
      <contains>
          <system value="https://fhir.nhs.uk/CodeSystem/England-ClinicalSpecialty"/>
          <code value="192"/>
          <display value="Intensive Care Medicine"/>
      </contains>
      <contains>
          <system value="https://fhir.nhs.uk/CodeSystem/England-ClinicalSpecialty"/>
          <code value="990"/>
          <display value="Joint Consultant Clinics"/>
      </contains>
      <contains>
          <system value="https://fhir.nhs.uk/CodeSystem/England-ClinicalSpecialty"/>
          <code value="700"/>
          <display value="Learning Disability"/>
      </contains>
      <contains>
          <system value="https://fhir.nhs.uk/CodeSystem/England-ClinicalSpecialty"/>
          <code value="610"/>
          <display value="Maternity Function"/>
      </contains>
      <contains>
          <system value="https://fhir.nhs.uk/CodeSystem/England-ClinicalSpecialty"/>
          <code value="833"/>
          <display value="Medical Microbiology"/>
      </contains>
      <contains>
          <system value="https://fhir.nhs.uk/CodeSystem/England-ClinicalSpecialty"/>
          <code value="831"/>
          <display value="Medical Microbiology and Virology"/>
      </contains>
      <contains>
          <system value="https://fhir.nhs.uk/CodeSystem/England-ClinicalSpecialty"/>
          <code value="370"/>
          <display value="Medical Oncology"/>
      </contains>
      <contains>
          <system value="https://fhir.nhs.uk/CodeSystem/England-ClinicalSpecialty"/>
          <code value="460"/>
          <display value="Medical Ophthalmology"/>
      </contains>
      <contains>
          <system value="https://fhir.nhs.uk/CodeSystem/England-ClinicalSpecialty"/>
          <code value="713"/>
          <display value="Medical Psychotherapy"/>
      </contains>
      <contains>
          <system value="https://fhir.nhs.uk/CodeSystem/England-ClinicalSpecialty"/>
          <code value="834"/>
          <display value="Medical Virology"/>
      </contains>
      <contains>
          <system value="https://fhir.nhs.uk/CodeSystem/England-ClinicalSpecialty"/>
          <code value="560"/>
          <display value="Midwifery"/>
      </contains>
      <contains>
          <system value="https://fhir.nhs.uk/CodeSystem/England-ClinicalSpecialty"/>
          <code value="400"/>
          <display value="Neurology"/>
      </contains>
      <contains>
          <system value="https://fhir.nhs.uk/CodeSystem/England-ClinicalSpecialty"/>
          <code value="832"/>
          <display value="Neuropathology"/>
      </contains>
      <contains>
          <system value="https://fhir.nhs.uk/CodeSystem/England-ClinicalSpecialty"/>
          <code value="150"/>
          <display value="Neurosurgery"/>
      </contains>
      <contains>
          <system value="https://fhir.nhs.uk/CodeSystem/England-ClinicalSpecialty"/>
          <code value="371"/>
          <display value="Nuclear Medicine"/>
      </contains>
      <contains>
          <system value="https://fhir.nhs.uk/CodeSystem/England-ClinicalSpecialty"/>
          <code value="950"/>
          <display value="Nursing"/>
      </contains>
      <contains>
          <system value="https://fhir.nhs.uk/CodeSystem/England-ClinicalSpecialty"/>
          <code value="501"/>
          <display value="Obstetrics"/>
      </contains>
      <contains>
          <system value="https://fhir.nhs.uk/CodeSystem/England-ClinicalSpecialty"/>
          <code value="500"/>
          <display value="Obstetrics and Gynaecology"/>
      </contains>
      <contains>
          <system value="https://fhir.nhs.uk/CodeSystem/England-ClinicalSpecialty"/>
          <code value="901"/>
          <display value="Occupational Medicine"/>
      </contains>
      <contains>
          <system value="https://fhir.nhs.uk/CodeSystem/England-ClinicalSpecialty"/>
          <code value="715"/>
          <display value="Old Age Psychiatry"/>
      </contains>
      <contains>
          <system value="https://fhir.nhs.uk/CodeSystem/England-ClinicalSpecialty"/>
          <code value="130"/>
          <display value="Ophthalmology"/>
      </contains>
      <contains>
          <system value="https://fhir.nhs.uk/CodeSystem/England-ClinicalSpecialty"/>
          <code value="145"/>
          <display value="Oral and Maxillofacial Surgery"/>
      </contains>
      <contains>
          <system value="https://fhir.nhs.uk/CodeSystem/England-ClinicalSpecialty"/>
          <code value="140"/>
          <display value="Oral Surgery"/>
      </contains>
      <contains>
          <system value="https://fhir.nhs.uk/CodeSystem/England-ClinicalSpecialty"/>
          <code value="143"/>
          <display value="Orthodontics"/>
      </contains>
      <contains>
          <system value="https://fhir.nhs.uk/CodeSystem/England-ClinicalSpecialty"/>
          <code value="620"/>
          <display value="Other than Maternity"/>
      </contains>
      <contains>
          <system value="https://fhir.nhs.uk/CodeSystem/England-ClinicalSpecialty"/>
          <code value="321"/>
          <display value="Paediatric Cardiology"/>
      </contains>
      <contains>
          <system value="https://fhir.nhs.uk/CodeSystem/England-ClinicalSpecialty"/>
          <code value="142"/>
          <display value="Paediatric Dentistry"/>
      </contains>
      <contains>
          <system value="https://fhir.nhs.uk/CodeSystem/England-ClinicalSpecialty"/>
          <code value="421"/>
          <display value="Paediatric Neurology"/>
      </contains>
      <contains>
          <system value="https://fhir.nhs.uk/CodeSystem/England-ClinicalSpecialty"/>
          <code value="171"/>
          <display value="Paediatric Surgery"/>
      </contains>
      <contains>
          <system value="https://fhir.nhs.uk/CodeSystem/England-ClinicalSpecialty"/>
          <code value="420"/>
          <display value="Paediatrics"/>
      </contains>
      <contains>
          <system value="https://fhir.nhs.uk/CodeSystem/England-ClinicalSpecialty"/>
          <code value="191"/>
          <display value="Pain Management"/>
      </contains>
      <contains>
          <system value="https://fhir.nhs.uk/CodeSystem/England-ClinicalSpecialty"/>
          <code value="315"/>
          <display value="Palliative Medicine"/>
      </contains>
      <contains>
          <system value="https://fhir.nhs.uk/CodeSystem/England-ClinicalSpecialty"/>
          <code value="147"/>
          <display value="Periodontics"/>
      </contains>
      <contains>
          <system value="https://fhir.nhs.uk/CodeSystem/England-ClinicalSpecialty"/>
          <code value="160"/>
          <display value="Plastic Surgery"/>
      </contains>
      <contains>
          <system value="https://fhir.nhs.uk/CodeSystem/England-ClinicalSpecialty"/>
          <code value="520"/>
          <display value="Postnatal Clinic"/>
      </contains>
      <contains>
          <system value="https://fhir.nhs.uk/CodeSystem/England-ClinicalSpecialty"/>
          <code value="148"/>
          <display value="Prosthodontics"/>
      </contains>
      <contains>
          <system value="https://fhir.nhs.uk/CodeSystem/England-ClinicalSpecialty"/>
          <code value="904"/>
          <display value="Public Health Dental"/>
      </contains>
      <contains>
          <system value="https://fhir.nhs.uk/CodeSystem/England-ClinicalSpecialty"/>
          <code value="903"/>
          <display value="Public Health Medicine"/>
      </contains>
      <contains>
          <system value="https://fhir.nhs.uk/CodeSystem/England-ClinicalSpecialty"/>
          <code value="810"/>
          <display value="Radiology"/>
      </contains>
      <contains>
          <system value="https://fhir.nhs.uk/CodeSystem/England-ClinicalSpecialty"/>
          <code value="314"/>
          <display value="Rehabilitation Medicine"/>
      </contains>
      <contains>
          <system value="https://fhir.nhs.uk/CodeSystem/England-ClinicalSpecialty"/>
          <code value="361"/>
          <display value="Renal Medicine"/>
      </contains>
      <contains>
          <system value="https://fhir.nhs.uk/CodeSystem/England-ClinicalSpecialty"/>
          <code value="340"/>
          <display value="Respiratory Medicine"/>
      </contains>
      <contains>
          <system value="https://fhir.nhs.uk/CodeSystem/England-ClinicalSpecialty"/>
          <code value="141"/>
          <display value="Restorative Dentistry"/>
      </contains>
      <contains>
          <system value="https://fhir.nhs.uk/CodeSystem/England-ClinicalSpecialty"/>
          <code value="410"/>
          <display value="Rheumatology"/>
      </contains>
      <contains>
          <system value="https://fhir.nhs.uk/CodeSystem/England-ClinicalSpecialty"/>
          <code value="451"/>
          <display value="Special Care Dentistry"/>
      </contains>
      <contains>
          <system value="https://fhir.nhs.uk/CodeSystem/England-ClinicalSpecialty"/>
          <code value="325"/>
          <display value="Sport and Exercise Medicine"/>
      </contains>
      <contains>
          <system value="https://fhir.nhs.uk/CodeSystem/England-ClinicalSpecialty"/>
          <code value="149"/>
          <display value="Surgical Dentistry"/>
      </contains>
      <contains>
          <system value="https://fhir.nhs.uk/CodeSystem/England-ClinicalSpecialty"/>
          <code value="110"/>
          <display value="Trauma and Orthopaedics"/>
      </contains>
      <contains>
          <system value="https://fhir.nhs.uk/CodeSystem/England-ClinicalSpecialty"/>
          <code value="352"/>
          <display value="Tropical Medicine"/>
      </contains>
      <contains>
          <system value="https://fhir.nhs.uk/CodeSystem/England-ClinicalSpecialty"/>
          <code value="101"/>
          <display value="Urology"/>
      </contains>
      <contains>
          <system value="https://fhir.nhs.uk/CodeSystem/England-ClinicalSpecialty"/>
          <code value="107"/>
          <display value="Vascular Surgery"/>
      </contains>
  </expansion>
</ValueSet>