<?xml version="1.0" encoding="UTF-8"?>
<ValueSet xmlns="http://hl7.org/fhir">
    <id value="England-DMMedicationRequestCourseOfTherapy" />
    <url value="https://fhir.nhs.uk/ValueSet/England-DMMedicationRequestCourseOfTherapy" />
    <version value="1.0.0" />
    <name value="EnglandDMMedicationRequestCourseOfTherapy" />
    <title value="England DM MedicationRequest Course Of Therapy" />
    <status value="draft" />
    <experimental value="false" />
    <date value="2023-06-01" />
    <publisher value="NHS England" />
  <contact>
		<name value="NHS England"/>
		<telecom>
			<system value="email"/>
			<value value="interoperabilityteam@nhs.net"/>
			<use value="work"/>
			<rank value="1"/>
		</telecom>
	</contact>
    <description value="MedicationRequest Course of Therapy Codes" />
    <purpose value="MedicationRequest Course of Therapy Codes" />
  <copyright value="Copyright © 2021+ HL7 UK Licensed under the Apache License, Version 2.0 (the \&quot;License\&quot;); you may not use this file except in compliance with the License. You may obtain a copy of the License at  http://www.apache.org/licenses/LICENSE-2.0 Unless required by applicable law or agreed to in writing, software distributed under the License is distributed on an \&quot;AS IS\&quot; BASIS, WITHOUT WARRANTIES OR CONDITIONS OF ANY KIND, either express or implied. See the License for the specific language governing permissions and limitations under the License. HL7® FHIR® standard Copyright © 2011+ HL7 The HL7® FHIR® standard is used under the FHIR license. You may obtain a copy of the FHIR license at  https://www.hl7.org/fhir/license.html." />
    <immutable value="true" />
    <compose>
        <include>
            <system value="http://terminology.hl7.org/CodeSystem/medicationrequest-course-of-therapy" />
            <concept>
                <code value="continuous" />
                <display value="Continuous long term therapy" />
            </concept>
            <concept>
                <code value="acute" />
                <display value="Short course (acute) therapy" />
            </concept>
        </include>
        <include>
            <system value="https://fhir.nhs.uk/CodeSystem/England-MedicationRequestCourseOfTherapy" />
            <concept>
                <code value="continuous-repeat-dispensing"/>
                <display value="Continuous long term (repeat dispensing)"/>
            </concept>
        </include>
        <exclude>
            <system value="http://terminology.hl7.org/CodeSystem/medicationrequest-course-of-therapy" />
            <concept>
                <code value="seasonal" />
                <display value="Seasonal" />
            </concept>
        </exclude>
    </compose>
    <expansion>
        <timestamp value="2020-07-29T17:18:27+10:00"/>
        <total value="3"/>
        <offset value="0"/>
        <parameter>
            <name value="version"/>
            <valueUri value="https://fhir.nhs.uk/CodeSystem/England-MedicationRequestCourseOfTherapy|1.0.0"/>
        </parameter>
        <parameter>
            <name value="version"/>
            <valueUri value="http://terminology.hl7.org/CodeSystem/medicationrequest-course-of-therapy|4.0.1"/>
        </parameter>
        <parameter>
            <name value="count"/>
            <valueInteger value="2147483647"/>
        </parameter>
        <parameter>
            <name value="offset"/>
            <valueInteger value="0"/>
        </parameter>
        <contains>
            <system value="http://terminology.hl7.org/CodeSystem/medicationrequest-course-of-therapy"/>
            <version value="4.0.1"/>
            <code value="continuous"/>
            <display value="Continuous long term therapy"/>
        </contains>
        <contains>
            <system value="http://terminology.hl7.org/CodeSystem/medicationrequest-course-of-therapy"/>
            <version value="4.0.1"/>
            <code value="acute"/>
            <display value="Short course (acute) therapy"/>
        </contains>
        <contains>
            <system value="https://fhir.nhs.uk/CodeSystem/England-MedicationRequestCourseOfTherapy"/>
            <version value="1.0.0"/>
            <code value="continuous-repeat-dispensing"/>
            <display value="Continuous long term (repeat dispensing)"/>
        </contains>
    </expansion>
</ValueSet> 