<ValueSet xmlns="http://hl7.org/fhir">
    <id value="England-MedicationCode" />
    <url value="https://fhir.nhs.uk/ValueSet/England-MedicationCode" />
    <version value="1.0.0" />
    <name value="EnglandMedicationCode" />
    <title value="England Medication Code" />
    <status value="draft" />
    <date value="2023-06-01" />
    <publisher value="NHS England" />
    <contact>
        <name value="NHS England" />
        <telecom>
            <system value="email" />
            <value value="interoperabilityteam@nhs.net" />
            <use value="work" />
            <rank value="1" />
        </telecom>
    </contact>
        <description value="Override of MedicationCode to support existing implementations using dm+d SNOMED CT. A set of codes from the following dm+d (dictionary of medicines and devices) concept classes that define a medication: \n - VTM – Virtual Therapeutic Moiety;\n - VMP – Virtual Medicinal Product;\n - AMP – Actual Medicinal Product;\n - VMPP – Virtual Medicinal Product Pack;\n - AMPP – Actual Medicinal Product Pack" />
        <purpose value="Override of MedicationCode to support existing implementations using dm+d SNOMED CT. A set of codes from the following dm+d (dictionary of medicines and devices) concept classes that define a medication: \n - VTM – Virtual Therapeutic Moiety;\n - VMP – Virtual Medicinal Product;\n - AMP – Actual Medicinal Product;\n - VMPP – Virtual Medicinal Product Pack;\n - AMPP – Actual Medicinal Product Pack" />
      <copyright value="Copyright &#169; 2021+ NHS Digital Licensed under the Apache License, Version 2.0 (the &quot;License&quot;); you may not use this file except in compliance with the License. You may obtain a copy of the License at  http://www.apache.org/licenses/LICENSE-2.0 Unless required by applicable law or agreed to in writing, software distributed under the License is distributed on an &quot;AS IS&quot; BASIS, WITHOUT WARRANTIES OR CONDITIONS OF ANY KIND, either express or implied. See the License for the specific language governing permissions and limitations under the License. HL7&#174; FHIR&#174; standard Copyright &#169; 2011+ HL7 The HL7&#174; FHIR&#174; standard is used under the FHIR license. You may obtain a copy of the FHIR license at  https://www.hl7.org/fhir/license.html." />
    <compose>
        <include>
            <system value="https://dmd.nhs.uk" />
            <filter>
                <property value="parent" />
                <op value="=" />
                <value value="VTM" />
            </filter>
        </include>
        <include>
            <system value="https://dmd.nhs.uk" />
            <filter>
                <property value="parent" />
                <op value="=" />
                <value value="VMP" />
            </filter>
        </include>
        <include>
            <system value="https://dmd.nhs.uk" />
            <filter>
                <property value="parent" />
                <op value="=" />
                <value value="AMP" />
            </filter>
        </include>
        <include>
            <system value="https://dmd.nhs.uk" />
            <filter>
                <property value="parent" />
                <op value="=" />
                <value value="VMPP" />
            </filter>
        </include>
        <include>
            <system value="https://dmd.nhs.uk" />
            <filter>
                <property value="parent" />
                <op value="=" />
                <value value="AMPP" />
            </filter>
        </include>
        <include>
            <system value="http://snomed.info/sct" />
        </include>
    </compose>
</ValueSet>