<?xml version="1.0" encoding="UTF-8"?>
<ValueSet xmlns="http://hl7.org/fhir">
	<id value="England-DMTaskBusinessStatus"/>
	<url value="https://fhir.nhs.uk/ValueSet/England-DMTaskBusinessStatus"/>
	<version value="1.0.0"/>
	<name value="EnglandDMTaskBusinessStatus"/>
	<title value="England DM Task Business Status"/>
	<status value="draft"/>
	<date value="2023-06-01"/>
	<publisher value="NHS England"/>
	<contact>
		<name value="NHS England"/>
		<telecom>
			<system value="email"/>
			<value value="interoperabilityteam@nhs.net"/>
			<use value="work"/>
			<rank value="1"/>
		</telecom>
	</contact>
	<description value="EPS Task Business (Prescription) Status"/>
	<purpose value="EPS Task Business (Prescription) Status" />
  <copyright value="Copyright © 2021+ HL7 UK Licensed under the Apache License, Version 2.0 (the \&quot;License\&quot;); you may not use this file except in compliance with the License. You may obtain a copy of the License at  http://www.apache.org/licenses/LICENSE-2.0 Unless required by applicable law or agreed to in writing, software distributed under the License is distributed on an \&quot;AS IS\&quot; BASIS, WITHOUT WARRANTIES OR CONDITIONS OF ANY KIND, either express or implied. See the License for the specific language governing permissions and limitations under the License. HL7® FHIR® standard Copyright © 2011+ HL7 The HL7® FHIR® standard is used under the FHIR license. You may obtain a copy of the FHIR license at  https://www.hl7.org/fhir/license.html." />
	<compose>
		<include>
			<system value="https://fhir.nhs.uk/CodeSystem/England-EPSTaskBusinessStatus"/>
		</include>
	</compose>
	<expansion>
		<timestamp value="2021-04-13T12:00:00+00:00"/>
		<contains>
			<system value="https://fhir.nhs.uk/CodeSystem/England-EPSTaskBusinessStatus"/>
			<code value="0002"/>
			<display value="With Dispenser"/>
		</contains>
		<contains>
			<system value="https://fhir.nhs.uk/CodeSystem/England-EPSTaskBusinessStatus"/>
			<code value="0001"/>
			<display value="To be Dispensed"/>
		</contains>
		<contains>
			<system value="https://fhir.nhs.uk/CodeSystem/England-EPSTaskBusinessStatus"/>
			<code value="0004"/>
			<display value="Expired"/>
		</contains>
		<contains>
			<system value="https://fhir.nhs.uk/CodeSystem/England-EPSTaskBusinessStatus"/>
			<code value="0003"/>
			<display value="With Dispenser - Active"/>
		</contains>
		<contains>
			<system value="https://fhir.nhs.uk/CodeSystem/England-EPSTaskBusinessStatus"/>
			<code value="0006"/>
			<display value="Dispensed"/>
		</contains>
		<contains>
			<system value="https://fhir.nhs.uk/CodeSystem/England-EPSTaskBusinessStatus"/>
			<code value="0005"/>
			<display value="Cancelled"/>
		</contains>
		<contains>
			<system value="https://fhir.nhs.uk/CodeSystem/England-EPSTaskBusinessStatus"/>
			<code value="0007"/>
			<display value="Not Dispensed"/>
		</contains>
	</expansion>
</ValueSet>