<ValueSet xmlns="http://hl7.org/fhir">
  <id value="England-PeriodType" />
  <url value="https://fhir.nhs.uk/England/ValueSet/England-PeriodType" />
  <version value="1.0.0" />
  <name value="EnglandPeriodType" />
  <title value="England Period Type" />
  <status value="active" />
  <date value="2023-12-07" />
  <publisher value="NHS England" />
  <contact>
    <name value="NHS England" />
    <telecom>
      <system value="email" />
      <value value="interoperabilityteam@nhs.net" />
      <use value="work" />
      <rank value="1" />
    </telecom>
  </contact>
  <description value="A ValueSet to identify the type of data for the date/time period described within the extension." />
  <copyright value="Copyright © 2023+ NHS England Licensed under the Apache License, Version 2.0 (the \&quot;License\&quot;); you may not use this file except in compliance with the License. You may obtain a copy of the License at  http://www.apache.org/licenses/LICENSE-2.0 Unless required by applicable law or agreed to in writing, software distributed under the License is distributed on an \&quot;AS IS\&quot; BASIS, WITHOUT WARRANTIES OR CONDITIONS OF ANY KIND, either express or implied. See the License for the specific language governing permissions and limitations under the License. HL7® FHIR® standard Copyright © 2011+ HL7 The HL7® FHIR® standard is used under the FHIR license. You may obtain a copy of the FHIR license at  https://www.hl7.org/fhir/license.html." />
  <compose>
    <include>
      <system value="https://fhir.nhs.uk/England/CodeSystem/England-PeriodType" />
    </include>
  </compose>
  <expansion>
    <timestamp value="2023-10-13T13:34:44+00:00" />
    <total value="2" />
    <offset value="0" />
    <contains>
      <system value="https://fhir.nhs.uk/England/CodeSystem/England-PeriodType" />
      <code value="Legal" />
      <display value="Legal" />
    </contains>
    <contains>
      <system value="https://fhir.nhs.uk/England/CodeSystem/England-PeriodType" />
      <code value="Operational" />
      <display value="Operational" />
    </contains>
  </expansion>
</ValueSet>
