<?xml version="1.0" encoding="UTF-8"?>
<ValueSet xmlns="http://hl7.org/fhir">
    <id value="England-DMPerformerSiteType"/>
    <url value="https://fhir.nhs.uk/ValueSet/England-DMPerformerSiteType"/>
    <version value="1.0.0"/>
    <name value="EnglandDMPerformerSiteType"/>
    <title value="England DM Performer Site Type"/>
    <status value="draft"/>
    <date value="2023-06-01"/>
	<publisher value="NHS England"/>
	<contact>
		<name value="NHS England"/>
		<telecom>
			<system value="email"/>
			<value value="interoperabilityteam@nhs.net"/>
			<use value="work"/>
			<rank value="1"/>
		</telecom>
	</contact>
    <description value="MedicationRequest Performer Site Type"/>
    <purpose value="MedicationRequest Performer Site Type" />
  <copyright value="Copyright © 2021+ HL7 UK Licensed under the Apache License, Version 2.0 (the \&quot;License\&quot;); you may not use this file except in compliance with the License. You may obtain a copy of the License at  http://www.apache.org/licenses/LICENSE-2.0 Unless required by applicable law or agreed to in writing, software distributed under the License is distributed on an \&quot;AS IS\&quot; BASIS, WITHOUT WARRANTIES OR CONDITIONS OF ANY KIND, either express or implied. See the License for the specific language governing permissions and limitations under the License. HL7® FHIR® standard Copyright © 2011+ HL7 The HL7® FHIR® standard is used under the FHIR license. You may obtain a copy of the FHIR license at  https://www.hl7.org/fhir/license.html." />
    <compose>
        <include>
            <system value="https://fhir.nhs.uk/CodeSystem/England-DispensingSitePreference"/>
        </include>
    </compose>
    <expansion>
        <identifier value="0ad4af0d-23be-47cf-bb9e-48e2e6508771"/>
        <timestamp value="2020-07-29T17:17:01+10:00"/>
        <total value="4"/>
        <offset value="0"/>
        <parameter>
            <name value="version"/>
            <valueUri value="https://fhir.nhs.uk/CodeSystem/England-DispensingSitePreference|1.0.0"/>
        </parameter>
        <parameter>
            <name value="count"/>
            <valueInteger value="2147483647"/>
        </parameter>
        <parameter>
            <name value="offset"/>
            <valueInteger value="0"/>
        </parameter>
        <contains>
            <system value="https://fhir.nhs.uk/CodeSystem/England-DispensingSitePreference"/>
            <code value="P1"/>
            <display value="Other (e.g. Community Pharmacy)"/>
        </contains>
        <contains>
            <system value="https://fhir.nhs.uk/CodeSystem/England-DispensingSitePreference"/>
            <code value="P2"/>
            <display value="Appliance Contractor"/>
        </contains>
        <contains>
            <system value="https://fhir.nhs.uk/CodeSystem/England-DispensingSitePreference"/>
            <code value="P3"/>
            <display value="Dispensing Doctor"/>
        </contains>
        <contains>
            <system value="https://fhir.nhs.uk/CodeSystem/England-DispensingSitePreference"/>
            <code value="0004"/>
            <display value="None"/>
        </contains>
    </expansion>
</ValueSet>