<ValueSet xmlns="http://hl7.org/fhir">
	<id value="England-DMTaskReasonCode"/>
	<url value="https://fhir.nhs.uk/ValueSet/England-DMTaskReasonCode"/>
	<version value="1.0.0"/>
	<name value="EnglandDMTaskReasonCode"/>
	<title value="England DM Task Reason Code"/>
	<status value="draft"/>
	<experimental value="false"/>
	<date value="2023-06-01"/>
	<publisher value="NHS England"/>
	<contact>
		<name value="NHS England"/>
		<telecom>
			<system value="email"/>
			<value value="interoperabilityteam@nhs.net"/>
			<use value="work"/>
			<rank value="1"/>
		</telecom>
	</contact>
	<description value="Task (MedicationDispense) Reason Code"/>
	<purpose value="Task (MedicationDispense) Reason Code"/>
	<copyright value="Copyright © 2021+ HL7 UK Licensed under the Apache License, Version 2.0 (the \&quot;License\&quot;); you may not use this file except in compliance with the License. You may obtain a copy of the License at  http://www.apache.org/licenses/LICENSE-2.0 Unless required by applicable law or agreed to in writing, software distributed under the License is distributed on an \&quot;AS IS\&quot; BASIS, WITHOUT WARRANTIES OR CONDITIONS OF ANY KIND, either express or implied. See the License for the specific language governing permissions and limitations under the License. HL7® FHIR® standard Copyright © 2011+ HL7 The HL7® FHIR® standard is used under the FHIR license. You may obtain a copy of the FHIR license at  https://www.hl7.org/fhir/license.html."/>
	<compose>
		<include>
			<system value="https://fhir.nhs.uk/CodeSystem/England-EPSTaskDispenseReturnStatusReason"/>
			<version value="1.0.0"/>
		</include>
		<include>
			<system value="https://fhir.nhs.uk/CodeSystem/England-EPSTaskDispenseWithdrawReason"/>
			<version value="1.0.0"/>
		</include>
		<include>
			<system value="https://fhir.nhs.uk/CodeSystem/England-MedicationRequestStatusReason"/>
			<version value="1.0.0"/>
		</include>
	</compose>
	<expansion>
		<timestamp value="2021-09-30T12:00:00+00:00"/>
		<contains>
			<system value="https://fhir.nhs.uk/CodeSystem/England-EPSTaskDispenseWithdrawReason"/>
			<version value="1.0.0"/>
			<code value="DA"/>
			<display value="Dosage Amendments"/>
		</contains>
		<contains>
			<system value="https://fhir.nhs.uk/CodeSystem/England-EPSTaskDispenseWithdrawReason"/>
			<version value="1.0.0"/>
			<code value="PA"/>
			<display value="Patient Details Amendments"/>
		</contains>
		<contains>
			<system value="https://fhir.nhs.uk/CodeSystem/England-EPSTaskDispenseWithdrawReason"/>
			<version value="1.0.0"/>
			<code value="OC"/>
			<display value="Other Clinical"/>
		</contains>
		<contains>
			<system value="https://fhir.nhs.uk/CodeSystem/England-EPSTaskDispenseWithdrawReason"/>
			<version value="1.0.0"/>
			<code value="QU"/>
			<display value="Quantity Update"/>
		</contains>
		<contains>
			<system value="https://fhir.nhs.uk/CodeSystem/England-EPSTaskDispenseWithdrawReason"/>
			<version value="1.0.0"/>
			<code value="ONC"/>
			<display value="Other Non-Clinical"/>
		</contains>
		<contains>
			<system value="https://fhir.nhs.uk/CodeSystem/England-EPSTaskDispenseWithdrawReason"/>
			<version value="1.0.0"/>
			<code value="MU"/>
			<display value="Medication Update"/>
		</contains>
		<contains>
			<system value="https://fhir.nhs.uk/CodeSystem/England-EPSTaskDispenseReturnStatusReason"/>
			<version value="1.0.0"/>
			<code value="0008"/>
			<display value="Prescription expired"/>
		</contains>
		<contains>
			<system value="https://fhir.nhs.uk/CodeSystem/England-EPSTaskDispenseReturnStatusReason"/>
			<version value="1.0.0"/>
			<code value="0007"/>
			<display value="Prescription otherwise invalid or unreadable"/>
		</contains>
		<contains>
			<system value="https://fhir.nhs.uk/CodeSystem/England-EPSTaskDispenseReturnStatusReason"/>
			<version value="1.0.0"/>
			<code value="0006"/>
			<display value="Rejected due to version problem"/>
		</contains>
		<contains>
			<system value="https://fhir.nhs.uk/CodeSystem/England-EPSTaskDispenseReturnStatusReason"/>
			<version value="1.0.0"/>
			<code value="0005"/>
			<display value="Invalid digital signature"/>
		</contains>
		<contains>
			<system value="https://fhir.nhs.uk/CodeSystem/England-EPSTaskDispenseReturnStatusReason"/>
			<version value="1.0.0"/>
			<code value="0004"/>
			<display value="Another dispenser requested release on behalf of the patient"/>
		</contains>
		<contains>
			<system value="https://fhir.nhs.uk/CodeSystem/England-EPSTaskDispenseReturnStatusReason"/>
			<version value="1.0.6"/>
			<code value="0003"/>
			<display value="Patient requested release"/>
		</contains>
		<contains>
			<system value="https://fhir.nhs.uk/CodeSystem/England-EPSTaskDispenseReturnStatusReason"/>
			<version value="1.0.0"/>
			<code value="0002"/>
			<display value="Unable to dispense medication on prescriptions"/>
		</contains>
		<contains>
			<system value="https://fhir.nhs.uk/CodeSystem/England-EPSTaskDispenseReturnStatusReason"/>
			<version value="1.0.0"/>
			<code value="0001"/>
			<display value="Patient non-attendance"/>
		</contains>
		<contains>
			<system value="https://fhir.nhs.uk/CodeSystem/England-MedicationRequestStatusReason"/>
			<code value="0005"/>
			<display value="At the Patients request"/>
		</contains>
		<contains>
			<system value="https://fhir.nhs.uk/CodeSystem/England-MedicationRequestStatusReason"/>
			<code value="0006"/>
			<display value="At the Pharmacists request"/>
		</contains>
		<contains>
			<system value="https://fhir.nhs.uk/CodeSystem/England-MedicationRequestStatusReason"/>
			<code value="0003"/>
			<display value="Change to medication treatment regime"/>
		</contains>
		<contains>
			<system value="https://fhir.nhs.uk/CodeSystem/England-MedicationRequestStatusReason"/>
			<code value="0004"/>
			<display value="Clinical grounds"/>
		</contains>
		<contains>
			<system value="https://fhir.nhs.uk/CodeSystem/England-MedicationRequestStatusReason"/>
			<code value="0001"/>
			<display value="Prescribing Error"/>
		</contains>
		<contains>
			<system value="https://fhir.nhs.uk/CodeSystem/England-MedicationRequestStatusReason"/>
			<code value="0002"/>
			<display value="Clinical contra-indication"/>
		</contains>
		<contains>
			<system value="https://fhir.nhs.uk/CodeSystem/England-MedicationRequestStatusReason"/>
			<code value="0009"/>
			<display value="Patient deducted - registered with new practice"/>
		</contains>
		<contains>
			<system value="https://fhir.nhs.uk/CodeSystem/England-MedicationRequestStatusReason"/>
			<code value="0007"/>
			<display value="Notification of Death"/>
		</contains>
		<contains>
			<system value="https://fhir.nhs.uk/CodeSystem/England-MedicationRequestStatusReason"/>
			<code value="0008"/>
			<display value="Patient deducted - other reason"/>
		</contains>
	</expansion>
</ValueSet>