<ValueSet xmlns="http://hl7.org/fhir">
    <id value="England-ReasonImmunizationNotAdministered" />
    <url value="https://fhir.nhs.uk/ValueSet/England-ReasonImmunizationNotAdministered" />
    <version value="1.0.0" />
    <name value="EnglandReasonImmunizationNotAdministered" />
    <title value="England Reason Immunization Not Administered" />
    <status value="draft" />
    <date value="2023-06-01" />
    <publisher value="NHS England" />
    <contact>
        <name value="NHS England" />
        <telecom>
            <system value="email" />
            <value value="interoperabilityteam@nhs.net" />
            <use value="work" />
            <rank value="1" />
        </telecom>
    </contact>
    <description value="A valuset to identify the reason Immunization was not administered" />
    <copyright value="&quot;Copyright © 2021+ HL7 UK Licensed under the Apache License, Version 2.0 (the \&quot;License\&quot;); you may not use this file except in compliance with the License. You may obtain a copy of the License at  http://www.apache.org/licenses/LICENSE-2.0 Unless required by applicable law or agreed to in writing, software distributed under the License is distributed on an \&quot;AS IS\&quot; BASIS, WITHOUT WARRANTIES OR CONDITIONS OF ANY KIND, either express or implied. See the License for the specific language governing permissions and limitations under the License. HL7® FHIR® standard Copyright © 2011+ HL7 The HL7® FHIR® standard is used under the FHIR license. You may obtain a copy of the FHIR license at  https://www.hl7.org/fhir/license.html.&quot;," />
    <compose>
        <include>
            <system value="http://snomed.info/sct" />
            <filter>
                <property value="constraint" />
                <op value="=" />
                <value value="201741000000102 OR 281399006 OR 213257006 OR 266758009 OR 310376006" />
            </filter>
        </include>
        <include>
            <system value="http://snomed.info/sct" />
            <concept>
                <code value="1324721000000108" />
                <display value="SARS-CoV-2 (severe acute respiratory syndrome coronavirus 2) vaccination dose declined" />
            </concept>
        </include>
    </compose>
</ValueSet>