<ValueSet xmlns="http://hl7.org/fhir">
    <id value="England-PractitionerRoleCode"></id>
    <url value="https://fhir.nhs.uk/ValueSet/England-PractitionerRoleCode"></url>
    <version value="1.0.0"></version>
    <name value="EnglandPractitionerRoleCode"></name>
    <title value="England PractitionerRole Code"></title>
    <status value="draft"></status>
    <date value="2023-06-01"></date>
    <publisher value="NHS England"></publisher>
    <contact>
        <name value="NHS England"></name>
        <telecom>
            <system value="email"></system>
            <value value="interoperabilityteam@nhs.net"></value>
            <use value="work"></use>
			<rank value="1"></rank>
        </telecom>
    </contact>
    <description value="PractitionerRole.code definition"></description>
    <compose>
        <include>
            <system value="https://fhir.nhs.uk/CodeSystem/England-SDSJobRoleCode"></system>
        </include>
        <include>
            <system value="https://fhir.hl7.org.uk/CodeSystem/UKCore-SDSJobRoleName"></system>
        </include>
        <include>
            <valueSet value="https://fhir.nhs.uk/ValueSet/England-PractitionerRoleCode"></valueSet>
        </include>
    </compose>
</ValueSet>