<ValueSet xmlns="http://hl7.org/fhir">
    <id value="England-VaccineCode" />
    <url value="https://fhir.nhs.uk/ValueSet/England-VaccineCode" />
    <version value="1.0.0" />
    <name value="EnglandVaccineCode" />
    <title value="England Vaccine Code" />
    <status value="draft" />
    <date value="2023-06-01" />
    <publisher value="NHS England" />
    <contact>
        <name value="NHS England" />
        <telecom>
            <system value="email" />
            <value value="interoperabilityteam@nhs.net" />
            <use value="work" />
            <rank value="1" />
        </telecom>
    </contact>
    <description value="Local version of UKCore-VaccinationCode to prevent validation errors and timeouts plus dm+d SNOMED CT filters" />
    <copyright value="&quot;Copyright © 2021+ HL7 UK Licensed under the Apache License, Version 2.0 (the \&quot;License\&quot;); you may not use this file except in compliance with the License. You may obtain a copy of the License at  http://www.apache.org/licenses/LICENSE-2.0 Unless required by applicable law or agreed to in writing, software distributed under the License is distributed on an \&quot;AS IS\&quot; BASIS, WITHOUT WARRANTIES OR CONDITIONS OF ANY KIND, either express or implied. See the License for the specific language governing permissions and limitations under the License. HL7® FHIR® standard Copyright © 2011+ HL7 The HL7® FHIR® standard is used under the FHIR license. You may obtain a copy of the FHIR license at  https://www.hl7.org/fhir/license.html.&quot;," />
    <compose>
        <include>
            <system value="https://dmd.nhs.uk" />
        </include>
        <include>
            <system value="http://snomed.info/sct"/>
            <filter>
                <property value="constraint" />
                <op value="=" />
                <value value="(^999000541000001108 |National Health Service dictionary of medicines and devices actual medicinal product simple reference set| OR ^999000551000001106 |National Health Service dictionary of medicines and devices actual medicinal product pack simple reference set| OR ^999000561000001109 |National Health Service dictionary of medicines and devices virtual medicinal product simple reference set| OR ^999000571000001104 |National Health Service dictionary of medicines and devices virtual medicinal product pack simple reference set| OR ^999000561000001109 |National Health Service dictionary of medicines and devices virtual medicinal product simple reference set|)" />
            </filter>
        </include>
        <include>
            <system value="http://terminology.hl7.org/CodeSystem/v3-NullFlavor" />
            <concept>
                <code value="NAVU" />
                <display value="Not available" />
            </concept>
            <concept>
                <code value="UNC" />
                <display value="un-encoded" />
            </concept>
            <concept>
                <code value="UNK" />
                <display value="unknown" />
            </concept>
            <concept>
                <code value="NA" />
                <display value="not applicable" />
            </concept>
        </include>
    </compose>
</ValueSet>