<ValueSet xmlns="http://hl7.org/fhir">
    <id value="England-VaccinationProcedure" />
    <url value="https://fhir.nhs.uk/ValueSet/England-VaccinationProcedure" />
    <version value="1.0.0" />
    <name value="EnglandVaccinationProcedure" />
    <title value="Interim version of UK Core Vaccination Procedure."/>
    <status value="draft" />
    <date value="2023-06-01" />
    <publisher value="NHS England" />
    <contact>
        <name value="NHS England" />
        <telecom>
            <system value="email" />
            <value value="interoperabilityteam@nhs.net" />
            <use value="work" />
            <rank value="1" />
        </telecom>
    </contact>
    <description value="A code from the SNOMED Clinical Terminology UK coding system to record a vaccination procedure. Filters copied from CareConnect equivalent" />
    <copyright value="Copyright &#169; 2020 HL7 UK Licensed under the Apache License, Version 2.0 (the &quot;License&quot;); you may not use this file except in compliance with the License. You may obtain a copy of the License at  http://www.apache.org/licenses/LICENSE-2.0 Unless required by applicable law or agreed to in writing, software distributed under the License is distributed on an &quot;AS IS&quot; BASIS, WITHOUT WARRANTIES OR CONDITIONS OF ANY KIND, either express or implied. See the License for the specific language governing permissions and limitations under the License. HL7&#174; FHIR&#174; standard Copyright &#169; 2011+ HL7  The HL7&#174; FHIR&#174; standard is used under the FHIR license. You may obtain a copy of the FHIR license at  https://www.hl7.org/fhir/license.html." />
    <compose>
        <include>
            <system value="http://snomed.info/sct"/>
            <filter>
               <property value="constraint"/>
               <op value="="/>
               <value value="&lt;&lt;33879002 OR 868241000000109 OR 572421000119102 OR 626071000119103 OR 16298561000119108 OR 571611000119101 OR 170415002 OR 170408005 OR 412743000 OR 7141001 OR 270898008 OR 170399005 OR 14747002 OR 170412004 OR 170405008 OR 170400003 OR 170395004 OR 313188000 OR 51572002 OR 8605003 OR 39568006 OR 275849001 OR 390892002 OR 281040003 OR 275841003 OR 777611000000100 OR 1240491000000103 OR 170413009 OR 170406009 OR 170401004 OR 170396003 OR 313189008 OR 308753004 OR 170409002 OR 170414003 OR 170407000 OR 170402006 OR 170397007 OR 412742005 OR 170425007 OR 170427004 OR 170426008 OR 312867004 OR 570001 OR 787438002 OR 428570002"/>
            </filter>
         </include>
         <include>
            <system value="http://snomed.info/sct"/>
            <filter>
               <property value="constraint"/>
               <op value="="/>
               <value value="&lt;&lt;882761000000103 OR &lt;&lt;1037211000000101 OR &lt;&lt;1037251000000102 OR &lt;&lt;380741000000101 OR &lt;&lt;868511000000106 OR &lt;&lt;908671000000105 OR &lt;&lt;310578008 OR &lt;&lt;382551000000109 OR &lt;&lt;868671000000100 OR &lt;&lt;1066171000000108 OR &lt;&lt;1037231000000109 OR &lt;&lt;1037271000000106 OR &lt;&lt;380771000000107 OR &lt;&lt;713404003"/>
            </filter>
         </include>
         <include>
            <system value="http://snomed.info/sct"/>
            <filter>
               <property value="constraint"/>
               <op value="="/>
               <value value="90351000119108"/>
            </filter>
         </include>
    </compose>
    <expansion>
        <timestamp value="2020-10-07T18:08:05+10:00"/>
        <contains>
            <system value="http://snomed.info/sct"/>
            <code value="957671000000103"/>
            <display value="First meningitis ACW &amp; Y vaccination"/>
        </contains>
        <contains>
            <system value="http://snomed.info/sct"/>
            <code value="416144004"/>
            <display value="Third low dose diphtheria, tetanus and inactivated polio vaccination"/>
        </contains>
        <contains>
            <system value="http://snomed.info/sct"/>
            <code value="281039000"/>
            <display value="Post-school administration of poliomyelitis and tetanus vaccine"/>
        </contains>
        <contains>
            <system value="http://snomed.info/sct"/>
            <code value="412763007"/>
            <display value="Administration of second dose of diphtheria and acellular pertussis and poliomyelitis and tetanus vaccine"/>
        </contains>
        <contains>
            <system value="http://snomed.info/sct"/>
            <code value="515301000000109"/>
            <display value="PANDEMRIX - second influenza A (H1N1v) 2009 vaccination given"/>
        </contains>
        <contains>
            <system value="http://snomed.info/sct"/>
            <code value="1082461000000109"/>
            <display value="Third diphtheria, tetanus and acellular pertussis, inactivated polio, Haemophilus influenzae type b and hepatitis B vaccination"/>
        </contains>
        <contains>
            <system value="http://snomed.info/sct"/>
            <code value="170320003"/>
            <display value="Administration of first dose of diphtheria vaccine"/>
        </contains>
        <contains>
            <system value="http://snomed.info/sct"/>
            <code value="412764001"/>
            <display value="Administration of third dose of diphtheria and acellular pertussis and poliomyelitis and tetanus vaccine"/>
        </contains>
        <contains>
            <system value="http://snomed.info/sct"/>
            <code value="957731000000105"/>
            <display value="Fourth meningitis ACW &amp; Y vaccination"/>
        </contains>
        <contains>
            <system value="http://snomed.info/sct"/>
            <code value="700358002"/>
            <display value="Administration of booster dose of meningitis C vaccine"/>
        </contains>
        <contains>
            <system value="http://snomed.info/sct"/>
            <code value="958401000000107"/>
            <display value="Second meningitis B vaccination given by other healthcare provider"/>
        </contains>
        <contains>
            <system value="http://snomed.info/sct"/>
            <code value="308131000000105"/>
            <display value="Primary immunisation - fourth dose"/>
        </contains>
        <contains>
            <system value="http://snomed.info/sct"/>
            <code value="412762002"/>
            <display value="Administration of first dose of diphtheria and acellular pertussis and poliomyelitis and tetanus vaccine"/>
        </contains>
        <contains>
            <system value="http://snomed.info/sct"/>
            <code value="170346004"/>
            <display value="Administration of booster dose of Haemophilus influenzae type B vaccine"/>
        </contains>
        <contains>
            <system value="http://snomed.info/sct"/>
            <code value="170345000"/>
            <display value="Administration of third dose of Haemophilus influenzae type B vaccine"/>
        </contains>
        <contains>
            <system value="http://snomed.info/sct"/>
            <code value="1239861000000100"/>
            <display value="Seasonal influenza vaccination given in school"/>
        </contains>
        <contains>
            <system value="http://snomed.info/sct"/>
            <code value="201421000000100"/>
            <display value="Booster BCG (Bacillus Calmette-Guerin) vaccination"/>
        </contains>
        <contains>
            <system value="http://snomed.info/sct"/>
            <code value="42284007"/>
            <display value="BCG vaccination"/>
        </contains>
        <contains>
            <system value="http://snomed.info/sct"/>
            <code value="170344001"/>
            <display value="Administration of second dose of Haemophilus influenzae type B vaccine"/>
        </contains>
        <contains>
            <system value="http://snomed.info/sct"/>
            <code value="955681000000106"/>
            <display value="Second intranasal seasonal influenza vaccination given by other healthcare provider"/>
        </contains>
        <contains>
            <system value="http://snomed.info/sct"/>
            <code value="148297000"/>
            <display value="Travel vaccination given"/>
        </contains>
        <contains>
            <system value="http://snomed.info/sct"/>
            <code value="783561000000103"/>
            <display value="Third tick-borne encephalitis vaccination"/>
        </contains>
        <contains>
            <system value="http://snomed.info/sct"/>
            <code value="170343007"/>
            <display value="Administration of first dose of Haemophilus influenzae type B vaccine"/>
        </contains>
        <contains>
            <system value="http://snomed.info/sct"/>
            <code value="414620004"/>
            <display value="Administration of low dose diphtheria and acellular pertussis five component and inactivated poliomyelitis and tetanus vaccine"/>
        </contains>
        <contains>
            <system value="http://snomed.info/sct"/>
            <code value="433733003"/>
            <display value="Administration of second dose of measles and mumps and rubella and varicella virus vaccine"/>
        </contains>
        <contains>
            <system value="http://snomed.info/sct"/>
            <code value="151031000119109"/>
            <display value="Rubella vaccination given"/>
        </contains>
        <contains>
            <system value="http://snomed.info/sct"/>
            <code value="140611000119104"/>
            <display value="Human papilloma virus type 16 and 18 vaccination given"/>
        </contains>
        <contains>
            <system value="http://snomed.info/sct"/>
            <code value="170342002"/>
            <display value="Administration of booster dose of anthrax vaccine"/>
        </contains>
        <contains>
            <system value="http://snomed.info/sct"/>
            <code value="724332002"/>
            <display value="Administration of Human papillomavirus 9 vaccine"/>
        </contains>
        <contains>
            <system value="http://snomed.info/sct"/>
            <code value="170331006"/>
            <display value="Administration of second dose of tetanus vaccine"/>
        </contains>
        <contains>
            <system value="http://snomed.info/sct"/>
            <code value="170334003"/>
            <display value="Administration of final dose of tetanus vaccine"/>
        </contains>
        <contains>
            <system value="http://snomed.info/sct"/>
            <code value="571631000119106"/>
            <display value="Administration of pneumococcal polysaccharide 23 valent vaccine"/>
        </contains>
        <contains>
            <system value="http://snomed.info/sct"/>
            <code value="170333009"/>
            <display value="Administration of booster dose of tetanus vaccine"/>
        </contains>
        <contains>
            <system value="http://snomed.info/sct"/>
            <code value="22850005"/>
            <display value="Immunisation for autoimmune disease"/>
        </contains>
        <contains>
            <system value="http://snomed.info/sct"/>
            <code value="417211006"/>
            <display value="Administration of first booster of low dose diphtheria and inactivated poliomyelitis and tetanus vaccine"/>
        </contains>
        <contains>
            <system value="http://snomed.info/sct"/>
            <code value="150981000119101"/>
            <display value="Mumps vaccination given"/>
        </contains>
        <contains>
            <system value="http://snomed.info/sct"/>
            <code value="170332004"/>
            <display value="Administration of third dose of tetanus vaccine"/>
        </contains>
        <contains>
            <system value="http://snomed.info/sct"/>
            <code value="734152003"/>
            <display value="Administration of quadrivalent HPV (human papillomavirus) vaccine"/>
        </contains>
        <contains>
            <system value="http://snomed.info/sct"/>
            <code value="770618004"/>
            <display value="Administration of third dose of diphtheria and Haemophilus influenzae type B and hepatitis B and pertussis and tetanus vaccine"/>
        </contains>
        <contains>
            <system value="http://snomed.info/sct"/>
            <code value="16300531000119107"/>
            <display value="Human papillomavirus type 9 vaccination given"/>
        </contains>
        <contains>
            <system value="http://snomed.info/sct"/>
            <code value="99501000119107"/>
            <display value="Human papilloma virus vaccination given"/>
        </contains>
        <contains>
            <system value="http://snomed.info/sct"/>
            <code value="572431000119104"/>
            <display value="Administration of typhoid VI capsular polysaccharide vaccine via intramuscular route"/>
        </contains>
        <contains>
            <system value="http://snomed.info/sct"/>
            <code value="571511000119102"/>
            <display value="Administration of adult hepatitis A vaccine"/>
        </contains>
        <contains>
            <system value="http://snomed.info/sct"/>
            <code value="310551000000106"/>
            <display value="Booster diphtheria tetanus and five component acellular pertussis, haemophilus influenzae type b, inactivated polio vaccination"/>
        </contains>
        <contains>
            <system value="http://snomed.info/sct"/>
            <code value="412757003"/>
            <display value="Administration of third dose of diphtheria and acellular pertussis and tetanus vaccine"/>
        </contains>
        <contains>
            <system value="http://snomed.info/sct"/>
            <code value="170317006"/>
            <display value="Administration of second dose of typhoid vaccine"/>
        </contains>
        <contains>
            <system value="http://snomed.info/sct"/>
            <code value="170381002"/>
            <display value="Administration of booster dose of hepatitis A vaccine"/>
        </contains>
        <contains>
            <system value="http://snomed.info/sct"/>
            <code value="572511000119105"/>
            <display value="Administration of live attenuated measles and mumps and rubella and varicella-zoster vaccine"/>
        </contains>
        <contains>
            <system value="http://snomed.info/sct"/>
            <code value="105941000119105"/>
            <display value="Herpes zoster vaccination given"/>
        </contains>
        <contains>
            <system value="http://snomed.info/sct"/>
            <code value="170429001"/>
            <display value="2nd HiB and DTP vaccine given"/>
        </contains>
        <contains>
            <system value="http://snomed.info/sct"/>
            <code value="247651000000108"/>
            <display value="Third pneumococcal conjugated vaccination"/>
        </contains>
        <contains>
            <system value="http://snomed.info/sct"/>
            <code value="414259000"/>
            <display value="Administration of first dose of diphtheria and Haemophilus influenza B and five component acellular pertussis and inactivated poliomyelitis and tetanus vaccine"/>
        </contains>
        <contains>
            <system value="http://snomed.info/sct"/>
            <code value="395180002"/>
            <display value="Administration of third dose of low dose diphtheria and tetanus vaccine"/>
        </contains>
        <contains>
            <system value="http://snomed.info/sct"/>
            <code value="308111000000102"/>
            <display value="Primary immunisation - second dose"/>
        </contains>
        <contains>
            <system value="http://snomed.info/sct"/>
            <code value="170318001"/>
            <display value="Administration of booster dose of typhoid vaccine"/>
        </contains>
        <contains>
            <system value="http://snomed.info/sct"/>
            <code value="955661000000102"/>
            <display value="First intranasal seasonal influenza vaccination given by other healthcare provider"/>
        </contains>
        <contains>
            <system value="http://snomed.info/sct"/>
            <code value="170421003"/>
            <display value="Administration of booster dose of poliomyelitis and tetanus vaccine"/>
        </contains>
        <contains>
            <system value="http://snomed.info/sct"/>
            <code value="395181003"/>
            <display value="Administration of booster dose of low dose diphtheria and tetanus vaccine"/>
        </contains>
        <contains>
            <system value="http://snomed.info/sct"/>
            <code value="868267006"/>
            <display value="Administration of first dose of diphtheria, poliomyelitis, and tetanus vaccine"/>
        </contains>
        <contains>
            <system value="http://snomed.info/sct"/>
            <code value="957711000000102"/>
            <display value="Third meningitis ACW &amp; Y vaccination"/>
        </contains>
        <contains>
            <system value="http://snomed.info/sct"/>
            <code value="1082441000000108"/>
            <display value="First diphtheria, tetanus and acellular pertussis, inactivated polio, Haemophilus influenzae type b and hepatitis B vaccination"/>
        </contains>
        <contains>
            <system value="http://snomed.info/sct"/>
            <code value="415507003"/>
            <display value="Administration of second dose of diphtheria and Haemophilus influenza B and five component acellular pertussis and inactivated poliomyelitis and tetanus vaccine"/>
        </contains>
        <contains>
            <system value="http://snomed.info/sct"/>
            <code value="865081000000104"/>
            <display value="Second hepatitis B junior vaccination"/>
        </contains>
        <contains>
            <system value="http://snomed.info/sct"/>
            <code value="720540002"/>
            <display value="Administration of second dose of meningitis B vaccine"/>
        </contains>
        <contains>
            <system value="http://snomed.info/sct"/>
            <code value="170366008"/>
            <display value="Administration of second dose of rabies vaccine"/>
        </contains>
        <contains>
            <system value="http://snomed.info/sct"/>
            <code value="865151000000106"/>
            <display value="First combined paediatric hepatitis A and B vaccination"/>
        </contains>
        <contains>
            <system value="http://snomed.info/sct"/>
            <code value="572391000119109"/>
            <display value="Administration of rabies vaccine via intramuscular route"/>
        </contains>
        <contains>
            <system value="http://snomed.info/sct"/>
            <code value="314178008"/>
            <display value="Administration of first dose of hepatitis A and typhoid vaccine"/>
        </contains>
        <contains>
            <system value="http://snomed.info/sct"/>
            <code value="571591000119106"/>
            <display value="Administration of live attenuated measles, mumps, and rubella vaccine"/>
        </contains>
        <contains>
            <system value="http://snomed.info/sct"/>
            <code value="871728006"/>
            <display value="Administration of live attenuated Salmonella enterica subspecies enterica serovar Typhi antigen only vaccine product via oral route"/>
        </contains>
        <contains>
            <system value="http://snomed.info/sct"/>
            <code value="1037011000000108"/>
            <display value="Booster meningitis B vaccination given by other healthcare provider"/>
        </contains>
        <contains>
            <system value="http://snomed.info/sct"/>
            <code value="98331000119100"/>
            <display value="Rotavirus vaccination given"/>
        </contains>
        <contains>
            <system value="http://snomed.info/sct"/>
            <code value="820741000000108"/>
            <display value="Supplemental pneumococcal conjugated vaccination"/>
        </contains>
        <contains>
            <system value="http://snomed.info/sct"/>
            <code value="151021000119106"/>
            <display value="Rabies vaccination given"/>
        </contains>
        <contains>
            <system value="http://snomed.info/sct"/>
            <code value="712833000"/>
            <display value="Administration of second dose of Haemophilus influenzae type B and meningitis C vaccine"/>
        </contains>
        <contains>
            <system value="http://snomed.info/sct"/>
            <code value="515291000000105"/>
            <display value="CELVAPAN - first influenza A (H1N1v) 2009 vaccination given"/>
        </contains>
        <contains>
            <system value="http://snomed.info/sct"/>
            <code value="712834006"/>
            <display value="Administration of first dose of Haemophilus influenzae type B and meningitis C vaccine"/>
        </contains>
        <contains>
            <system value="http://snomed.info/sct"/>
            <code value="428975001"/>
            <display value="Administration of Haemophilus influenzae type B and meningitis C vaccine"/>
        </contains>
        <contains>
            <system value="http://snomed.info/sct"/>
            <code value="868268001"/>
            <display value="Administration of third dose of diphtheria, poliomyelitis, and tetanus vaccine"/>
        </contains>
        <contains>
            <system value="http://snomed.info/sct"/>
            <code value="720544006"/>
            <display value="Administration of booster dose of meningitis B vaccine"/>
        </contains>
        <contains>
            <system value="http://snomed.info/sct"/>
            <code value="859641000000109"/>
            <display value="Herpes zoster vaccination"/>
        </contains>
        <contains>
            <system value="http://snomed.info/sct"/>
            <code value="865191000000103"/>
            <display value="Third combined paediatric hepatitis A and B vaccination"/>
        </contains>
        <contains>
            <system value="http://snomed.info/sct"/>
            <code value="770617009"/>
            <display value="Administration of second dose of diphtheria and Haemophilus influenzae type B and hepatitis B and pertussis and tetanus vaccine"/>
        </contains>
        <contains>
            <system value="http://snomed.info/sct"/>
            <code value="865061000000108"/>
            <display value="First hepatitis B junior vaccination"/>
        </contains>
        <contains>
            <system value="http://snomed.info/sct"/>
            <code value="770616000"/>
            <display value="Administration of first dose of diphtheria and Haemophilus influenzae type B and hepatitis B and pertussis and tetanus vaccine"/>
        </contains>
        <contains>
            <system value="http://snomed.info/sct"/>
            <code value="283541000000106"/>
            <display value="Oral administration of vaccine"/>
        </contains>
        <contains>
            <system value="http://snomed.info/sct"/>
            <code value="201391000000106"/>
            <display value="Booster influenza vaccination"/>
        </contains>
        <contains>
            <system value="http://snomed.info/sct"/>
            <code value="783521000000106"/>
            <display value="First tick-borne encephalitis vaccination"/>
        </contains>
        <contains>
            <system value="http://snomed.info/sct"/>
            <code value="281658005"/>
            <display value="Administration of tick-borne encephalitis vaccine"/>
        </contains>
        <contains>
            <system value="http://snomed.info/sct"/>
            <code value="170330007"/>
            <display value="Administration of first dose of tetanus vaccine"/>
        </contains>
        <contains>
            <system value="http://snomed.info/sct"/>
            <code value="127786006"/>
            <display value="Administration of tetanus vaccine"/>
        </contains>
        <contains>
            <system value="http://snomed.info/sct"/>
            <code value="390865008"/>
            <display value="Administration of booster dose of diphtheria and acellular pertussis and poliomyelitis and tetanus vaccine"/>
        </contains>
        <contains>
            <system value="http://snomed.info/sct"/>
            <code value="247821000000102"/>
            <display value="Booster diphtheria, tetanus, acellular pertussis and inactivated polio vaccination"/>
        </contains>
        <contains>
            <system value="http://snomed.info/sct"/>
            <code value="720537002"/>
            <display value="Administration of meningitis B vaccine"/>
        </contains>
        <contains>
            <system value="http://snomed.info/sct"/>
            <code value="866185003"/>
            <display value="Administration of first dose of diphtheria and tetanus vaccine"/>
        </contains>
        <contains>
            <system value="http://snomed.info/sct"/>
            <code value="572561000119108"/>
            <display value="Administration of diphtheria and hepatitis B and acellular pertussis and inactivated poliomyelitis and tetanus vaccine"/>
        </contains>
        <contains>
            <system value="http://snomed.info/sct"/>
            <code value="866184004"/>
            <display value="Administration of second dose of diphtheria and tetanus vaccine"/>
        </contains>
        <contains>
            <system value="http://snomed.info/sct"/>
            <code value="151071000119107"/>
            <display value="Bacillus Calmette-Guerin vaccination given"/>
        </contains>
        <contains>
            <system value="http://snomed.info/sct"/>
            <code value="247631000000101"/>
            <display value="First pneumococcal conjugated vaccination"/>
        </contains>
        <contains>
            <system value="http://snomed.info/sct"/>
            <code value="720539004"/>
            <display value="Administration of first dose of meningitis B vaccine"/>
        </contains>
        <contains>
            <system value="http://snomed.info/sct"/>
            <code value="315335004"/>
            <display value="Administration of booster dose of Japanese encephalitis vaccine"/>
        </contains>
        <contains>
            <system value="http://snomed.info/sct"/>
            <code value="1037311000000106"/>
            <display value="First intranasal seasonal influenza vaccination given by pharmacist"/>
        </contains>
        <contains>
            <system value="http://snomed.info/sct"/>
            <code value="734154002"/>
            <display value="Administration of human papilloma virus type 6, 11, 16, and 18 vaccine done"/>
        </contains>
        <contains>
            <system value="http://snomed.info/sct"/>
            <code value="135231000119103"/>
            <display value="Intranasal influenza vaccination given"/>
        </contains>
        <contains>
            <system value="http://snomed.info/sct"/>
            <code value="44004000"/>
            <display value="Staphylococcus vaccination"/>
        </contains>
        <contains>
            <system value="http://snomed.info/sct"/>
            <code value="308101000000104"/>
            <display value="Primary immunisation - first dose"/>
        </contains>
        <contains>
            <system value="http://snomed.info/sct"/>
            <code value="866226006"/>
            <display value="Administration of third dose of diphtheria, pertussis, and tetanus vaccine"/>
        </contains>
        <contains>
            <system value="http://snomed.info/sct"/>
            <code value="571571000119105"/>
            <display value="Administration of diphtheria and acellular pertussis and tetanus vaccine"/>
        </contains>
        <contains>
            <system value="http://snomed.info/sct"/>
            <inactive value="true"/>
            <code value="308753004"/>
            <display value="Subcutaneous injection of Pneumovax II"/>
        </contains>
        <contains>
            <system value="http://snomed.info/sct"/>
            <code value="866227002"/>
            <display value="Administration of booster dose of diphtheria, poliomyelitis, and tetanus vaccine"/>
        </contains>
        <contains>
            <system value="http://snomed.info/sct"/>
            <code value="965851000000105"/>
            <display value="Human papillomavirus vaccination given by other healthcare provider"/>
        </contains>
        <contains>
            <system value="http://snomed.info/sct"/>
            <code value="50069008"/>
            <display value="Administration of plague vaccine"/>
        </contains>
        <contains>
            <system value="http://snomed.info/sct"/>
            <code value="50583002"/>
            <display value="Administration of mumps vaccine"/>
        </contains>
        <contains>
            <system value="http://snomed.info/sct"/>
            <code value="866161006"/>
            <display value="Administration of booster dose of diphtheria and tetanus vaccine"/>
        </contains>
        <contains>
            <system value="http://snomed.info/sct"/>
            <code value="396455004"/>
            <display value="Administration of Lyme disease vaccine"/>
        </contains>
        <contains>
            <system value="http://snomed.info/sct"/>
            <code value="1082431000000104"/>
            <display value="Diphtheria, tetanus and acellular pertussis, inactivated polio, Haemophilus influenzae type b and hepatitis B vaccination"/>
        </contains>
        <contains>
            <system value="http://snomed.info/sct"/>
            <code value="170338000"/>
            <display value="Administration of first dose of anthrax vaccine"/>
        </contains>
        <contains>
            <system value="http://snomed.info/sct"/>
            <code value="49598002"/>
            <display value="Administration of anthrax vaccine"/>
        </contains>
        <contains>
            <system value="http://snomed.info/sct"/>
            <code value="1324681000000101"/>
            <display value="Administration of first dose of SARS-CoV-2 (severe acute respiratory syndrome coronavirus 2) vaccine"/>
        </contains>
        <contains>
            <system value="http://snomed.info/sct"/>
            <code value="840534001"/>
            <display value="SARS-CoV-2 (severe acute respiratory syndrome coronavirus 2) vaccination"/>
        </contains>
        <contains>
            <system value="http://snomed.info/sct"/>
            <code value="90640007"/>
            <display value="Coronavirus vaccination"/>
        </contains>
        <contains>
            <system value="http://snomed.info/sct"/>
            <code value="22989000"/>
            <display value="Vaccination for arthropod-borne virus"/>
        </contains>
        <contains>
            <system value="http://snomed.info/sct"/>
            <code value="390846000"/>
            <display value="Administration of booster dose of diphtheria and acellular pertussis and tetanus vaccine"/>
        </contains>
        <contains>
            <system value="http://snomed.info/sct"/>
            <code value="958441000000105"/>
            <display value="Fourth meningitis B vaccination given by other healthcare provider"/>
        </contains>
        <contains>
            <system value="http://snomed.info/sct"/>
            <code value="170311007"/>
            <display value="Administration of first dose of cholera vaccine"/>
        </contains>
        <contains>
            <system value="http://snomed.info/sct"/>
            <code value="28877009"/>
            <display value="Administration of cholera vaccine"/>
        </contains>
        <contains>
            <system value="http://snomed.info/sct"/>
            <code value="170339008"/>
            <display value="Administration of second dose of anthrax vaccine"/>
        </contains>
        <contains>
            <system value="http://snomed.info/sct"/>
            <code value="985151000000100"/>
            <display value="Administration of first inactivated seasonal influenza vaccination"/>
        </contains>
        <contains>
            <system value="http://snomed.info/sct"/>
            <code value="822851000000102"/>
            <display value="Seasonal influenza vaccination"/>
        </contains>
        <contains>
            <system value="http://snomed.info/sct"/>
            <inactive value="true"/>
            <code value="8605003"/>
            <display value="Immunisation for bordetella"/>
        </contains>
        <contains>
            <system value="http://snomed.info/sct"/>
            <code value="868266002"/>
            <display value="Administration of second dose of diphtheria, poliomyelitis, and tetanus vaccine"/>
        </contains>
        <contains>
            <system value="http://snomed.info/sct"/>
            <code value="425897001"/>
            <display value="Administration of first dose of Varicella-zoster vaccine for chickenpox"/>
        </contains>
        <contains>
            <system value="http://snomed.info/sct"/>
            <code value="170420002"/>
            <display value="Administration of third dose of poliomyelitis and tetanus vaccine"/>
        </contains>
        <contains>
            <system value="http://snomed.info/sct"/>
            <code value="170316002"/>
            <display value="Administration of first dose of typhoid vaccine"/>
        </contains>
        <contains>
            <system value="http://snomed.info/sct"/>
            <code value="571641000119102"/>
            <display value="Administration of meningitis polysaccharide vaccine"/>
        </contains>
        <contains>
            <system value="http://snomed.info/sct"/>
            <code value="247641000000105"/>
            <display value="Second pneumococcal conjugated vaccination"/>
        </contains>
        <contains>
            <system value="http://snomed.info/sct"/>
            <code value="170380001"/>
            <display value="Administration of third dose of hepatitis A vaccine"/>
        </contains>
        <contains>
            <system value="http://snomed.info/sct"/>
            <code value="170365007"/>
            <display value="Administration of first dose of rabies vaccine"/>
        </contains>
        <contains>
            <system value="http://snomed.info/sct"/>
            <code value="170364006"/>
            <display value="Measles vaccination plus immunoglobulin"/>
        </contains>
        <contains>
            <system value="http://snomed.info/sct"/>
            <code value="416591003"/>
            <display value="Administration of first dose of low dose diphtheria and inactivated poliomyelitis and tetanus vaccine"/>
        </contains>
        <contains>
            <system value="http://snomed.info/sct"/>
            <code value="170428009"/>
            <display value="1st HiB and DTP vaccine given"/>
        </contains>
        <contains>
            <system value="http://snomed.info/sct"/>
            <code value="39031000119103"/>
            <display value="Viral hepatitis B vaccination given"/>
        </contains>
        <contains>
            <system value="http://snomed.info/sct"/>
            <code value="170361003"/>
            <display value="Administration of third dose of smallpox vaccine"/>
        </contains>
        <contains>
            <system value="http://snomed.info/sct"/>
            <code value="170312000"/>
            <display value="Administration of second dose of cholera vaccine"/>
        </contains>
        <contains>
            <system value="http://snomed.info/sct"/>
            <code value="412756007"/>
            <display value="Administration of second dose of diphtheria and acellular pertussis and tetanus vaccine"/>
        </contains>
        <contains>
            <system value="http://snomed.info/sct"/>
            <code value="396456003"/>
            <display value="Administration of diphtheria and hepatitis B and inactivated poliomyelitis and acellular pertussis vaccine"/>
        </contains>
        <contains>
            <system value="http://snomed.info/sct"/>
            <code value="958381000000107"/>
            <display value="First meningitis B vaccination given by other healthcare provider"/>
        </contains>
        <contains>
            <system value="http://snomed.info/sct"/>
            <code value="314179000"/>
            <display value="Administration of second hepatitis A and typhoid vaccine"/>
        </contains>
        <contains>
            <system value="http://snomed.info/sct"/>
            <code value="1082451000000106"/>
            <display value="Second diphtheria, tetanus and acellular pertussis, inactivated polio, Haemophilus influenzae type b and hepatitis B vaccination"/>
        </contains>
        <contains>
            <system value="http://snomed.info/sct"/>
            <code value="170341009"/>
            <display value="Administration of fourth dose of anthrax vaccine"/>
        </contains>
        <contains>
            <system value="http://snomed.info/sct"/>
            <code value="884881000000109"/>
            <display value="Administration of second intranasal seasonal influenza vaccination"/>
        </contains>
        <contains>
            <system value="http://snomed.info/sct"/>
            <code value="871833000"/>
            <display value="Subcutaneous injection of pneumococcal vaccine"/>
        </contains>
        <contains>
            <system value="http://snomed.info/sct"/>
            <code value="170340005"/>
            <display value="Administration of third dose of anthrax vaccine"/>
        </contains>
        <contains>
            <system value="http://snomed.info/sct"/>
            <code value="16292771000119109"/>
            <display value="Administration of inactivated poliomyelitis vaccine"/>
        </contains>
        <contains>
            <system value="http://snomed.info/sct"/>
            <code value="416059007"/>
            <display value="Administration of booster dose of rabies vaccine"/>
        </contains>
        <contains>
            <system value="http://snomed.info/sct"/>
            <code value="1324631000000100"/>
            <display value="Pneumococcal vaccination given by other healthcare provider"/>
        </contains>
        <contains>
            <system value="http://snomed.info/sct"/>
            <code value="985171000000109"/>
            <display value="Administration of second inactivated seasonal influenza vaccination"/>
        </contains>
        <contains>
            <system value="http://snomed.info/sct"/>
            <code value="300038004"/>
            <display value="Administration of booster dose of pertussis vaccine"/>
        </contains>
        <contains>
            <system value="http://snomed.info/sct"/>
            <code value="871899004"/>
            <display value="Administration of live attenuated Human alphaherpesvirus 3 vaccine via subcutaneous route"/>
        </contains>
        <contains>
            <system value="http://snomed.info/sct"/>
            <code value="871898007"/>
            <display value="Administration of live attenuated Human alphaherpesvirus 3 vaccine"/>
        </contains>
        <contains>
            <system value="http://snomed.info/sct"/>
            <code value="151011000119104"/>
            <display value="Poliomyelitis vaccination given"/>
        </contains>
        <contains>
            <system value="http://snomed.info/sct"/>
            <code value="515281000000108"/>
            <display value="PANDEMRIX - first influenza A (H1N1v) 2009 vaccination given"/>
        </contains>
        <contains>
            <system value="http://snomed.info/sct"/>
            <code value="884861000000100"/>
            <display value="Administration of first intranasal seasonal influenza vaccination"/>
        </contains>
        <contains>
            <system value="http://snomed.info/sct"/>
            <code value="170313005"/>
            <display value="Administration of booster dose of cholera vaccine"/>
        </contains>
        <contains>
            <system value="http://snomed.info/sct"/>
            <code value="312869001"/>
            <display value="Administration of diphtheria and Haemophilus influenzae type B and poliomyelitis and tetanus vaccine"/>
        </contains>
        <contains>
            <system value="http://snomed.info/sct"/>
            <code value="868631000000102"/>
            <display value="First rotavirus vaccination"/>
        </contains>
        <contains>
            <system value="http://snomed.info/sct"/>
            <code value="412755006"/>
            <display value="Administration of first dose of diphtheria and acellular pertussis and tetanus vaccine"/>
        </contains>
        <contains>
            <system value="http://snomed.info/sct"/>
            <code value="307416007"/>
            <display value="Administration of first dose of smallpox vaccine"/>
        </contains>
        <contains>
            <system value="http://snomed.info/sct"/>
            <code value="40001004"/>
            <display value="Administration of smallpox vaccine"/>
        </contains>
        <contains>
            <system value="http://snomed.info/sct"/>
            <code value="170360002"/>
            <display value="Administration of second dose of smallpox vaccine"/>
        </contains>
        <contains>
            <system value="http://snomed.info/sct"/>
            <code value="891891000000107"/>
            <display value="Fifth rabies vaccination"/>
        </contains>
        <contains>
            <system value="http://snomed.info/sct"/>
            <code value="842861000000101"/>
            <display value="Post exposure diphtheria, tetanus, acellular pertussis and inactivated polio vaccination"/>
        </contains>
        <contains>
            <system value="http://snomed.info/sct"/>
            <code value="1324691000000104"/>
            <display value="Administration of second dose of SARS-CoV-2 (severe acute respiratory syndrome coronavirus 2) vaccine"/>
        </contains>
        <contains>
            <system value="http://snomed.info/sct"/>
            <code value="871751000000104"/>
            <display value="Administration of first intranasal influenza vaccination"/>
        </contains>
        <contains>
            <system value="http://snomed.info/sct"/>
            <code value="1091001000000108"/>
            <display value="Combined measles and rubella vaccination"/>
        </contains>
        <contains>
            <system value="http://snomed.info/sct"/>
            <code value="70322007"/>
            <display value="Immunisation in infancy"/>
        </contains>
        <contains>
            <system value="http://snomed.info/sct"/>
            <code value="283431000000103"/>
            <display value="Intramuscular injection of vaccine"/>
        </contains>
        <contains>
            <system value="http://snomed.info/sct"/>
            <code value="82314000"/>
            <display value="Administration of rubella vaccine"/>
        </contains>
        <contains>
            <system value="http://snomed.info/sct"/>
            <code value="783541000000104"/>
            <display value="Second tick-borne encephalitis vaccination"/>
        </contains>
        <contains>
            <system value="http://snomed.info/sct"/>
            <code value="792896000"/>
            <display value="Administration of measles and rubella vaccine"/>
        </contains>
        <contains>
            <system value="http://snomed.info/sct"/>
            <code value="868651000000109"/>
            <display value="Second rotavirus vaccination"/>
        </contains>
        <contains>
            <system value="http://snomed.info/sct"/>
            <code value="170367004"/>
            <display value="Administration of third dose of rabies vaccine"/>
        </contains>
        <contains>
            <system value="http://snomed.info/sct"/>
            <code value="11842003"/>
            <display value="Rocky Mountain spotted fever vaccination"/>
        </contains>
        <contains>
            <system value="http://snomed.info/sct"/>
            <code value="1037331000000103"/>
            <display value="Second intranasal seasonal influenza vaccination given by pharmacist"/>
        </contains>
        <contains>
            <system value="http://snomed.info/sct"/>
            <code value="314450000"/>
            <display value="Administration of single dose of meningitis C vaccine"/>
        </contains>
        <contains>
            <system value="http://snomed.info/sct"/>
            <code value="14747002"/>
            <display value="Elective immunisation for international travel"/>
        </contains>
        <contains>
            <system value="http://snomed.info/sct"/>
            <code value="870669000"/>
            <display value="Preschool administration of diphtheria and tetanus vaccine"/>
        </contains>
        <contains>
            <system value="http://snomed.info/sct"/>
            <code value="308121000000108"/>
            <display value="Primary immunisation - third dose"/>
        </contains>
        <contains>
            <system value="http://snomed.info/sct"/>
            <code value="870668008"/>
            <display value="Administration of third dose of diphtheria and tetanus vaccine"/>
        </contains>
        <contains>
            <system value="http://snomed.info/sct"/>
            <code value="955671000000109"/>
            <display value="Second intramuscular seasonal influenza vaccination given by other healthcare provider"/>
        </contains>
        <contains>
            <system value="http://snomed.info/sct"/>
            <code value="314762002"/>
            <display value="Administration of second dose of Japanese encephalitis vaccine"/>
        </contains>
        <contains>
            <system value="http://snomed.info/sct"/>
            <code value="314759000"/>
            <display value="Administration of Japanese encephalitis vaccine"/>
        </contains>
        <contains>
            <system value="http://snomed.info/sct"/>
            <code value="150961000119105"/>
            <display value="Measles vaccination given"/>
        </contains>
        <contains>
            <system value="http://snomed.info/sct"/>
            <code value="170370000"/>
            <display value="Administration of first dose of hepatitis B vaccine"/>
        </contains>
        <contains>
            <system value="http://snomed.info/sct"/>
            <code value="314761009"/>
            <display value="Administration of first dose of Japanese encephalitis vaccine"/>
        </contains>
        <contains>
            <system value="http://snomed.info/sct"/>
            <code value="335051000000104"/>
            <display value="Booster diphtheria, tetanus, acellular pertussis, haemophilus influenzae type b, inactivated polio vaccination"/>
        </contains>
        <contains>
            <system value="http://snomed.info/sct"/>
            <code value="170371001"/>
            <display value="Administration of second dose of hepatitis B vaccine"/>
        </contains>
        <contains>
            <system value="http://snomed.info/sct"/>
            <code value="151051000119103"/>
            <display value="Diphtheria and tetanus vaccination given"/>
        </contains>
        <contains>
            <system value="http://snomed.info/sct"/>
            <code value="735981009"/>
            <display value="Administration of pneumococcal 7-valent conjugate vaccine"/>
        </contains>
        <contains>
            <system value="http://snomed.info/sct"/>
            <code value="12866006"/>
            <display value="Administration of pneumococcal vaccine"/>
        </contains>
        <contains>
            <system value="http://snomed.info/sct"/>
            <code value="632481000119106"/>
            <display value="Administration of diphtheria and tetanus vaccine, less than 7 years of age"/>
        </contains>
        <contains>
            <system value="http://snomed.info/sct"/>
            <code value="395178008"/>
            <display value="Administration of first dose of low dose diphtheria and tetanus vaccine"/>
        </contains>
        <contains>
            <system value="http://snomed.info/sct"/>
            <code value="871828004"/>
            <display value="Administration of low dose diphtheria and tetanus vaccine"/>
        </contains>
        <contains>
            <system value="http://snomed.info/sct"/>
            <code value="786846001"/>
            <display value="Administration of Haemophilus influenzae type b and hepatitis B vaccine"/>
        </contains>
        <contains>
            <system value="http://snomed.info/sct"/>
            <code value="127787002"/>
            <display value="Administration of Haemophilus influenzae type B vaccine"/>
        </contains>
        <contains>
            <system value="http://snomed.info/sct"/>
            <code value="72093006"/>
            <display value="Administration of poliomyelitis vaccine"/>
        </contains>
        <contains>
            <system value="http://snomed.info/sct"/>
            <code value="67308009"/>
            <display value="Administration of yellow fever vaccine"/>
        </contains>
        <contains>
            <system value="http://snomed.info/sct"/>
            <code value="314763007"/>
            <display value="Administration of third dose of Japanese encephalitis vaccine"/>
        </contains>
        <contains>
            <system value="http://snomed.info/sct"/>
            <code value="428502009"/>
            <display value="Administration of second dose of Varicella-zoster vaccine for chickenpox"/>
        </contains>
        <contains>
            <system value="http://snomed.info/sct"/>
            <code value="737081007"/>
            <display value="Administration of Varicella-zoster vaccine for chickenpox"/>
        </contains>
        <contains>
            <system value="http://snomed.info/sct"/>
            <code value="170374009"/>
            <display value="Administration of fourth dose of hepatitis B vaccine"/>
        </contains>
        <contains>
            <system value="http://snomed.info/sct"/>
            <code value="117841000119108"/>
            <display value="Typhoid vaccination given"/>
        </contains>
        <contains>
            <system value="http://snomed.info/sct"/>
            <code value="626061000119109"/>
            <display value="Administration of pentavalent live attenuated rotavirus vaccine via oral route"/>
        </contains>
        <contains>
            <system value="http://snomed.info/sct"/>
            <code value="415354003"/>
            <display value="Administration of rotavirus vaccine"/>
        </contains>
        <contains>
            <system value="http://snomed.info/sct"/>
            <code value="884841000000101"/>
            <display value="Administration of second intranasal pandemic influenza vaccination"/>
        </contains>
        <contains>
            <system value="http://snomed.info/sct"/>
            <code value="956951000000104"/>
            <display value="Pertussis vaccination in pregnancy"/>
        </contains>
        <contains>
            <system value="http://snomed.info/sct"/>
            <code value="132751000119107"/>
            <display value="Diphtheria, tetanus and acellular pertussis vaccination given"/>
        </contains>
        <contains>
            <system value="http://snomed.info/sct"/>
            <code value="73152006"/>
            <display value="Administration of diphtheria and tetanus vaccine"/>
        </contains>
        <contains>
            <system value="http://snomed.info/sct"/>
            <code value="394678003"/>
            <display value="Administration of booster dose of pneumococcal vaccine"/>
        </contains>
        <contains>
            <system value="http://snomed.info/sct"/>
            <code value="865121000000101"/>
            <display value="Fourth hepatitis B junior vaccination"/>
        </contains>
        <contains>
            <system value="http://snomed.info/sct"/>
            <code value="787436003"/>
            <display value="Administration of diphtheria and Haemophilus influenzae type B and pertussis and tetanus vaccine"/>
        </contains>
        <contains>
            <system value="http://snomed.info/sct"/>
            <code value="415712004"/>
            <display value="Administration of third dose of diphtheria and Haemophilus influenza B and five component acellular pertussis and inactivated poliomyelitis and tetanus vaccine"/>
        </contains>
        <contains>
            <system value="http://snomed.info/sct"/>
            <code value="786847005"/>
            <display value="Administration of influenza H5N1 vaccine"/>
        </contains>
        <contains>
            <system value="http://snomed.info/sct"/>
            <code value="515321000000100"/>
            <display value="CELVAPAN - second influenza A (H1N1v) 2009 vaccination given"/>
        </contains>
        <contains>
            <system value="http://snomed.info/sct"/>
            <code value="202311000000108"/>
            <display value="Second pandemic influenza vaccination"/>
        </contains>
        <contains>
            <system value="http://snomed.info/sct"/>
            <code value="310308006"/>
            <display value="Administration of third dose of diphtheria and Haemophilus influenzae type B and pertussis and poliomyelitis and tetanus vaccine"/>
        </contains>
        <contains>
            <system value="http://snomed.info/sct"/>
            <code value="428741008"/>
            <display value="Administration of first dose of human papilloma virus vaccine"/>
        </contains>
        <contains>
            <system value="http://snomed.info/sct"/>
            <code value="85720009"/>
            <display value="Salmonella vaccination"/>
        </contains>
        <contains>
            <system value="http://snomed.info/sct"/>
            <code value="958421000000103"/>
            <display value="Third meningitis B vaccination given by other healthcare provider"/>
        </contains>
        <contains>
            <system value="http://snomed.info/sct"/>
            <code value="957581000000102"/>
            <display value="Meningitis B vaccination given by other healthcare provider"/>
        </contains>
        <contains>
            <system value="http://snomed.info/sct"/>
            <code value="170375005"/>
            <display value="Administration of fifth dose of hepatitis B vaccine"/>
        </contains>
        <contains>
            <system value="http://snomed.info/sct"/>
            <code value="957751000000103"/>
            <display value="Meningitis ACW &amp; Y vaccination given by other healthcare provider"/>
        </contains>
        <contains>
            <system value="http://snomed.info/sct"/>
            <code value="39361000119108"/>
            <display value="Meningococcus vaccination given"/>
        </contains>
        <contains>
            <system value="http://snomed.info/sct"/>
            <code value="379241000000107"/>
            <display value="Booster diphtheria tetanus and three component acellular pertussis, haemophilus influenzae type b, inactivated polio vaccination"/>
        </contains>
        <contains>
            <system value="http://snomed.info/sct"/>
            <code value="16290681000119103"/>
            <display value="Administration of diphtheria and acellular pertussis and inactivated poliomyelitis and tetanus vaccine"/>
        </contains>
        <contains>
            <system value="http://snomed.info/sct"/>
            <code value="310307001"/>
            <display value="Administration of second dose of diphtheria and Haemophilus influenzae type B and pertussis and poliomyelitis and tetanus vaccine"/>
        </contains>
        <contains>
            <system value="http://snomed.info/sct"/>
            <code value="310306005"/>
            <display value="Administration of first dose of diphtheria and Haemophilus influenzae type B and pertussis and poliomyelitis and tetanus vaccine"/>
        </contains>
        <contains>
            <system value="http://snomed.info/sct"/>
            <code value="866158005"/>
            <display value="Administration of first dose of diphtheria, pertussis, and tetanus vaccine"/>
        </contains>
        <contains>
            <system value="http://snomed.info/sct"/>
            <code value="399014008"/>
            <display value="Administration of diphtheria, pertussis, and tetanus vaccine"/>
        </contains>
        <contains>
            <system value="http://snomed.info/sct"/>
            <code value="717953009"/>
            <display value="Administration of Human papillomavirus 16 and 18 vaccine"/>
        </contains>
        <contains>
            <system value="http://snomed.info/sct"/>
            <code value="866159002"/>
            <display value="Administration of second dose of diphtheria, pertussis, and tetanus vaccine"/>
        </contains>
        <contains>
            <system value="http://snomed.info/sct"/>
            <code value="170373003"/>
            <display value="Administration of booster dose of hepatitis B vaccine"/>
        </contains>
        <contains>
            <system value="http://snomed.info/sct"/>
            <code value="417384007"/>
            <display value="Administration of second booster of low dose diphtheria and inactivated poliomyelitis and tetanus vaccine"/>
        </contains>
        <contains>
            <system value="http://snomed.info/sct"/>
            <code value="955701000000108"/>
            <display value="Seasonal influenza vaccination given while hospital inpatient"/>
        </contains>
        <contains>
            <system value="http://snomed.info/sct"/>
            <code value="170379004"/>
            <display value="Administration of second dose of hepatitis A vaccine"/>
        </contains>
        <contains>
            <system value="http://snomed.info/sct"/>
            <code value="170419008"/>
            <display value="Administration of second dose of poliomyelitis and tetanus vaccine"/>
        </contains>
        <contains>
            <system value="http://snomed.info/sct"/>
            <code value="16292731000119106"/>
            <display value="Administration of inactivated Japanese encephalitis virus adsorbed vaccine via intramuscular route"/>
        </contains>
        <contains>
            <system value="http://snomed.info/sct"/>
            <code value="16292691000119104"/>
            <display value="Administration of intramuscular inactivated Japanese encephalitis vaccine"/>
        </contains>
        <contains>
            <system value="http://snomed.info/sct"/>
            <code value="170418000"/>
            <display value="Administration of first dose of poliomyelitis and tetanus vaccine"/>
        </contains>
        <contains>
            <system value="http://snomed.info/sct"/>
            <code value="268499008"/>
            <display value="Administration of poliomyelitis and tetanus vaccine"/>
        </contains>
        <contains>
            <system value="http://snomed.info/sct"/>
            <code value="1066191000000107"/>
            <display value="Second inactivated seasonal influenza vaccination given by midwife"/>
        </contains>
        <contains>
            <system value="http://snomed.info/sct"/>
            <code value="957691000000104"/>
            <display value="Second meningitis ACW &amp; Y vaccination"/>
        </contains>
        <contains>
            <system value="http://snomed.info/sct"/>
            <code value="957561000000106"/>
            <display value="Fourth meningitis B vaccination"/>
        </contains>
        <contains>
            <system value="http://snomed.info/sct"/>
            <code value="170378007"/>
            <display value="Administration of first dose of paediatric hepatitis A vaccine"/>
        </contains>
        <contains>
            <system value="http://snomed.info/sct"/>
            <code value="359959008"/>
            <display value="Autogenous vaccination"/>
        </contains>
        <contains>
            <system value="http://snomed.info/sct"/>
            <code value="416923003"/>
            <display value="Administration of sixth dose of hepatitis B vaccine"/>
        </contains>
        <contains>
            <system value="http://snomed.info/sct"/>
            <code value="151061000119101"/>
            <display value="Tetanus toxoid vaccination given"/>
        </contains>
        <contains>
            <system value="http://snomed.info/sct"/>
            <code value="91223004"/>
            <display value="Emergency administration of vaccine during epidemic"/>
        </contains>
        <contains>
            <system value="http://snomed.info/sct"/>
            <code value="871909005"/>
            <display value="Administration of first dose of measles and mumps and rubella and varicella virus vaccine"/>
        </contains>
        <contains>
            <system value="http://snomed.info/sct"/>
            <code value="823371000000105"/>
            <display value="Administration of vaccine under patient specific direction"/>
        </contains>
        <contains>
            <system value="http://snomed.info/sct"/>
            <code value="283511000000105"/>
            <display value="Administration of vaccine"/>
        </contains>
        <contains>
            <system value="http://snomed.info/sct"/>
            <code value="170353008"/>
            <display value="Administration of first dose of poliomyelitis vaccine"/>
        </contains>
        <contains>
            <system value="http://snomed.info/sct"/>
            <code value="150971000119104"/>
            <display value="Measles, mumps and rubella vaccination given"/>
        </contains>
        <contains>
            <system value="http://snomed.info/sct"/>
            <code value="505001000000109"/>
            <display value="Measles mumps rubella catch-up vaccination"/>
        </contains>
        <contains>
            <system value="http://snomed.info/sct"/>
            <code value="170354002"/>
            <display value="Administration of second dose of poliomyelitis vaccine"/>
        </contains>
        <contains>
            <system value="http://snomed.info/sct"/>
            <code value="43961000119109"/>
            <display value="Pneumococcal 7-valent conjugate vaccination given"/>
        </contains>
        <contains>
            <system value="http://snomed.info/sct"/>
            <code value="170337005"/>
            <display value="Pneumococcal vaccination given"/>
        </contains>
        <contains>
            <system value="http://snomed.info/sct"/>
            <code value="955641000000103"/>
            <display value="Influenza vaccination given by other healthcare provider"/>
        </contains>
        <contains>
            <system value="http://snomed.info/sct"/>
            <code value="395179000"/>
            <display value="Administration of second dose of low dose diphtheria and tetanus vaccine"/>
        </contains>
        <contains>
            <system value="http://snomed.info/sct"/>
            <code value="313383003"/>
            <display value="Administration of fourth dose of diphtheria and Haemophilus influenzae type B and pertussis and poliomyelitis and tetanus vaccine"/>
        </contains>
        <contains>
            <system value="http://snomed.info/sct"/>
            <code value="891871000000108"/>
            <display value="Fourth rabies vaccination"/>
        </contains>
        <contains>
            <system value="http://snomed.info/sct"/>
            <code value="34631000"/>
            <display value="Administration of rabies vaccine"/>
        </contains>
        <contains>
            <system value="http://snomed.info/sct"/>
            <code value="9856004"/>
            <display value="Administration of tularaemia vaccine"/>
        </contains>
        <contains>
            <system value="http://snomed.info/sct"/>
            <code value="945831000000105"/>
            <display value="First intramuscular seasonal influenza vaccination given by other healthcare provider"/>
        </contains>
        <contains>
            <system value="http://snomed.info/sct"/>
            <code value="955651000000100"/>
            <display value="Seasonal influenza vaccination given by other healthcare provider"/>
        </contains>
        <contains>
            <system value="http://snomed.info/sct"/>
            <code value="170355001"/>
            <display value="Administration of third dose of poliomyelitis vaccine"/>
        </contains>
        <contains>
            <system value="http://snomed.info/sct"/>
            <code value="1037371000000101"/>
            <display value="Second inactivated seasonal influenza vaccination given by pharmacist"/>
        </contains>
        <contains>
            <system value="http://snomed.info/sct"/>
            <code value="170356000"/>
            <display value="Administration of booster dose of poliomyelitis vaccine"/>
        </contains>
        <contains>
            <system value="http://snomed.info/sct"/>
            <code value="394691002"/>
            <display value="Administration of booster dose of hepatitis A and typhoid vaccine"/>
        </contains>
        <contains>
            <system value="http://snomed.info/sct"/>
            <code value="314177003"/>
            <display value="Administration of hepatitis A and typhoid vaccine"/>
        </contains>
        <contains>
            <system value="http://snomed.info/sct"/>
            <code value="442333005"/>
            <display value="Administration of Influenza A virus subtype H1N1 antigen only vaccine product"/>
        </contains>
        <contains>
            <system value="http://snomed.info/sct"/>
            <code value="827179001"/>
            <display value="Administration of dengue vaccine"/>
        </contains>
        <contains>
            <system value="http://snomed.info/sct"/>
            <code value="170437009"/>
            <display value="Administration of booster dose of hepatitis A and B vaccine"/>
        </contains>
        <contains>
            <system value="http://snomed.info/sct"/>
            <code value="868276004"/>
            <display value="Administration of third dose of diphtheria and pertussis and poliomyelitis and tetanus vaccine"/>
        </contains>
        <contains>
            <system value="http://snomed.info/sct"/>
            <code value="170328005"/>
            <display value="Administration of third dose of pertussis vaccine"/>
        </contains>
        <contains>
            <system value="http://snomed.info/sct"/>
            <code value="314416009"/>
            <display value="Administration of third dose of meningitis C vaccine"/>
        </contains>
        <contains>
            <system value="http://snomed.info/sct"/>
            <code value="719596001"/>
            <display value="Administration of meningitis C vaccine"/>
        </contains>
        <contains>
            <system value="http://snomed.info/sct"/>
            <code value="170327000"/>
            <display value="Administration of second dose of pertussis vaccine"/>
        </contains>
        <contains>
            <system value="http://snomed.info/sct"/>
            <code value="871753009"/>
            <display value="Administration of third dose of paediatric hepatitis A vaccine"/>
        </contains>
        <contains>
            <system value="http://snomed.info/sct"/>
            <code value="243789007"/>
            <display value="Administration of hepatitis A vaccine"/>
        </contains>
        <contains>
            <system value="http://snomed.info/sct"/>
            <code value="170432003"/>
            <display value="Administration of pre-school booster dose of measles and mumps and rubella vaccine"/>
        </contains>
        <contains>
            <system value="http://snomed.info/sct"/>
            <code value="432636005"/>
            <display value="Administration of measles and mumps and rubella and varicella virus vaccine"/>
        </contains>
        <contains>
            <system value="http://snomed.info/sct"/>
            <code value="395665009"/>
            <display value="Administration of single dose of typhoid vaccine"/>
        </contains>
        <contains>
            <system value="http://snomed.info/sct"/>
            <code value="3509001"/>
            <display value="Streptococcus vaccination"/>
        </contains>
        <contains>
            <system value="http://snomed.info/sct"/>
            <code value="170392001"/>
            <display value="Leishmaniasis vaccination"/>
        </contains>
        <contains>
            <system value="http://snomed.info/sct"/>
            <code value="308141000000101"/>
            <display value="Primary immunisation - fifth dose"/>
        </contains>
        <contains>
            <system value="http://snomed.info/sct"/>
            <code value="308091000000107"/>
            <display value="Primary immunisation"/>
        </contains>
        <contains>
            <system value="http://snomed.info/sct"/>
            <code value="429396009"/>
            <display value="Administration of second dose of human papilloma virus vaccine"/>
        </contains>
        <contains>
            <system value="http://snomed.info/sct"/>
            <code value="170436000"/>
            <display value="Administration of third dose of hepatitis A and B vaccine"/>
        </contains>
        <contains>
            <system value="http://snomed.info/sct"/>
            <code value="16298691000119102"/>
            <display value="Administration of meningococcus A, C, W135 and Y capsular oligosaccharide conjugated vaccine"/>
        </contains>
        <contains>
            <system value="http://snomed.info/sct"/>
            <code value="871874000"/>
            <display value="Administration of meningitis A, C, W135 and Y vaccine"/>
        </contains>
        <contains>
            <system value="http://snomed.info/sct"/>
            <code value="761841000"/>
            <display value="Administration of human papilloma virus vaccine"/>
        </contains>
        <contains>
            <system value="http://snomed.info/sct"/>
            <code value="314417000"/>
            <display value="Administration of meningitis A and C vaccine"/>
        </contains>
        <contains>
            <system value="http://snomed.info/sct"/>
            <code value="151111000119100"/>
            <display value="Yellow fever vaccination given"/>
        </contains>
        <contains>
            <system value="http://snomed.info/sct"/>
            <code value="1066181000000105"/>
            <display value="First inactivated seasonal influenza vaccination given by midwife"/>
        </contains>
        <contains>
            <system value="http://snomed.info/sct"/>
            <code value="1066171000000108"/>
            <display value="Seasonal influenza vaccination given by midwife"/>
        </contains>
        <contains>
            <system value="http://snomed.info/sct"/>
            <code value="868277008"/>
            <display value="Administration of first dose of diphtheria and pertussis and poliomyelitis and tetanus vaccine"/>
        </contains>
        <contains>
            <system value="http://snomed.info/sct"/>
            <code value="865101000000105"/>
            <display value="Third hepatitis B junior vaccination"/>
        </contains>
        <contains>
            <system value="http://snomed.info/sct"/>
            <code value="170372008"/>
            <display value="Administration of third dose of hepatitis B vaccine"/>
        </contains>
        <contains>
            <system value="http://snomed.info/sct"/>
            <code value="16584000"/>
            <display value="Administration of hepatitis B vaccine"/>
        </contains>
        <contains>
            <system value="http://snomed.info/sct"/>
            <code value="417615007"/>
            <display value="Second low dose diphtheria, tetanus and inactivated polio vaccination"/>
        </contains>
        <contains>
            <system value="http://snomed.info/sct"/>
            <code value="414619005"/>
            <display value="Administration of low dose diphtheria and inactivated poliomyelitis and tetanus vaccine"/>
        </contains>
        <contains>
            <system value="http://snomed.info/sct"/>
            <code value="414001002"/>
            <display value="Administration of diphtheria and Haemophilus influenza B and five component acellular pertussis and inactivated poliomyelitis and tetanus vaccine"/>
        </contains>
        <contains>
            <system value="http://snomed.info/sct"/>
            <code value="312870000"/>
            <display value="Administration of diphtheria and Haemophilus influenzae type B and pertussis and poliomyelitis and tetanus vaccine"/>
        </contains>
        <contains>
            <system value="http://snomed.info/sct"/>
            <code value="286941000119101"/>
            <display value="Viral hepatitis A and B vaccination given"/>
        </contains>
        <contains>
            <system value="http://snomed.info/sct"/>
            <code value="170434002"/>
            <display value="Administration of first dose of hepatitis A and B vaccine"/>
        </contains>
        <contains>
            <system value="http://snomed.info/sct"/>
            <code value="308081000000105"/>
            <display value="Measles mumps and rubella vaccination - first dose"/>
        </contains>
        <contains>
            <system value="http://snomed.info/sct"/>
            <code value="871781000000105"/>
            <display value="Administration of second intranasal influenza vaccination"/>
        </contains>
        <contains>
            <system value="http://snomed.info/sct"/>
            <code value="787016008"/>
            <display value="Administration of influenza vaccine via nasal route"/>
        </contains>
        <contains>
            <system value="http://snomed.info/sct"/>
            <code value="428931000"/>
            <display value="Administration of third dose of human papilloma virus vaccine"/>
        </contains>
        <contains>
            <system value="http://snomed.info/sct"/>
            <code value="865171000000102"/>
            <display value="Second combined paediatric hepatitis A and B vaccination"/>
        </contains>
        <contains>
            <system value="http://snomed.info/sct"/>
            <code value="170435001"/>
            <display value="Administration of second dose of hepatitis A and B vaccine"/>
        </contains>
        <contains>
            <system value="http://snomed.info/sct"/>
            <code value="312868009"/>
            <display value="Administration of hepatitis A and B vaccine"/>
        </contains>
        <contains>
            <system value="http://snomed.info/sct"/>
            <code value="170433008"/>
            <display value="Administration of second dose of measles and mumps and rubella vaccine"/>
        </contains>
        <contains>
            <system value="http://snomed.info/sct"/>
            <code value="871754003"/>
            <display value="Administration of booster dose of paediatric hepatitis A vaccine"/>
        </contains>
        <contains>
            <system value="http://snomed.info/sct"/>
            <code value="1037351000000105"/>
            <display value="First inactivated seasonal influenza vaccination given by pharmacist"/>
        </contains>
        <contains>
            <system value="http://snomed.info/sct"/>
            <code value="955691000000108"/>
            <display value="Seasonal influenza vaccination given by pharmacist"/>
        </contains>
        <contains>
            <system value="http://snomed.info/sct"/>
            <code value="73701000119109"/>
            <display value="Influenza vaccination given"/>
        </contains>
        <contains>
            <system value="http://snomed.info/sct"/>
            <code value="314415008"/>
            <display value="Administration of second dose of meningitis C vaccine"/>
        </contains>
        <contains>
            <system value="http://snomed.info/sct"/>
            <code value="870670004"/>
            <display value="Preschool administration diphtheria, poliomyelitis, and tetanus vaccine"/>
        </contains>
        <contains>
            <system value="http://snomed.info/sct"/>
            <code value="866186002"/>
            <display value="Administration diphtheria, poliomyelitis, and tetanus vaccine"/>
        </contains>
        <contains>
            <system value="http://snomed.info/sct"/>
            <code value="871752004"/>
            <display value="Administration of second dose of paediatric hepatitis A vaccine"/>
        </contains>
        <contains>
            <system value="http://snomed.info/sct"/>
            <code value="46079006"/>
            <display value="Vaccination by injection gun"/>
        </contains>
        <contains>
            <system value="http://snomed.info/sct"/>
            <code value="170324007"/>
            <display value="Administration of low dose diphtheria vaccine"/>
        </contains>
        <contains>
            <system value="http://snomed.info/sct"/>
            <code value="843231000000104"/>
            <display value="Oral typhoid vaccination"/>
        </contains>
        <contains>
            <system value="http://snomed.info/sct"/>
            <code value="15483003"/>
            <display value="Administration of typhoid vaccine"/>
        </contains>
        <contains>
            <system value="http://snomed.info/sct"/>
            <code value="83798008"/>
            <display value="Paratyphoid fever vaccination"/>
        </contains>
        <contains>
            <system value="http://snomed.info/sct"/>
            <code value="30338008"/>
            <display value="Typhus vaccination"/>
        </contains>
        <contains>
            <system value="http://snomed.info/sct"/>
            <code value="47435007"/>
            <display value="Administration of measles vaccine"/>
        </contains>
        <contains>
            <system value="http://snomed.info/sct"/>
            <code value="572481000119103"/>
            <display value="Administration of live attenuated measles vaccine"/>
        </contains>
        <contains>
            <system value="http://snomed.info/sct"/>
            <code value="170326009"/>
            <display value="Administration of first dose of pertussis vaccine"/>
        </contains>
        <contains>
            <system value="http://snomed.info/sct"/>
            <code value="39343008"/>
            <display value="Administration of pertussis vaccine"/>
        </contains>
        <contains>
            <system value="http://snomed.info/sct"/>
            <code value="43941000119105"/>
            <display value="Viral hepatitis A vaccination given"/>
        </contains>
        <contains>
            <system value="http://snomed.info/sct"/>
            <code value="516301000000101"/>
            <display value="Recombinant meningococcal group B and outer membrane vesicle vaccination"/>
        </contains>
        <contains>
            <system value="http://snomed.info/sct"/>
            <code value="868274001"/>
            <display value="Administration of second dose of diphtheria and pertussis and poliomyelitis and tetanus vaccine"/>
        </contains>
        <contains>
            <system value="http://snomed.info/sct"/>
            <code value="868273007"/>
            <display value="Administration of diphtheria and pertussis and poliomyelitis and tetanus vaccine"/>
        </contains>
        <contains>
            <system value="http://snomed.info/sct"/>
            <code value="314414007"/>
            <display value="Administration of first dose of meningitis C vaccine"/>
        </contains>
        <contains>
            <system value="http://snomed.info/sct"/>
            <code value="170431005"/>
            <display value="Administration of booster dose of measles and mumps and rubella vaccine"/>
        </contains>
        <contains>
            <system value="http://snomed.info/sct"/>
            <code value="38598009"/>
            <display value="Administration of measles and mumps and rubella vaccine"/>
        </contains>
        <contains>
            <system value="http://snomed.info/sct"/>
            <code value="170430006"/>
            <display value="3rd HiB and DTP vaccine given"/>
        </contains>
        <contains>
            <system value="http://snomed.info/sct"/>
            <code value="921761000000109"/>
            <display value="Booster yellow fever vaccination"/>
        </contains>
        <contains>
            <system value="http://snomed.info/sct"/>
            <code value="283451000000105"/>
            <display value="Subcutaneous injection of vaccine"/>
        </contains>
        <contains>
            <system value="http://snomed.info/sct"/>
            <code value="427633002"/>
            <display value="Intravenous injection of vaccine"/>
        </contains>
        <contains>
            <system value="http://snomed.info/sct"/>
            <code value="957541000000105"/>
            <display value="Third meningitis B vaccination"/>
        </contains>
        <contains>
            <system value="http://snomed.info/sct"/>
            <code value="41088001"/>
            <display value="Administration of Meningococcus vaccine"/>
        </contains>
        <contains>
            <system value="http://snomed.info/sct"/>
            <code value="770608009"/>
            <display value="Administration of diphtheria and Haemophilus influenzae type B and hepatitis B and pertussis and tetanus vaccine"/>
        </contains>
        <contains>
            <system value="http://snomed.info/sct"/>
            <code value="312872008"/>
            <display value="Administration of bacterial and viral vaccine"/>
        </contains>
        <contains>
            <system value="http://snomed.info/sct"/>
            <code value="170323001"/>
            <display value="Administration of booster dose of diphtheria vaccine"/>
        </contains>
        <contains>
            <system value="http://snomed.info/sct"/>
            <code value="359953009"/>
            <display value="Booster vaccination"/>
        </contains>
        <contains>
            <system value="http://snomed.info/sct"/>
            <code value="884821000000108"/>
            <display value="Administration of first intranasal pandemic influenza vaccination"/>
        </contains>
        <contains>
            <system value="http://snomed.info/sct"/>
            <code value="202301000000106"/>
            <display value="First pandemic influenza vaccination"/>
        </contains>
        <contains>
            <system value="http://snomed.info/sct"/>
            <code value="86198006"/>
            <display value="Administration of influenza vaccine"/>
        </contains>
        <contains>
            <system value="http://snomed.info/sct"/>
            <code value="713404003"/>
            <display value="Vaccination given"/>
        </contains>
        <contains>
            <system value="http://snomed.info/sct"/>
            <code value="170322006"/>
            <display value="Administration of third dose of diphtheria vaccine"/>
        </contains>
        <contains>
            <system value="http://snomed.info/sct"/>
            <code value="170321004"/>
            <display value="Administration of second dose of diphtheria vaccine"/>
        </contains>
        <contains>
            <system value="http://snomed.info/sct"/>
            <code value="76668005"/>
            <display value="Administration of diphtheria vaccine"/>
        </contains>
        <contains>
            <system value="http://snomed.info/sct"/>
            <code value="312871001"/>
            <display value="Administration of bacterial vaccine"/>
        </contains>
        <contains>
            <system value="http://snomed.info/sct"/>
            <code value="722215002"/>
            <display value="Administration of Varicella-zoster vaccine for shingles"/>
        </contains>
        <contains>
            <system value="http://snomed.info/sct"/>
            <code value="767634004"/>
            <display value="Administration of Varicella-zoster vaccine"/>
        </contains>
        <contains>
            <system value="http://snomed.info/sct"/>
            <code value="49083007"/>
            <display value="Administration of viral vaccine"/>
        </contains>
        <contains>
            <system value="http://snomed.info/sct"/>
            <code value="33879002"/>
            <display value="Active immunisation"/>
        </contains>
    </expansion>
</ValueSet>