<?xml version="1.0" encoding="UTF-8"?>
<ValueSet xmlns="http://hl7.org/fhir">
    <id value="England-OperationOutcomeCodes"/>
    <url value="https://fhir.nhs.uk/ValueSet/England-OperationOutcomeCodes"/>
    <version value="1.0.0" />
    <name value="EnglandOperationOutcomeCodes" />
    <title value="England OperationOutcome Codes" />
    <status value="draft" />
    <date value="2023-06-01" />
    <publisher value="NHS England" />
    <contact>
    <name value="NHS England" />
    <telecom>
      <system value="email" />
      <value value="interoperabilityteam@nhs.net" />
      <use value="work" />
      <rank value="1" />
    </telecom>
    </contact>
    <description value="A ValueSet that identifies the Spine error or warning code in response to a request" />
    <copyright value="&quot;Copyright © 2021+ HL7 UK Licensed under the Apache License, Version 2.0 (the \&quot;License\&quot;); you may not use this file except in compliance with the License. You may obtain a copy of the License at  http://www.apache.org/licenses/LICENSE-2.0 Unless required by applicable law or agreed to in writing, software distributed under the License is distributed on an \&quot;AS IS\&quot; BASIS, WITHOUT WARRANTIES OR CONDITIONS OF ANY KIND, either express or implied. See the License for the specific language governing permissions and limitations under the License. HL7® FHIR® standard Copyright © 2011+ HL7 The HL7® FHIR® standard is used under the FHIR license. You may obtain a copy of the FHIR license at  https://www.hl7.org/fhir/license.html.&quot;," />
    <compose>
        <include>
            <system value="https://fhir.nhs.uk/CodeSystem/England-SpineErrorOrWarningCode"/>
            <version value="2.1.0"/>
        </include>
        <include>
            <system value="https://fhir.nhs.uk/CodeSystem/EPS-IssueCode"/>
            <version value="17.22"/>
        </include>
        <include>
            <system value="https://fhir.nhs.uk/CodeSystem/NHSD-API-ErrorOrWarningCode"/>
            <version value="0.3.0"/>
        </include>
        <include>
            <system value="https://fhir.nhs.uk/CodeSystem/http-error-codes"/>
            <version value="1.0.0"/>
        </include>
        <include>
            <system value="https://fhir.nhs.uk/CodeSystem/ers-error-codes"/>
        </include>
    </compose>
</ValueSet>